team_id,calendar_week,week_index,adoption_week,treated,post_period,event_time,team_size,baseline_complexity,baseline_junior_mix,manager_quality,total_merged_prs,total_completed_tickets,total_output,junior_merged_prs,junior_completed_tickets,junior_output,junior_merged_pr_share,junior_ticket_share,junior_output_share,analysis_sample
T001,2025-01-06,1,,0,0,,6,0.09493329250506864,0.6469840978798096,4.002375604502295,4,15,19,4,15,19,1.0,1.0,1.0,1
T001,2025-01-13,2,,0,0,,6,0.09493329250506864,0.6469840978798096,4.002375604502295,21,16,37,21,16,37,1.0,1.0,1.0,1
T001,2025-01-20,3,,0,0,,6,0.09493329250506864,0.6469840978798096,4.002375604502295,11,12,23,11,11,22,1.0,0.9166666666666666,0.9565217391304348,1
T001,2025-01-27,4,,0,0,,6,0.09493329250506864,0.6469840978798096,4.002375604502295,8,11,19,8,9,17,1.0,0.8181818181818182,0.8947368421052632,1
T001,2025-02-03,5,,0,0,,6,0.09493329250506864,0.6469840978798096,4.002375604502295,11,16,27,11,16,27,1.0,1.0,1.0,1
T001,2025-02-10,6,,0,0,,6,0.09493329250506864,0.6469840978798096,4.002375604502295,8,10,18,8,10,18,1.0,1.0,1.0,1
T001,2025-02-17,7,,0,0,,6,0.09493329250506864,0.6469840978798096,4.002375604502295,10,11,21,10,11,21,1.0,1.0,1.0,1
T001,2025-02-24,8,,0,0,,6,0.09493329250506864,0.6469840978798096,4.002375604502295,19,21,40,19,21,40,1.0,1.0,1.0,1
T001,2025-03-03,9,,0,0,,6,0.09493329250506864,0.6469840978798096,4.002375604502295,16,16,32,15,15,30,0.9375,0.9375,0.9375,1
T001,2025-03-10,10,,0,0,,6,0.09493329250506864,0.6469840978798096,4.002375604502295,16,21,37,16,21,37,1.0,1.0,1.0,1
T001,2025-03-17,11,,0,0,,6,0.09493329250506864,0.6469840978798096,4.002375604502295,6,11,17,6,10,16,1.0,0.9090909090909091,0.9411764705882353,1
T001,2025-03-24,12,,0,0,,6,0.09493329250506864,0.6469840978798096,4.002375604502295,10,11,21,7,11,18,0.7,1.0,0.8571428571428571,1
T001,2025-03-31,13,,0,0,,6,0.09493329250506864,0.6469840978798096,4.002375604502295,6,14,20,5,13,18,0.8333333333333334,0.9285714285714286,0.9,1
T001,2025-04-07,14,,0,0,,6,0.09493329250506864,0.6469840978798096,4.002375604502295,17,16,33,15,16,31,0.8823529411764706,1.0,0.9393939393939394,1
T001,2025-04-14,15,,0,0,,6,0.09493329250506864,0.6469840978798096,4.002375604502295,12,20,32,11,20,31,0.9166666666666666,1.0,0.96875,1
T001,2025-04-21,16,,0,0,,6,0.09493329250506864,0.6469840978798096,4.002375604502295,9,9,18,9,9,18,1.0,1.0,1.0,1
T001,2025-04-28,17,,0,0,,6,0.09493329250506864,0.6469840978798096,4.002375604502295,14,19,33,12,16,28,0.8571428571428571,0.8421052631578947,0.8484848484848485,1
T001,2025-05-05,18,,0,0,,6,0.09493329250506864,0.6469840978798096,4.002375604502295,11,17,28,11,16,27,1.0,0.9411764705882353,0.9642857142857143,1
T001,2025-05-12,19,,0,0,,6,0.09493329250506864,0.6469840978798096,4.002375604502295,16,28,44,14,26,40,0.875,0.9285714285714286,0.9090909090909091,1
T001,2025-05-19,20,,0,0,,6,0.09493329250506864,0.6469840978798096,4.002375604502295,16,19,35,14,19,33,0.875,1.0,0.9428571428571428,1
T001,2025-05-26,21,,0,0,,6,0.09493329250506864,0.6469840978798096,4.002375604502295,8,18,26,7,17,24,0.875,0.9444444444444444,0.9230769230769231,1
T001,2025-06-02,22,,0,0,,6,0.09493329250506864,0.6469840978798096,4.002375604502295,5,10,15,5,10,15,1.0,1.0,1.0,1
T001,2025-06-09,23,,0,0,,6,0.09493329250506864,0.6469840978798096,4.002375604502295,9,20,29,9,18,27,1.0,0.9,0.9310344827586207,1
T001,2025-06-16,24,,0,0,,6,0.09493329250506864,0.6469840978798096,4.002375604502295,12,14,26,12,14,26,1.0,1.0,1.0,1
T001,2025-06-23,25,,0,0,,6,0.09493329250506864,0.6469840978798096,4.002375604502295,9,6,15,8,6,14,0.8888888888888888,1.0,0.9333333333333333,1
T001,2025-06-30,26,,0,0,,6,0.09493329250506864,0.6469840978798096,4.002375604502295,5,8,13,5,8,13,1.0,1.0,1.0,1
T001,2025-07-07,27,,0,0,,6,0.09493329250506864,0.6469840978798096,4.002375604502295,5,18,23,5,17,22,1.0,0.9444444444444444,0.9565217391304348,1
T001,2025-07-14,28,,0,0,,6,0.09493329250506864,0.6469840978798096,4.002375604502295,9,13,22,9,13,22,1.0,1.0,1.0,1
T001,2025-07-21,29,,0,0,,6,0.09493329250506864,0.6469840978798096,4.002375604502295,16,21,37,14,21,35,0.875,1.0,0.9459459459459459,1
T001,2025-07-28,30,,0,0,,6,0.09493329250506864,0.6469840978798096,4.002375604502295,8,25,33,8,24,32,1.0,0.96,0.9696969696969697,1
T002,2025-01-06,1,,0,0,,7,0.3442931747103893,0.2990369036480529,0.3598962007733057,10,10,20,7,7,14,0.7,0.7,0.7,1
T002,2025-01-13,2,,0,0,,7,0.3442931747103893,0.2990369036480529,0.3598962007733057,8,9,17,7,6,13,0.875,0.6666666666666666,0.7647058823529411,1
T002,2025-01-20,3,,0,0,,7,0.3442931747103893,0.2990369036480529,0.3598962007733057,7,4,11,5,3,8,0.7142857142857143,0.75,0.7272727272727273,1
T002,2025-01-27,4,,0,0,,7,0.3442931747103893,0.2990369036480529,0.3598962007733057,6,10,16,5,7,12,0.8333333333333334,0.7,0.75,1
T002,2025-02-03,5,,0,0,,7,0.3442931747103893,0.2990369036480529,0.3598962007733057,3,5,8,3,4,7,1.0,0.8,0.875,1
T002,2025-02-10,6,,0,0,,7,0.3442931747103893,0.2990369036480529,0.3598962007733057,5,9,14,5,5,10,1.0,0.5555555555555556,0.7142857142857143,1
T002,2025-02-17,7,,0,0,,7,0.3442931747103893,0.2990369036480529,0.3598962007733057,6,5,11,4,4,8,0.6666666666666666,0.8,0.7272727272727273,1
T002,2025-02-24,8,,0,0,,7,0.3442931747103893,0.2990369036480529,0.3598962007733057,3,5,8,1,5,6,0.3333333333333333,1.0,0.75,1
T002,2025-03-03,9,,0,0,,7,0.3442931747103893,0.2990369036480529,0.3598962007733057,6,4,10,5,3,8,0.8333333333333334,0.75,0.8,1
T002,2025-03-10,10,,0,0,,7,0.3442931747103893,0.2990369036480529,0.3598962007733057,5,5,10,3,3,6,0.6,0.6,0.6,1
T002,2025-03-17,11,,0,0,,7,0.3442931747103893,0.2990369036480529,0.3598962007733057,2,4,6,2,3,5,1.0,0.75,0.8333333333333334,1
T002,2025-03-24,12,,0,0,,7,0.3442931747103893,0.2990369036480529,0.3598962007733057,6,10,16,5,9,14,0.8333333333333334,0.9,0.875,1
T002,2025-03-31,13,,0,0,,7,0.3442931747103893,0.2990369036480529,0.3598962007733057,5,2,7,3,1,4,0.6,0.5,0.5714285714285714,1
T002,2025-04-07,14,,0,0,,7,0.3442931747103893,0.2990369036480529,0.3598962007733057,8,7,15,5,5,10,0.625,0.7142857142857143,0.6666666666666666,1
T002,2025-04-14,15,,0,0,,7,0.3442931747103893,0.2990369036480529,0.3598962007733057,3,4,7,3,3,6,1.0,0.75,0.8571428571428571,1
T002,2025-04-21,16,,0,0,,7,0.3442931747103893,0.2990369036480529,0.3598962007733057,7,6,13,5,4,9,0.7142857142857143,0.6666666666666666,0.6923076923076923,1
T002,2025-04-28,17,,0,0,,7,0.3442931747103893,0.2990369036480529,0.3598962007733057,3,5,8,3,5,8,1.0,1.0,1.0,1
T002,2025-05-05,18,,0,0,,7,0.3442931747103893,0.2990369036480529,0.3598962007733057,3,6,9,3,6,9,1.0,1.0,1.0,1
T002,2025-05-12,19,,0,0,,7,0.3442931747103893,0.2990369036480529,0.3598962007733057,6,7,13,5,5,10,0.8333333333333334,0.7142857142857143,0.7692307692307693,1
T002,2025-05-19,20,,0,0,,7,0.3442931747103893,0.2990369036480529,0.3598962007733057,10,3,13,6,3,9,0.6,1.0,0.6923076923076923,1
T002,2025-05-26,21,,0,0,,7,0.3442931747103893,0.2990369036480529,0.3598962007733057,11,9,20,7,8,15,0.6363636363636364,0.8888888888888888,0.75,1
T002,2025-06-02,22,,0,0,,7,0.3442931747103893,0.2990369036480529,0.3598962007733057,3,4,7,2,4,6,0.6666666666666666,1.0,0.8571428571428571,1
T002,2025-06-09,23,,0,0,,7,0.3442931747103893,0.2990369036480529,0.3598962007733057,4,3,7,2,2,4,0.5,0.6666666666666666,0.5714285714285714,1
T002,2025-06-16,24,,0,0,,7,0.3442931747103893,0.2990369036480529,0.3598962007733057,4,11,15,3,7,10,0.75,0.6363636363636364,0.6666666666666666,1
T002,2025-06-23,25,,0,0,,7,0.3442931747103893,0.2990369036480529,0.3598962007733057,2,7,9,2,7,9,1.0,1.0,1.0,1
T002,2025-06-30,26,,0,0,,7,0.3442931747103893,0.2990369036480529,0.3598962007733057,4,9,13,4,8,12,1.0,0.8888888888888888,0.9230769230769231,1
T002,2025-07-07,27,,0,0,,7,0.3442931747103893,0.2990369036480529,0.3598962007733057,6,4,10,3,3,6,0.5,0.75,0.6,1
T002,2025-07-14,28,,0,0,,7,0.3442931747103893,0.2990369036480529,0.3598962007733057,3,7,10,3,7,10,1.0,1.0,1.0,1
T002,2025-07-21,29,,0,0,,7,0.3442931747103893,0.2990369036480529,0.3598962007733057,2,4,6,0,2,2,0.0,0.5,0.3333333333333333,1
T002,2025-07-28,30,,0,0,,7,0.3442931747103893,0.2990369036480529,0.3598962007733057,7,10,17,6,9,15,0.8571428571428571,0.9,0.8823529411764706,1
T003,2025-01-06,1,12.0,0,0,-11.0,7,0.5942567213114094,0.27834669103487863,-1.6675926348932537,1,2,3,1,2,3,1.0,1.0,1.0,1
T003,2025-01-13,2,12.0,0,0,-10.0,7,0.5942567213114094,0.27834669103487863,-1.6675926348932537,2,3,5,2,2,4,1.0,0.6666666666666666,0.8,1
T003,2025-01-20,3,12.0,0,0,-9.0,7,0.5942567213114094,0.27834669103487863,-1.6675926348932537,3,12,15,3,9,12,1.0,0.75,0.8,1
T003,2025-01-27,4,12.0,0,0,-8.0,7,0.5942567213114094,0.27834669103487863,-1.6675926348932537,5,5,10,5,4,9,1.0,0.8,0.9,1
T003,2025-02-03,5,12.0,0,0,-7.0,7,0.5942567213114094,0.27834669103487863,-1.6675926348932537,2,2,4,2,2,4,1.0,1.0,1.0,1
T003,2025-02-10,6,12.0,0,0,-6.0,7,0.5942567213114094,0.27834669103487863,-1.6675926348932537,2,3,5,2,3,5,1.0,1.0,1.0,1
T003,2025-02-17,7,12.0,0,0,-5.0,7,0.5942567213114094,0.27834669103487863,-1.6675926348932537,3,5,8,2,4,6,0.6666666666666666,0.8,0.75,1
T003,2025-02-24,8,12.0,0,0,-4.0,7,0.5942567213114094,0.27834669103487863,-1.6675926348932537,5,3,8,2,3,5,0.4,1.0,0.625,1
T003,2025-03-03,9,12.0,0,0,-3.0,7,0.5942567213114094,0.27834669103487863,-1.6675926348932537,2,5,7,2,4,6,1.0,0.8,0.8571428571428571,1
T003,2025-03-10,10,12.0,0,0,-2.0,7,0.5942567213114094,0.27834669103487863,-1.6675926348932537,5,2,7,3,2,5,0.6,1.0,0.7142857142857143,1
T003,2025-03-17,11,12.0,0,0,-1.0,7,0.5942567213114094,0.27834669103487863,-1.6675926348932537,5,0,5,4,0,4,0.8,,0.8,1
T003,2025-03-24,12,12.0,1,1,0.0,7,0.5942567213114094,0.27834669103487863,-1.6675926348932537,7,5,12,4,5,9,0.5714285714285714,1.0,0.75,1
T003,2025-03-31,13,12.0,1,1,1.0,7,0.5942567213114094,0.27834669103487863,-1.6675926348932537,3,4,7,2,2,4,0.6666666666666666,0.5,0.5714285714285714,1
T003,2025-04-07,14,12.0,1,1,2.0,7,0.5942567213114094,0.27834669103487863,-1.6675926348932537,5,2,7,5,2,7,1.0,1.0,1.0,1
T003,2025-04-14,15,12.0,1,1,3.0,7,0.5942567213114094,0.27834669103487863,-1.6675926348932537,1,6,7,0,4,4,0.0,0.6666666666666666,0.5714285714285714,1
T003,2025-04-21,16,12.0,1,1,4.0,7,0.5942567213114094,0.27834669103487863,-1.6675926348932537,8,4,12,7,3,10,0.875,0.75,0.8333333333333334,1
T003,2025-04-28,17,12.0,1,1,5.0,7,0.5942567213114094,0.27834669103487863,-1.6675926348932537,2,2,4,2,2,4,1.0,1.0,1.0,1
T003,2025-05-05,18,12.0,1,1,6.0,7,0.5942567213114094,0.27834669103487863,-1.6675926348932537,5,5,10,4,3,7,0.8,0.6,0.7,1
T003,2025-05-12,19,12.0,1,1,7.0,7,0.5942567213114094,0.27834669103487863,-1.6675926348932537,3,3,6,3,3,6,1.0,1.0,1.0,1
T003,2025-05-19,20,12.0,1,1,8.0,7,0.5942567213114094,0.27834669103487863,-1.6675926348932537,1,2,3,1,1,2,1.0,0.5,0.6666666666666666,1
T003,2025-05-26,21,12.0,1,1,9.0,7,0.5942567213114094,0.27834669103487863,-1.6675926348932537,1,3,4,1,3,4,1.0,1.0,1.0,1
T003,2025-06-02,22,12.0,1,1,10.0,7,0.5942567213114094,0.27834669103487863,-1.6675926348932537,5,8,13,3,8,11,0.6,1.0,0.8461538461538461,1
T003,2025-06-09,23,12.0,1,1,11.0,7,0.5942567213114094,0.27834669103487863,-1.6675926348932537,1,1,2,1,1,2,1.0,1.0,1.0,0
T003,2025-06-16,24,12.0,1,1,12.0,7,0.5942567213114094,0.27834669103487863,-1.6675926348932537,5,9,14,5,8,13,1.0,0.8888888888888888,0.9285714285714286,1
T003,2025-06-23,25,12.0,1,1,13.0,7,0.5942567213114094,0.27834669103487863,-1.6675926348932537,3,9,12,2,8,10,0.6666666666666666,0.8888888888888888,0.8333333333333334,1
T003,2025-06-30,26,12.0,1,1,14.0,7,0.5942567213114094,0.27834669103487863,-1.6675926348932537,5,5,10,4,5,9,0.8,1.0,0.9,1
T003,2025-07-07,27,12.0,1,1,15.0,7,0.5942567213114094,0.27834669103487863,-1.6675926348932537,1,6,7,1,4,5,1.0,0.6666666666666666,0.7142857142857143,1
T003,2025-07-14,28,12.0,1,1,16.0,7,0.5942567213114094,0.27834669103487863,-1.6675926348932537,3,7,10,3,6,9,1.0,0.8571428571428571,0.9,1
T003,2025-07-21,29,12.0,1,1,17.0,7,0.5942567213114094,0.27834669103487863,-1.6675926348932537,4,5,9,3,2,5,0.75,0.4,0.5555555555555556,1
T003,2025-07-28,30,12.0,1,1,18.0,7,0.5942567213114094,0.27834669103487863,-1.6675926348932537,4,3,7,4,3,7,1.0,1.0,1.0,1
T004,2025-01-06,1,10.0,0,0,-9.0,7,0.6930398068559801,0.47709025680788975,-0.7391213186632657,4,13,17,4,12,16,1.0,0.9230769230769231,0.9411764705882353,1
T004,2025-01-13,2,10.0,0,0,-8.0,7,0.6930398068559801,0.47709025680788975,-0.7391213186632657,5,4,9,5,2,7,1.0,0.5,0.7777777777777778,1
T004,2025-01-20,3,10.0,0,0,-7.0,7,0.6930398068559801,0.47709025680788975,-0.7391213186632657,2,5,7,1,4,5,0.5,0.8,0.7142857142857143,1
T004,2025-01-27,4,10.0,0,0,-6.0,7,0.6930398068559801,0.47709025680788975,-0.7391213186632657,6,7,13,5,6,11,0.8333333333333334,0.8571428571428571,0.8461538461538461,1
T004,2025-02-03,5,10.0,0,0,-5.0,7,0.6930398068559801,0.47709025680788975,-0.7391213186632657,5,5,10,5,4,9,1.0,0.8,0.9,1
T004,2025-02-10,6,10.0,0,0,-4.0,7,0.6930398068559801,0.47709025680788975,-0.7391213186632657,0,5,5,0,4,4,,0.8,0.8,1
T004,2025-02-17,7,10.0,0,0,-3.0,7,0.6930398068559801,0.47709025680788975,-0.7391213186632657,5,4,9,4,3,7,0.8,0.75,0.7777777777777778,1
T004,2025-02-24,8,10.0,0,0,-2.0,7,0.6930398068559801,0.47709025680788975,-0.7391213186632657,2,8,10,2,6,8,1.0,0.75,0.8,1
T004,2025-03-03,9,10.0,0,0,-1.0,7,0.6930398068559801,0.47709025680788975,-0.7391213186632657,4,7,11,3,6,9,0.75,0.8571428571428571,0.8181818181818182,1
T004,2025-03-10,10,10.0,1,1,0.0,7,0.6930398068559801,0.47709025680788975,-0.7391213186632657,6,3,9,5,2,7,0.8333333333333334,0.6666666666666666,0.7777777777777778,1
T004,2025-03-17,11,10.0,1,1,1.0,7,0.6930398068559801,0.47709025680788975,-0.7391213186632657,6,5,11,4,4,8,0.6666666666666666,0.8,0.7272727272727273,1
T004,2025-03-24,12,10.0,1,1,2.0,7,0.6930398068559801,0.47709025680788975,-0.7391213186632657,3,6,9,2,4,6,0.6666666666666666,0.6666666666666666,0.6666666666666666,1
T004,2025-03-31,13,10.0,1,1,3.0,7,0.6930398068559801,0.47709025680788975,-0.7391213186632657,9,3,12,9,3,12,1.0,1.0,1.0,1
T004,2025-04-07,14,10.0,1,1,4.0,7,0.6930398068559801,0.47709025680788975,-0.7391213186632657,4,6,10,3,6,9,0.75,1.0,0.9,1
T004,2025-04-14,15,10.0,1,1,5.0,7,0.6930398068559801,0.47709025680788975,-0.7391213186632657,6,6,12,6,6,12,1.0,1.0,1.0,1
T004,2025-04-21,16,10.0,1,1,6.0,7,0.6930398068559801,0.47709025680788975,-0.7391213186632657,2,1,3,2,1,3,1.0,1.0,1.0,1
T004,2025-04-28,17,10.0,1,1,7.0,7,0.6930398068559801,0.47709025680788975,-0.7391213186632657,3,4,7,3,4,7,1.0,1.0,1.0,1
T004,2025-05-05,18,10.0,1,1,8.0,7,0.6930398068559801,0.47709025680788975,-0.7391213186632657,0,6,6,0,6,6,,1.0,1.0,1
T004,2025-05-12,19,10.0,1,1,9.0,7,0.6930398068559801,0.47709025680788975,-0.7391213186632657,2,0,2,2,0,2,1.0,,1.0,0
T004,2025-05-19,20,10.0,1,1,10.0,7,0.6930398068559801,0.47709025680788975,-0.7391213186632657,4,3,7,3,3,6,0.75,1.0,0.8571428571428571,1
T004,2025-05-26,21,10.0,1,1,11.0,7,0.6930398068559801,0.47709025680788975,-0.7391213186632657,5,7,12,4,5,9,0.8,0.7142857142857143,0.75,1
T004,2025-06-02,22,10.0,1,1,12.0,7,0.6930398068559801,0.47709025680788975,-0.7391213186632657,2,6,8,2,6,8,1.0,1.0,1.0,1
T004,2025-06-09,23,10.0,1,1,13.0,7,0.6930398068559801,0.47709025680788975,-0.7391213186632657,4,8,12,3,8,11,0.75,1.0,0.9166666666666666,1
T004,2025-06-16,24,10.0,1,1,14.0,7,0.6930398068559801,0.47709025680788975,-0.7391213186632657,1,8,9,1,8,9,1.0,1.0,1.0,1
T004,2025-06-23,25,10.0,1,1,15.0,7,0.6930398068559801,0.47709025680788975,-0.7391213186632657,5,7,12,3,5,8,0.6,0.7142857142857143,0.6666666666666666,1
T004,2025-06-30,26,10.0,1,1,16.0,7,0.6930398068559801,0.47709025680788975,-0.7391213186632657,1,2,3,1,2,3,1.0,1.0,1.0,1
T004,2025-07-07,27,10.0,1,1,17.0,7,0.6930398068559801,0.47709025680788975,-0.7391213186632657,7,4,11,7,2,9,1.0,0.5,0.8181818181818182,1
T004,2025-07-14,28,10.0,1,1,18.0,7,0.6930398068559801,0.47709025680788975,-0.7391213186632657,1,3,4,1,3,4,1.0,1.0,1.0,1
T004,2025-07-21,29,10.0,1,1,19.0,7,0.6930398068559801,0.47709025680788975,-0.7391213186632657,5,5,10,3,4,7,0.6,0.8,0.7,1
T004,2025-07-28,30,10.0,1,1,20.0,7,0.6930398068559801,0.47709025680788975,-0.7391213186632657,5,4,9,3,4,7,0.6,1.0,0.7777777777777778,1
T005,2025-01-06,1,,0,0,,6,0.850562106754282,0.44637804926242053,2.0808109524542266,5,5,10,1,5,6,0.2,1.0,0.6,1
T005,2025-01-13,2,,0,0,,6,0.850562106754282,0.44637804926242053,2.0808109524542266,5,4,9,5,4,9,1.0,1.0,1.0,1
T005,2025-01-20,3,,0,0,,6,0.850562106754282,0.44637804926242053,2.0808109524542266,7,7,14,5,6,11,0.7142857142857143,0.8571428571428571,0.7857142857142857,1
T005,2025-01-27,4,,0,0,,6,0.850562106754282,0.44637804926242053,2.0808109524542266,7,9,16,5,8,13,0.7142857142857143,0.8888888888888888,0.8125,1
T005,2025-02-03,5,,0,0,,6,0.850562106754282,0.44637804926242053,2.0808109524542266,7,3,10,5,3,8,0.7142857142857143,1.0,0.8,1
T005,2025-02-10,6,,0,0,,6,0.850562106754282,0.44637804926242053,2.0808109524542266,10,9,19,9,8,17,0.9,0.8888888888888888,0.8947368421052632,1
T005,2025-02-17,7,,0,0,,6,0.850562106754282,0.44637804926242053,2.0808109524542266,6,4,10,2,2,4,0.3333333333333333,0.5,0.4,1
T005,2025-02-24,8,,0,0,,6,0.850562106754282,0.44637804926242053,2.0808109524542266,3,4,7,3,4,7,1.0,1.0,1.0,1
T005,2025-03-03,9,,0,0,,6,0.850562106754282,0.44637804926242053,2.0808109524542266,6,5,11,4,2,6,0.6666666666666666,0.4,0.5454545454545454,1
T005,2025-03-10,10,,0,0,,6,0.850562106754282,0.44637804926242053,2.0808109524542266,8,3,11,6,3,9,0.75,1.0,0.8181818181818182,1
T005,2025-03-17,11,,0,0,,6,0.850562106754282,0.44637804926242053,2.0808109524542266,4,4,8,3,3,6,0.75,0.75,0.75,1
T005,2025-03-24,12,,0,0,,6,0.850562106754282,0.44637804926242053,2.0808109524542266,7,6,13,4,4,8,0.5714285714285714,0.6666666666666666,0.6153846153846154,1
T005,2025-03-31,13,,0,0,,6,0.850562106754282,0.44637804926242053,2.0808109524542266,6,2,8,3,1,4,0.5,0.5,0.5,1
T005,2025-04-07,14,,0,0,,6,0.850562106754282,0.44637804926242053,2.0808109524542266,5,2,7,5,2,7,1.0,1.0,1.0,1
T005,2025-04-14,15,,0,0,,6,0.850562106754282,0.44637804926242053,2.0808109524542266,6,4,10,6,2,8,1.0,0.5,0.8,1
T005,2025-04-21,16,,0,0,,6,0.850562106754282,0.44637804926242053,2.0808109524542266,8,9,17,6,7,13,0.75,0.7777777777777778,0.7647058823529411,1
T005,2025-04-28,17,,0,0,,6,0.850562106754282,0.44637804926242053,2.0808109524542266,8,11,19,6,10,16,0.75,0.9090909090909091,0.8421052631578947,1
T005,2025-05-05,18,,0,0,,6,0.850562106754282,0.44637804926242053,2.0808109524542266,7,3,10,5,3,8,0.7142857142857143,1.0,0.8,1
T005,2025-05-12,19,,0,0,,6,0.850562106754282,0.44637804926242053,2.0808109524542266,1,5,6,0,5,5,0.0,1.0,0.8333333333333334,1
T005,2025-05-19,20,,0,0,,6,0.850562106754282,0.44637804926242053,2.0808109524542266,10,8,18,9,7,16,0.9,0.875,0.8888888888888888,1
T005,2025-05-26,21,,0,0,,6,0.850562106754282,0.44637804926242053,2.0808109524542266,9,14,23,6,12,18,0.6666666666666666,0.8571428571428571,0.782608695652174,1
T005,2025-06-02,22,,0,0,,6,0.850562106754282,0.44637804926242053,2.0808109524542266,5,7,12,4,6,10,0.8,0.8571428571428571,0.8333333333333334,1
T005,2025-06-09,23,,0,0,,6,0.850562106754282,0.44637804926242053,2.0808109524542266,8,16,24,4,10,14,0.5,0.625,0.5833333333333334,1
T005,2025-06-16,24,,0,0,,6,0.850562106754282,0.44637804926242053,2.0808109524542266,9,9,18,7,8,15,0.7777777777777778,0.8888888888888888,0.8333333333333334,1
T005,2025-06-23,25,,0,0,,6,0.850562106754282,0.44637804926242053,2.0808109524542266,9,9,18,9,6,15,1.0,0.6666666666666666,0.8333333333333334,1
T005,2025-06-30,26,,0,0,,6,0.850562106754282,0.44637804926242053,2.0808109524542266,4,6,10,3,5,8,0.75,0.8333333333333334,0.8,1
T005,2025-07-07,27,,0,0,,6,0.850562106754282,0.44637804926242053,2.0808109524542266,5,6,11,5,6,11,1.0,1.0,1.0,1
T005,2025-07-14,28,,0,0,,6,0.850562106754282,0.44637804926242053,2.0808109524542266,8,4,12,8,2,10,1.0,0.5,0.8333333333333334,1
T005,2025-07-21,29,,0,0,,6,0.850562106754282,0.44637804926242053,2.0808109524542266,3,8,11,1,6,7,0.3333333333333333,0.75,0.6363636363636364,1
T005,2025-07-28,30,,0,0,,6,0.850562106754282,0.44637804926242053,2.0808109524542266,6,8,14,4,7,11,0.6666666666666666,0.875,0.7857142857142857,1
T006,2025-01-06,1,,0,0,,9,0.572520762753954,0.5417337056763192,1.0395165715257093,6,9,15,5,8,13,0.8333333333333334,0.8888888888888888,0.8666666666666667,1
T006,2025-01-13,2,,0,0,,9,0.572520762753954,0.5417337056763192,1.0395165715257093,8,4,12,4,4,8,0.5,1.0,0.6666666666666666,1
T006,2025-01-20,3,,0,0,,9,0.572520762753954,0.5417337056763192,1.0395165715257093,10,5,15,8,5,13,0.8,1.0,0.8666666666666667,1
T006,2025-01-27,4,,0,0,,9,0.572520762753954,0.5417337056763192,1.0395165715257093,9,8,17,6,7,13,0.6666666666666666,0.875,0.7647058823529411,1
T006,2025-02-03,5,,0,0,,9,0.572520762753954,0.5417337056763192,1.0395165715257093,6,8,14,6,8,14,1.0,1.0,1.0,1
T006,2025-02-10,6,,0,0,,9,0.572520762753954,0.5417337056763192,1.0395165715257093,4,6,10,4,4,8,1.0,0.6666666666666666,0.8,1
T006,2025-02-17,7,,0,0,,9,0.572520762753954,0.5417337056763192,1.0395165715257093,18,20,38,18,19,37,1.0,0.95,0.9736842105263158,1
T006,2025-02-24,8,,0,0,,9,0.572520762753954,0.5417337056763192,1.0395165715257093,11,4,15,10,2,12,0.9090909090909091,0.5,0.8,1
T006,2025-03-03,9,,0,0,,9,0.572520762753954,0.5417337056763192,1.0395165715257093,5,7,12,4,5,9,0.8,0.7142857142857143,0.75,1
T006,2025-03-10,10,,0,0,,9,0.572520762753954,0.5417337056763192,1.0395165715257093,7,10,17,6,9,15,0.8571428571428571,0.9,0.8823529411764706,1
T006,2025-03-17,11,,0,0,,9,0.572520762753954,0.5417337056763192,1.0395165715257093,7,9,16,6,8,14,0.8571428571428571,0.8888888888888888,0.875,1
T006,2025-03-24,12,,0,0,,9,0.572520762753954,0.5417337056763192,1.0395165715257093,9,5,14,8,4,12,0.8888888888888888,0.8,0.8571428571428571,1
T006,2025-03-31,13,,0,0,,9,0.572520762753954,0.5417337056763192,1.0395165715257093,7,6,13,7,5,12,1.0,0.8333333333333334,0.9230769230769231,1
T006,2025-04-07,14,,0,0,,9,0.572520762753954,0.5417337056763192,1.0395165715257093,6,5,11,6,5,11,1.0,1.0,1.0,1
T006,2025-04-14,15,,0,0,,9,0.572520762753954,0.5417337056763192,1.0395165715257093,7,6,13,6,3,9,0.8571428571428571,0.5,0.6923076923076923,1
T006,2025-04-21,16,,0,0,,9,0.572520762753954,0.5417337056763192,1.0395165715257093,8,1,9,2,1,3,0.25,1.0,0.3333333333333333,1
T006,2025-04-28,17,,0,0,,9,0.572520762753954,0.5417337056763192,1.0395165715257093,7,12,19,6,10,16,0.8571428571428571,0.8333333333333334,0.8421052631578947,1
T006,2025-05-05,18,,0,0,,9,0.572520762753954,0.5417337056763192,1.0395165715257093,0,5,5,0,5,5,,1.0,1.0,1
T006,2025-05-12,19,,0,0,,9,0.572520762753954,0.5417337056763192,1.0395165715257093,9,9,18,7,7,14,0.7777777777777778,0.7777777777777778,0.7777777777777778,1
T006,2025-05-19,20,,0,0,,9,0.572520762753954,0.5417337056763192,1.0395165715257093,13,6,19,10,5,15,0.7692307692307693,0.8333333333333334,0.7894736842105263,1
T006,2025-05-26,21,,0,0,,9,0.572520762753954,0.5417337056763192,1.0395165715257093,4,6,10,4,2,6,1.0,0.3333333333333333,0.6,1
T006,2025-06-02,22,,0,0,,9,0.572520762753954,0.5417337056763192,1.0395165715257093,3,5,8,3,4,7,1.0,0.8,0.875,1
T006,2025-06-09,23,,0,0,,9,0.572520762753954,0.5417337056763192,1.0395165715257093,6,7,13,5,5,10,0.8333333333333334,0.7142857142857143,0.7692307692307693,1
T006,2025-06-16,24,,0,0,,9,0.572520762753954,0.5417337056763192,1.0395165715257093,5,7,12,4,7,11,0.8,1.0,0.9166666666666666,1
T006,2025-06-23,25,,0,0,,9,0.572520762753954,0.5417337056763192,1.0395165715257093,8,7,15,6,5,11,0.75,0.7142857142857143,0.7333333333333333,1
T006,2025-06-30,26,,0,0,,9,0.572520762753954,0.5417337056763192,1.0395165715257093,2,11,13,1,9,10,0.5,0.8181818181818182,0.7692307692307693,1
T006,2025-07-07,27,,0,0,,9,0.572520762753954,0.5417337056763192,1.0395165715257093,7,11,18,4,9,13,0.5714285714285714,0.8181818181818182,0.7222222222222222,1
T006,2025-07-14,28,,0,0,,9,0.572520762753954,0.5417337056763192,1.0395165715257093,5,7,12,4,7,11,0.8,1.0,0.9166666666666666,1
T006,2025-07-21,29,,0,0,,9,0.572520762753954,0.5417337056763192,1.0395165715257093,4,5,9,3,2,5,0.75,0.4,0.5555555555555556,1
T006,2025-07-28,30,,0,0,,9,0.572520762753954,0.5417337056763192,1.0395165715257093,6,10,16,4,7,11,0.6666666666666666,0.7,0.6875,1
T007,2025-01-06,1,,0,0,,10,0.2290205392805978,0.21105172887894905,-1.4792649569656413,4,3,7,3,3,6,0.75,1.0,0.8571428571428571,1
T007,2025-01-13,2,,0,0,,10,0.2290205392805978,0.21105172887894905,-1.4792649569656413,3,4,7,2,3,5,0.6666666666666666,0.75,0.7142857142857143,1
T007,2025-01-20,3,,0,0,,10,0.2290205392805978,0.21105172887894905,-1.4792649569656413,4,10,14,3,9,12,0.75,0.9,0.8571428571428571,1
T007,2025-01-27,4,,0,0,,10,0.2290205392805978,0.21105172887894905,-1.4792649569656413,3,7,10,3,6,9,1.0,0.8571428571428571,0.9,1
T007,2025-02-03,5,,0,0,,10,0.2290205392805978,0.21105172887894905,-1.4792649569656413,4,4,8,2,3,5,0.5,0.75,0.625,1
T007,2025-02-10,6,,0,0,,10,0.2290205392805978,0.21105172887894905,-1.4792649569656413,7,9,16,5,6,11,0.7142857142857143,0.6666666666666666,0.6875,1
T007,2025-02-17,7,,0,0,,10,0.2290205392805978,0.21105172887894905,-1.4792649569656413,4,4,8,3,4,7,0.75,1.0,0.875,1
T007,2025-02-24,8,,0,0,,10,0.2290205392805978,0.21105172887894905,-1.4792649569656413,6,12,18,6,11,17,1.0,0.9166666666666666,0.9444444444444444,1
T007,2025-03-03,9,,0,0,,10,0.2290205392805978,0.21105172887894905,-1.4792649569656413,5,6,11,4,3,7,0.8,0.5,0.6363636363636364,1
T007,2025-03-10,10,,0,0,,10,0.2290205392805978,0.21105172887894905,-1.4792649569656413,7,4,11,4,2,6,0.5714285714285714,0.5,0.5454545454545454,1
T007,2025-03-17,11,,0,0,,10,0.2290205392805978,0.21105172887894905,-1.4792649569656413,1,4,5,1,2,3,1.0,0.5,0.6,1
T007,2025-03-24,12,,0,0,,10,0.2290205392805978,0.21105172887894905,-1.4792649569656413,7,11,18,7,9,16,1.0,0.8181818181818182,0.8888888888888888,1
T007,2025-03-31,13,,0,0,,10,0.2290205392805978,0.21105172887894905,-1.4792649569656413,7,6,13,4,5,9,0.5714285714285714,0.8333333333333334,0.6923076923076923,1
T007,2025-04-07,14,,0,0,,10,0.2290205392805978,0.21105172887894905,-1.4792649569656413,4,3,7,3,2,5,0.75,0.6666666666666666,0.7142857142857143,1
T007,2025-04-14,15,,0,0,,10,0.2290205392805978,0.21105172887894905,-1.4792649569656413,5,4,9,4,3,7,0.8,0.75,0.7777777777777778,1
T007,2025-04-21,16,,0,0,,10,0.2290205392805978,0.21105172887894905,-1.4792649569656413,2,5,7,2,2,4,1.0,0.4,0.5714285714285714,1
T007,2025-04-28,17,,0,0,,10,0.2290205392805978,0.21105172887894905,-1.4792649569656413,6,9,15,1,6,7,0.16666666666666666,0.6666666666666666,0.4666666666666667,1
T007,2025-05-05,18,,0,0,,10,0.2290205392805978,0.21105172887894905,-1.4792649569656413,6,5,11,5,3,8,0.8333333333333334,0.6,0.7272727272727273,1
T007,2025-05-12,19,,0,0,,10,0.2290205392805978,0.21105172887894905,-1.4792649569656413,4,5,9,2,4,6,0.5,0.8,0.6666666666666666,1
T007,2025-05-19,20,,0,0,,10,0.2290205392805978,0.21105172887894905,-1.4792649569656413,5,11,16,4,10,14,0.8,0.9090909090909091,0.875,1
T007,2025-05-26,21,,0,0,,10,0.2290205392805978,0.21105172887894905,-1.4792649569656413,2,4,6,0,3,3,0.0,0.75,0.5,1
T007,2025-06-02,22,,0,0,,10,0.2290205392805978,0.21105172887894905,-1.4792649569656413,4,6,10,3,5,8,0.75,0.8333333333333334,0.8,1
T007,2025-06-09,23,,0,0,,10,0.2290205392805978,0.21105172887894905,-1.4792649569656413,10,5,15,6,3,9,0.6,0.6,0.6,1
T007,2025-06-16,24,,0,0,,10,0.2290205392805978,0.21105172887894905,-1.4792649569656413,2,8,10,2,6,8,1.0,0.75,0.8,1
T007,2025-06-23,25,,0,0,,10,0.2290205392805978,0.21105172887894905,-1.4792649569656413,8,11,19,8,10,18,1.0,0.9090909090909091,0.9473684210526315,1
T007,2025-06-30,26,,0,0,,10,0.2290205392805978,0.21105172887894905,-1.4792649569656413,4,8,12,4,6,10,1.0,0.75,0.8333333333333334,1
T007,2025-07-07,27,,0,0,,10,0.2290205392805978,0.21105172887894905,-1.4792649569656413,5,4,9,5,3,8,1.0,0.75,0.8888888888888888,1
T007,2025-07-14,28,,0,0,,10,0.2290205392805978,0.21105172887894905,-1.4792649569656413,4,7,11,4,6,10,1.0,0.8571428571428571,0.9090909090909091,1
T007,2025-07-21,29,,0,0,,10,0.2290205392805978,0.21105172887894905,-1.4792649569656413,1,3,4,0,1,1,0.0,0.3333333333333333,0.25,1
T007,2025-07-28,30,,0,0,,10,0.2290205392805978,0.21105172887894905,-1.4792649569656413,10,6,16,7,5,12,0.7,0.8333333333333334,0.75,1
T008,2025-01-06,1,,0,0,,6,0.1238485052880157,0.49908049581732805,-1.0239604807010634,3,7,10,3,7,10,1.0,1.0,1.0,1
T008,2025-01-13,2,,0,0,,6,0.1238485052880157,0.49908049581732805,-1.0239604807010634,10,7,17,9,5,14,0.9,0.7142857142857143,0.8235294117647058,1
T008,2025-01-20,3,,0,0,,6,0.1238485052880157,0.49908049581732805,-1.0239604807010634,1,11,12,1,9,10,1.0,0.8181818181818182,0.8333333333333334,1
T008,2025-01-27,4,,0,0,,6,0.1238485052880157,0.49908049581732805,-1.0239604807010634,4,1,5,4,1,5,1.0,1.0,1.0,1
T008,2025-02-03,5,,0,0,,6,0.1238485052880157,0.49908049581732805,-1.0239604807010634,4,2,6,3,2,5,0.75,1.0,0.8333333333333334,1
T008,2025-02-10,6,,0,0,,6,0.1238485052880157,0.49908049581732805,-1.0239604807010634,7,4,11,6,2,8,0.8571428571428571,0.5,0.7272727272727273,1
T008,2025-02-17,7,,0,0,,6,0.1238485052880157,0.49908049581732805,-1.0239604807010634,4,2,6,4,2,6,1.0,1.0,1.0,1
T008,2025-02-24,8,,0,0,,6,0.1238485052880157,0.49908049581732805,-1.0239604807010634,3,2,5,2,1,3,0.6666666666666666,0.5,0.6,1
T008,2025-03-03,9,,0,0,,6,0.1238485052880157,0.49908049581732805,-1.0239604807010634,4,2,6,3,1,4,0.75,0.5,0.6666666666666666,1
T008,2025-03-10,10,,0,0,,6,0.1238485052880157,0.49908049581732805,-1.0239604807010634,6,4,10,6,3,9,1.0,0.75,0.9,1
T008,2025-03-17,11,,0,0,,6,0.1238485052880157,0.49908049581732805,-1.0239604807010634,6,7,13,6,5,11,1.0,0.7142857142857143,0.8461538461538461,1
T008,2025-03-24,12,,0,0,,6,0.1238485052880157,0.49908049581732805,-1.0239604807010634,6,4,10,3,4,7,0.5,1.0,0.7,1
T008,2025-03-31,13,,0,0,,6,0.1238485052880157,0.49908049581732805,-1.0239604807010634,1,3,4,1,3,4,1.0,1.0,1.0,1
T008,2025-04-07,14,,0,0,,6,0.1238485052880157,0.49908049581732805,-1.0239604807010634,3,4,7,3,4,7,1.0,1.0,1.0,1
T008,2025-04-14,15,,0,0,,6,0.1238485052880157,0.49908049581732805,-1.0239604807010634,4,5,9,3,4,7,0.75,0.8,0.7777777777777778,1
T008,2025-04-21,16,,0,0,,6,0.1238485052880157,0.49908049581732805,-1.0239604807010634,2,9,11,1,7,8,0.5,0.7777777777777778,0.7272727272727273,1
T008,2025-04-28,17,,0,0,,6,0.1238485052880157,0.49908049581732805,-1.0239604807010634,5,5,10,4,3,7,0.8,0.6,0.7,1
T008,2025-05-05,18,,0,0,,6,0.1238485052880157,0.49908049581732805,-1.0239604807010634,3,5,8,3,5,8,1.0,1.0,1.0,1
T008,2025-05-12,19,,0,0,,6,0.1238485052880157,0.49908049581732805,-1.0239604807010634,2,7,9,2,7,9,1.0,1.0,1.0,1
T008,2025-05-19,20,,0,0,,6,0.1238485052880157,0.49908049581732805,-1.0239604807010634,1,5,6,1,4,5,1.0,0.8,0.8333333333333334,1
T008,2025-05-26,21,,0,0,,6,0.1238485052880157,0.49908049581732805,-1.0239604807010634,2,3,5,1,2,3,0.5,0.6666666666666666,0.6,1
T008,2025-06-02,22,,0,0,,6,0.1238485052880157,0.49908049581732805,-1.0239604807010634,3,4,7,2,4,6,0.6666666666666666,1.0,0.8571428571428571,1
T008,2025-06-09,23,,0,0,,6,0.1238485052880157,0.49908049581732805,-1.0239604807010634,3,7,10,3,5,8,1.0,0.7142857142857143,0.8,1
T008,2025-06-16,24,,0,0,,6,0.1238485052880157,0.49908049581732805,-1.0239604807010634,2,8,10,1,6,7,0.5,0.75,0.7,1
T008,2025-06-23,25,,0,0,,6,0.1238485052880157,0.49908049581732805,-1.0239604807010634,2,1,3,2,1,3,1.0,1.0,1.0,1
T008,2025-06-30,26,,0,0,,6,0.1238485052880157,0.49908049581732805,-1.0239604807010634,4,3,7,4,3,7,1.0,1.0,1.0,1
T008,2025-07-07,27,,0,0,,6,0.1238485052880157,0.49908049581732805,-1.0239604807010634,2,3,5,2,2,4,1.0,0.6666666666666666,0.8,1
T008,2025-07-14,28,,0,0,,6,0.1238485052880157,0.49908049581732805,-1.0239604807010634,3,1,4,1,1,2,0.3333333333333333,1.0,0.5,1
T008,2025-07-21,29,,0,0,,6,0.1238485052880157,0.49908049581732805,-1.0239604807010634,1,4,5,0,3,3,0.0,0.75,0.6,1
T008,2025-07-28,30,,0,0,,6,0.1238485052880157,0.49908049581732805,-1.0239604807010634,3,2,5,2,2,4,0.6666666666666666,1.0,0.8,1
T009,2025-01-06,1,16.0,0,0,-15.0,8,0.47297267980115554,0.1563078670001805,-0.29106059777247684,4,10,14,4,10,14,1.0,1.0,1.0,1
T009,2025-01-13,2,16.0,0,0,-14.0,8,0.47297267980115554,0.1563078670001805,-0.29106059777247684,3,7,10,2,5,7,0.6666666666666666,0.7142857142857143,0.7,1
T009,2025-01-20,3,16.0,0,0,-13.0,8,0.47297267980115554,0.1563078670001805,-0.29106059777247684,12,9,21,9,5,14,0.75,0.5555555555555556,0.6666666666666666,1
T009,2025-01-27,4,16.0,0,0,-12.0,8,0.47297267980115554,0.1563078670001805,-0.29106059777247684,2,4,6,1,3,4,0.5,0.75,0.6666666666666666,1
T009,2025-02-03,5,16.0,0,0,-11.0,8,0.47297267980115554,0.1563078670001805,-0.29106059777247684,3,8,11,3,6,9,1.0,0.75,0.8181818181818182,1
T009,2025-02-10,6,16.0,0,0,-10.0,8,0.47297267980115554,0.1563078670001805,-0.29106059777247684,7,1,8,4,1,5,0.5714285714285714,1.0,0.625,1
T009,2025-02-17,7,16.0,0,0,-9.0,8,0.47297267980115554,0.1563078670001805,-0.29106059777247684,2,3,5,2,2,4,1.0,0.6666666666666666,0.8,1
T009,2025-02-24,8,16.0,0,0,-8.0,8,0.47297267980115554,0.1563078670001805,-0.29106059777247684,4,7,11,4,5,9,1.0,0.7142857142857143,0.8181818181818182,1
T009,2025-03-03,9,16.0,0,0,-7.0,8,0.47297267980115554,0.1563078670001805,-0.29106059777247684,5,4,9,3,1,4,0.6,0.25,0.4444444444444444,1
T009,2025-03-10,10,16.0,0,0,-6.0,8,0.47297267980115554,0.1563078670001805,-0.29106059777247684,6,5,11,5,4,9,0.8333333333333334,0.8,0.8181818181818182,1
T009,2025-03-17,11,16.0,0,0,-5.0,8,0.47297267980115554,0.1563078670001805,-0.29106059777247684,6,4,10,6,4,10,1.0,1.0,1.0,1
T009,2025-03-24,12,16.0,0,0,-4.0,8,0.47297267980115554,0.1563078670001805,-0.29106059777247684,6,7,13,6,3,9,1.0,0.42857142857142855,0.6923076923076923,1
T009,2025-03-31,13,16.0,0,0,-3.0,8,0.47297267980115554,0.1563078670001805,-0.29106059777247684,8,6,14,6,2,8,0.75,0.3333333333333333,0.5714285714285714,1
T009,2025-04-07,14,16.0,0,0,-2.0,8,0.47297267980115554,0.1563078670001805,-0.29106059777247684,6,3,9,4,1,5,0.6666666666666666,0.3333333333333333,0.5555555555555556,1
T009,2025-04-14,15,16.0,0,0,-1.0,8,0.47297267980115554,0.1563078670001805,-0.29106059777247684,4,8,12,3,8,11,0.75,1.0,0.9166666666666666,1
T009,2025-04-21,16,16.0,1,1,0.0,8,0.47297267980115554,0.1563078670001805,-0.29106059777247684,4,6,10,3,6,9,0.75,1.0,0.9,1
T009,2025-04-28,17,16.0,1,1,1.0,8,0.47297267980115554,0.1563078670001805,-0.29106059777247684,3,8,11,2,8,10,0.6666666666666666,1.0,0.9090909090909091,1
T009,2025-05-05,18,16.0,1,1,2.0,8,0.47297267980115554,0.1563078670001805,-0.29106059777247684,5,5,10,5,5,10,1.0,1.0,1.0,1
T009,2025-05-12,19,16.0,1,1,3.0,8,0.47297267980115554,0.1563078670001805,-0.29106059777247684,7,5,12,6,3,9,0.8571428571428571,0.6,0.75,1
T009,2025-05-19,20,16.0,1,1,4.0,8,0.47297267980115554,0.1563078670001805,-0.29106059777247684,2,2,4,1,2,3,0.5,1.0,0.75,1
T009,2025-05-26,21,16.0,1,1,5.0,8,0.47297267980115554,0.1563078670001805,-0.29106059777247684,8,10,18,6,7,13,0.75,0.7,0.7222222222222222,1
T009,2025-06-02,22,16.0,1,1,6.0,8,0.47297267980115554,0.1563078670001805,-0.29106059777247684,1,11,12,1,7,8,1.0,0.6363636363636364,0.6666666666666666,1
T009,2025-06-09,23,16.0,1,1,7.0,8,0.47297267980115554,0.1563078670001805,-0.29106059777247684,0,5,5,0,5,5,,1.0,1.0,1
T009,2025-06-16,24,16.0,1,1,8.0,8,0.47297267980115554,0.1563078670001805,-0.29106059777247684,2,4,6,2,3,5,1.0,0.75,0.8333333333333334,1
T009,2025-06-23,25,16.0,1,1,9.0,8,0.47297267980115554,0.1563078670001805,-0.29106059777247684,2,5,7,2,4,6,1.0,0.8,0.8571428571428571,1
T009,2025-06-30,26,16.0,1,1,10.0,8,0.47297267980115554,0.1563078670001805,-0.29106059777247684,3,6,9,2,6,8,0.6666666666666666,1.0,0.8888888888888888,1
T009,2025-07-07,27,16.0,1,1,11.0,8,0.47297267980115554,0.1563078670001805,-0.29106059777247684,2,7,9,2,6,8,1.0,0.8571428571428571,0.8888888888888888,1
T009,2025-07-14,28,16.0,1,1,12.0,8,0.47297267980115554,0.1563078670001805,-0.29106059777247684,6,6,12,4,6,10,0.6666666666666666,1.0,0.8333333333333334,1
T009,2025-07-21,29,16.0,1,1,13.0,8,0.47297267980115554,0.1563078670001805,-0.29106059777247684,2,10,12,2,10,12,1.0,1.0,1.0,1
T009,2025-07-28,30,16.0,1,1,14.0,8,0.47297267980115554,0.1563078670001805,-0.29106059777247684,3,7,10,2,7,9,0.6666666666666666,1.0,0.9,1
T010,2025-01-06,1,12.0,0,0,-11.0,12,0.34545639812346285,0.4425326049684647,1.807602518025314,8,9,17,7,9,16,0.875,1.0,0.9411764705882353,1
T010,2025-01-13,2,12.0,0,0,-10.0,12,0.34545639812346285,0.4425326049684647,1.807602518025314,7,16,23,6,14,20,0.8571428571428571,0.875,0.8695652173913043,1
T010,2025-01-20,3,12.0,0,0,-9.0,12,0.34545639812346285,0.4425326049684647,1.807602518025314,10,19,29,9,17,26,0.9,0.8947368421052632,0.896551724137931,1
T010,2025-01-27,4,12.0,0,0,-8.0,12,0.34545639812346285,0.4425326049684647,1.807602518025314,8,9,17,8,8,16,1.0,0.8888888888888888,0.9411764705882353,1
T010,2025-02-03,5,12.0,0,0,-7.0,12,0.34545639812346285,0.4425326049684647,1.807602518025314,8,7,15,6,7,13,0.75,1.0,0.8666666666666667,1
T010,2025-02-10,6,12.0,0,0,-6.0,12,0.34545639812346285,0.4425326049684647,1.807602518025314,15,18,33,12,18,30,0.8,1.0,0.9090909090909091,1
T010,2025-02-17,7,12.0,0,0,-5.0,12,0.34545639812346285,0.4425326049684647,1.807602518025314,5,9,14,4,8,12,0.8,0.8888888888888888,0.8571428571428571,1
T010,2025-02-24,8,12.0,0,0,-4.0,12,0.34545639812346285,0.4425326049684647,1.807602518025314,14,19,33,11,17,28,0.7857142857142857,0.8947368421052632,0.8484848484848485,1
T010,2025-03-03,9,12.0,0,0,-3.0,12,0.34545639812346285,0.4425326049684647,1.807602518025314,12,7,19,7,6,13,0.5833333333333334,0.8571428571428571,0.6842105263157895,1
T010,2025-03-10,10,12.0,0,0,-2.0,12,0.34545639812346285,0.4425326049684647,1.807602518025314,5,10,15,5,9,14,1.0,0.9,0.9333333333333333,1
T010,2025-03-17,11,12.0,0,0,-1.0,12,0.34545639812346285,0.4425326049684647,1.807602518025314,5,8,13,4,7,11,0.8,0.875,0.8461538461538461,1
T010,2025-03-24,12,12.0,1,1,0.0,12,0.34545639812346285,0.4425326049684647,1.807602518025314,8,6,14,7,5,12,0.875,0.8333333333333334,0.8571428571428571,1
T010,2025-03-31,13,12.0,1,1,1.0,12,0.34545639812346285,0.4425326049684647,1.807602518025314,4,5,9,4,4,8,1.0,0.8,0.8888888888888888,1
T010,2025-04-07,14,12.0,1,1,2.0,12,0.34545639812346285,0.4425326049684647,1.807602518025314,12,10,22,9,10,19,0.75,1.0,0.8636363636363636,1
T010,2025-04-14,15,12.0,1,1,3.0,12,0.34545639812346285,0.4425326049684647,1.807602518025314,14,8,22,10,8,18,0.7142857142857143,1.0,0.8181818181818182,1
T010,2025-04-21,16,12.0,1,1,4.0,12,0.34545639812346285,0.4425326049684647,1.807602518025314,10,15,25,10,12,22,1.0,0.8,0.88,1
T010,2025-04-28,17,12.0,1,1,5.0,12,0.34545639812346285,0.4425326049684647,1.807602518025314,6,16,22,5,15,20,0.8333333333333334,0.9375,0.9090909090909091,1
T010,2025-05-05,18,12.0,1,1,6.0,12,0.34545639812346285,0.4425326049684647,1.807602518025314,15,13,28,11,13,24,0.7333333333333333,1.0,0.8571428571428571,1
T010,2025-05-12,19,12.0,1,1,7.0,12,0.34545639812346285,0.4425326049684647,1.807602518025314,11,23,34,10,22,32,0.9090909090909091,0.9565217391304348,0.9411764705882353,1
T010,2025-05-19,20,12.0,1,1,8.0,12,0.34545639812346285,0.4425326049684647,1.807602518025314,9,11,20,9,11,20,1.0,1.0,1.0,1
T010,2025-05-26,21,12.0,1,1,9.0,12,0.34545639812346285,0.4425326049684647,1.807602518025314,17,15,32,12,12,24,0.7058823529411765,0.8,0.75,1
T010,2025-06-02,22,12.0,1,1,10.0,12,0.34545639812346285,0.4425326049684647,1.807602518025314,9,12,21,9,9,18,1.0,0.75,0.8571428571428571,1
T010,2025-06-09,23,12.0,1,1,11.0,12,0.34545639812346285,0.4425326049684647,1.807602518025314,7,13,20,5,12,17,0.7142857142857143,0.9230769230769231,0.85,1
T010,2025-06-16,24,12.0,1,1,12.0,12,0.34545639812346285,0.4425326049684647,1.807602518025314,9,17,26,9,15,24,1.0,0.8823529411764706,0.9230769230769231,1
T010,2025-06-23,25,12.0,1,1,13.0,12,0.34545639812346285,0.4425326049684647,1.807602518025314,7,22,29,4,20,24,0.5714285714285714,0.9090909090909091,0.8275862068965517,1
T010,2025-06-30,26,12.0,1,1,14.0,12,0.34545639812346285,0.4425326049684647,1.807602518025314,9,17,26,8,16,24,0.8888888888888888,0.9411764705882353,0.9230769230769231,1
T010,2025-07-07,27,12.0,1,1,15.0,12,0.34545639812346285,0.4425326049684647,1.807602518025314,11,16,27,8,11,19,0.7272727272727273,0.6875,0.7037037037037037,1
T010,2025-07-14,28,12.0,1,1,16.0,12,0.34545639812346285,0.4425326049684647,1.807602518025314,3,7,10,3,6,9,1.0,0.8571428571428571,0.9,1
T010,2025-07-21,29,12.0,1,1,17.0,12,0.34545639812346285,0.4425326049684647,1.807602518025314,13,16,29,10,14,24,0.7692307692307693,0.875,0.8275862068965517,1
T010,2025-07-28,30,12.0,1,1,18.0,12,0.34545639812346285,0.4425326049684647,1.807602518025314,14,28,42,12,26,38,0.8571428571428571,0.9285714285714286,0.9047619047619048,1
T011,2025-01-06,1,,0,0,,9,0.7800037947189812,0.47995840887341557,0.0735389304950144,8,15,23,7,12,19,0.875,0.8,0.8260869565217391,1
T011,2025-01-13,2,,0,0,,9,0.7800037947189812,0.47995840887341557,0.0735389304950144,11,9,20,8,7,15,0.7272727272727273,0.7777777777777778,0.75,1
T011,2025-01-20,3,,0,0,,9,0.7800037947189812,0.47995840887341557,0.0735389304950144,6,8,14,6,6,12,1.0,0.75,0.8571428571428571,1
T011,2025-01-27,4,,0,0,,9,0.7800037947189812,0.47995840887341557,0.0735389304950144,1,5,6,1,4,5,1.0,0.8,0.8333333333333334,1
T011,2025-02-03,5,,0,0,,9,0.7800037947189812,0.47995840887341557,0.0735389304950144,3,6,9,3,5,8,1.0,0.8333333333333334,0.8888888888888888,1
T011,2025-02-10,6,,0,0,,9,0.7800037947189812,0.47995840887341557,0.0735389304950144,5,4,9,3,4,7,0.6,1.0,0.7777777777777778,1
T011,2025-02-17,7,,0,0,,9,0.7800037947189812,0.47995840887341557,0.0735389304950144,6,2,8,5,2,7,0.8333333333333334,1.0,0.875,1
T011,2025-02-24,8,,0,0,,9,0.7800037947189812,0.47995840887341557,0.0735389304950144,5,6,11,4,6,10,0.8,1.0,0.9090909090909091,1
T011,2025-03-03,9,,0,0,,9,0.7800037947189812,0.47995840887341557,0.0735389304950144,4,6,10,2,5,7,0.5,0.8333333333333334,0.7,1
T011,2025-03-10,10,,0,0,,9,0.7800037947189812,0.47995840887341557,0.0735389304950144,6,4,10,5,3,8,0.8333333333333334,0.75,0.8,1
T011,2025-03-17,11,,0,0,,9,0.7800037947189812,0.47995840887341557,0.0735389304950144,6,8,14,6,8,14,1.0,1.0,1.0,1
T011,2025-03-24,12,,0,0,,9,0.7800037947189812,0.47995840887341557,0.0735389304950144,6,4,10,3,4,7,0.5,1.0,0.7,1
T011,2025-03-31,13,,0,0,,9,0.7800037947189812,0.47995840887341557,0.0735389304950144,3,2,5,1,1,2,0.3333333333333333,0.5,0.4,1
T011,2025-04-07,14,,0,0,,9,0.7800037947189812,0.47995840887341557,0.0735389304950144,1,4,5,0,4,4,0.0,1.0,0.8,1
T011,2025-04-14,15,,0,0,,9,0.7800037947189812,0.47995840887341557,0.0735389304950144,4,5,9,3,3,6,0.75,0.6,0.6666666666666666,1
T011,2025-04-21,16,,0,0,,9,0.7800037947189812,0.47995840887341557,0.0735389304950144,8,9,17,4,6,10,0.5,0.6666666666666666,0.5882352941176471,1
T011,2025-04-28,17,,0,0,,9,0.7800037947189812,0.47995840887341557,0.0735389304950144,8,9,17,5,9,14,0.625,1.0,0.8235294117647058,1
T011,2025-05-05,18,,0,0,,9,0.7800037947189812,0.47995840887341557,0.0735389304950144,3,4,7,2,3,5,0.6666666666666666,0.75,0.7142857142857143,1
T011,2025-05-12,19,,0,0,,9,0.7800037947189812,0.47995840887341557,0.0735389304950144,2,7,9,2,5,7,1.0,0.7142857142857143,0.7777777777777778,1
T011,2025-05-19,20,,0,0,,9,0.7800037947189812,0.47995840887341557,0.0735389304950144,4,6,10,4,5,9,1.0,0.8333333333333334,0.9,1
T011,2025-05-26,21,,0,0,,9,0.7800037947189812,0.47995840887341557,0.0735389304950144,4,2,6,3,1,4,0.75,0.5,0.6666666666666666,1
T011,2025-06-02,22,,0,0,,9,0.7800037947189812,0.47995840887341557,0.0735389304950144,7,10,17,4,9,13,0.5714285714285714,0.9,0.7647058823529411,1
T011,2025-06-09,23,,0,0,,9,0.7800037947189812,0.47995840887341557,0.0735389304950144,4,4,8,3,3,6,0.75,0.75,0.75,1
T011,2025-06-16,24,,0,0,,9,0.7800037947189812,0.47995840887341557,0.0735389304950144,7,4,11,6,4,10,0.8571428571428571,1.0,0.9090909090909091,1
T011,2025-06-23,25,,0,0,,9,0.7800037947189812,0.47995840887341557,0.0735389304950144,2,4,6,2,3,5,1.0,0.75,0.8333333333333334,1
T011,2025-06-30,26,,0,0,,9,0.7800037947189812,0.47995840887341557,0.0735389304950144,6,3,9,6,2,8,1.0,0.6666666666666666,0.8888888888888888,1
T011,2025-07-07,27,,0,0,,9,0.7800037947189812,0.47995840887341557,0.0735389304950144,9,5,14,7,4,11,0.7777777777777778,0.8,0.7857142857142857,1
T011,2025-07-14,28,,0,0,,9,0.7800037947189812,0.47995840887341557,0.0735389304950144,2,5,7,2,5,7,1.0,1.0,1.0,1
T011,2025-07-21,29,,0,0,,9,0.7800037947189812,0.47995840887341557,0.0735389304950144,2,6,8,0,6,6,0.0,1.0,0.75,1
T011,2025-07-28,30,,0,0,,9,0.7800037947189812,0.47995840887341557,0.0735389304950144,4,2,6,2,2,4,0.5,1.0,0.6666666666666666,1
T012,2025-01-06,1,,0,0,,4,0.6638959714155667,0.8766823408191042,1.3682149608237342,5,4,9,4,4,8,0.8,1.0,0.8888888888888888,1
T012,2025-01-13,2,,0,0,,4,0.6638959714155667,0.8766823408191042,1.3682149608237342,4,3,7,3,3,6,0.75,1.0,0.8571428571428571,1
T012,2025-01-20,3,,0,0,,4,0.6638959714155667,0.8766823408191042,1.3682149608237342,8,4,12,7,4,11,0.875,1.0,0.9166666666666666,1
T012,2025-01-27,4,,0,0,,4,0.6638959714155667,0.8766823408191042,1.3682149608237342,3,3,6,3,2,5,1.0,0.6666666666666666,0.8333333333333334,1
T012,2025-02-03,5,,0,0,,4,0.6638959714155667,0.8766823408191042,1.3682149608237342,5,5,10,4,5,9,0.8,1.0,0.9,1
T012,2025-02-10,6,,0,0,,4,0.6638959714155667,0.8766823408191042,1.3682149608237342,6,8,14,4,8,12,0.6666666666666666,1.0,0.8571428571428571,1
T012,2025-02-17,7,,0,0,,4,0.6638959714155667,0.8766823408191042,1.3682149608237342,6,4,10,6,4,10,1.0,1.0,1.0,1
T012,2025-02-24,8,,0,0,,4,0.6638959714155667,0.8766823408191042,1.3682149608237342,12,7,19,12,7,19,1.0,1.0,1.0,1
T012,2025-03-03,9,,0,0,,4,0.6638959714155667,0.8766823408191042,1.3682149608237342,3,4,7,3,4,7,1.0,1.0,1.0,1
T012,2025-03-10,10,,0,0,,4,0.6638959714155667,0.8766823408191042,1.3682149608237342,3,3,6,2,3,5,0.6666666666666666,1.0,0.8333333333333334,1
T012,2025-03-17,11,,0,0,,4,0.6638959714155667,0.8766823408191042,1.3682149608237342,4,0,4,4,0,4,1.0,,1.0,1
T012,2025-03-24,12,,0,0,,4,0.6638959714155667,0.8766823408191042,1.3682149608237342,9,5,14,8,4,12,0.8888888888888888,0.8,0.8571428571428571,1
T012,2025-03-31,13,,0,0,,4,0.6638959714155667,0.8766823408191042,1.3682149608237342,3,3,6,2,3,5,0.6666666666666666,1.0,0.8333333333333334,1
T012,2025-04-07,14,,0,0,,4,0.6638959714155667,0.8766823408191042,1.3682149608237342,1,9,10,1,9,10,1.0,1.0,1.0,1
T012,2025-04-14,15,,0,0,,4,0.6638959714155667,0.8766823408191042,1.3682149608237342,2,4,6,2,3,5,1.0,0.75,0.8333333333333334,1
T012,2025-04-21,16,,0,0,,4,0.6638959714155667,0.8766823408191042,1.3682149608237342,3,5,8,2,4,6,0.6666666666666666,0.8,0.75,1
T012,2025-04-28,17,,0,0,,4,0.6638959714155667,0.8766823408191042,1.3682149608237342,4,4,8,3,3,6,0.75,0.75,0.75,1
T012,2025-05-05,18,,0,0,,4,0.6638959714155667,0.8766823408191042,1.3682149608237342,4,3,7,3,3,6,0.75,1.0,0.8571428571428571,1
T012,2025-05-12,19,,0,0,,4,0.6638959714155667,0.8766823408191042,1.3682149608237342,0,8,8,0,8,8,,1.0,1.0,1
T012,2025-05-19,20,,0,0,,4,0.6638959714155667,0.8766823408191042,1.3682149608237342,6,10,16,5,9,14,0.8333333333333334,0.9,0.875,1
T012,2025-05-26,21,,0,0,,4,0.6638959714155667,0.8766823408191042,1.3682149608237342,1,4,5,1,4,5,1.0,1.0,1.0,1
T012,2025-06-02,22,,0,0,,4,0.6638959714155667,0.8766823408191042,1.3682149608237342,5,8,13,3,6,9,0.6,0.75,0.6923076923076923,1
T012,2025-06-09,23,,0,0,,4,0.6638959714155667,0.8766823408191042,1.3682149608237342,3,3,6,3,3,6,1.0,1.0,1.0,1
T012,2025-06-16,24,,0,0,,4,0.6638959714155667,0.8766823408191042,1.3682149608237342,4,9,13,4,8,12,1.0,0.8888888888888888,0.9230769230769231,1
T012,2025-06-23,25,,0,0,,4,0.6638959714155667,0.8766823408191042,1.3682149608237342,0,3,3,0,2,2,,0.6666666666666666,0.6666666666666666,1
T012,2025-06-30,26,,0,0,,4,0.6638959714155667,0.8766823408191042,1.3682149608237342,4,11,15,4,11,15,1.0,1.0,1.0,1
T012,2025-07-07,27,,0,0,,4,0.6638959714155667,0.8766823408191042,1.3682149608237342,2,3,5,2,2,4,1.0,0.6666666666666666,0.8,1
T012,2025-07-14,28,,0,0,,4,0.6638959714155667,0.8766823408191042,1.3682149608237342,2,3,5,1,3,4,0.5,1.0,0.8,1
T012,2025-07-21,29,,0,0,,4,0.6638959714155667,0.8766823408191042,1.3682149608237342,1,5,6,1,5,6,1.0,1.0,1.0,1
T012,2025-07-28,30,,0,0,,4,0.6638959714155667,0.8766823408191042,1.3682149608237342,7,9,16,6,8,14,0.8571428571428571,0.8888888888888888,0.875,1
T013,2025-01-06,1,12.0,0,0,-11.0,10,0.33555428693398687,0.5589607363436919,-1.1248003161496634,3,1,4,2,1,3,0.6666666666666666,1.0,0.75,1
T013,2025-01-13,2,12.0,0,0,-10.0,10,0.33555428693398687,0.5589607363436919,-1.1248003161496634,10,4,14,9,4,13,0.9,1.0,0.9285714285714286,1
T013,2025-01-20,3,12.0,0,0,-9.0,10,0.33555428693398687,0.5589607363436919,-1.1248003161496634,5,4,9,5,3,8,1.0,0.75,0.8888888888888888,1
T013,2025-01-27,4,12.0,0,0,-8.0,10,0.33555428693398687,0.5589607363436919,-1.1248003161496634,6,11,17,5,8,13,0.8333333333333334,0.7272727272727273,0.7647058823529411,1
T013,2025-02-03,5,12.0,0,0,-7.0,10,0.33555428693398687,0.5589607363436919,-1.1248003161496634,7,6,13,7,6,13,1.0,1.0,1.0,1
T013,2025-02-10,6,12.0,0,0,-6.0,10,0.33555428693398687,0.5589607363436919,-1.1248003161496634,10,7,17,8,6,14,0.8,0.8571428571428571,0.8235294117647058,1
T013,2025-02-17,7,12.0,0,0,-5.0,10,0.33555428693398687,0.5589607363436919,-1.1248003161496634,6,6,12,5,6,11,0.8333333333333334,1.0,0.9166666666666666,1
T013,2025-02-24,8,12.0,0,0,-4.0,10,0.33555428693398687,0.5589607363436919,-1.1248003161496634,8,6,14,7,6,13,0.875,1.0,0.9285714285714286,1
T013,2025-03-03,9,12.0,0,0,-3.0,10,0.33555428693398687,0.5589607363436919,-1.1248003161496634,8,3,11,8,3,11,1.0,1.0,1.0,1
T013,2025-03-10,10,12.0,0,0,-2.0,10,0.33555428693398687,0.5589607363436919,-1.1248003161496634,3,9,12,2,8,10,0.6666666666666666,0.8888888888888888,0.8333333333333334,1
T013,2025-03-17,11,12.0,0,0,-1.0,10,0.33555428693398687,0.5589607363436919,-1.1248003161496634,9,3,12,7,3,10,0.7777777777777778,1.0,0.8333333333333334,1
T013,2025-03-24,12,12.0,1,1,0.0,10,0.33555428693398687,0.5589607363436919,-1.1248003161496634,6,9,15,6,9,15,1.0,1.0,1.0,1
T013,2025-03-31,13,12.0,1,1,1.0,10,0.33555428693398687,0.5589607363436919,-1.1248003161496634,4,5,9,3,5,8,0.75,1.0,0.8888888888888888,1
T013,2025-04-07,14,12.0,1,1,2.0,10,0.33555428693398687,0.5589607363436919,-1.1248003161496634,3,11,14,3,10,13,1.0,0.9090909090909091,0.9285714285714286,1
T013,2025-04-14,15,12.0,1,1,3.0,10,0.33555428693398687,0.5589607363436919,-1.1248003161496634,3,9,12,3,9,12,1.0,1.0,1.0,1
T013,2025-04-21,16,12.0,1,1,4.0,10,0.33555428693398687,0.5589607363436919,-1.1248003161496634,7,8,15,5,7,12,0.7142857142857143,0.875,0.8,1
T013,2025-04-28,17,12.0,1,1,5.0,10,0.33555428693398687,0.5589607363436919,-1.1248003161496634,11,9,20,11,7,18,1.0,0.7777777777777778,0.9,1
T013,2025-05-05,18,12.0,1,1,6.0,10,0.33555428693398687,0.5589607363436919,-1.1248003161496634,3,4,7,2,3,5,0.6666666666666666,0.75,0.7142857142857143,1
T013,2025-05-12,19,12.0,1,1,7.0,10,0.33555428693398687,0.5589607363436919,-1.1248003161496634,6,7,13,6,7,13,1.0,1.0,1.0,1
T013,2025-05-19,20,12.0,1,1,8.0,10,0.33555428693398687,0.5589607363436919,-1.1248003161496634,5,11,16,5,9,14,1.0,0.8181818181818182,0.875,1
T013,2025-05-26,21,12.0,1,1,9.0,10,0.33555428693398687,0.5589607363436919,-1.1248003161496634,1,2,3,1,2,3,1.0,1.0,1.0,1
T013,2025-06-02,22,12.0,1,1,10.0,10,0.33555428693398687,0.5589607363436919,-1.1248003161496634,5,10,15,5,10,15,1.0,1.0,1.0,1
T013,2025-06-09,23,12.0,1,1,11.0,10,0.33555428693398687,0.5589607363436919,-1.1248003161496634,4,8,12,4,7,11,1.0,0.875,0.9166666666666666,1
T013,2025-06-16,24,12.0,1,1,12.0,10,0.33555428693398687,0.5589607363436919,-1.1248003161496634,1,7,8,1,7,8,1.0,1.0,1.0,1
T013,2025-06-23,25,12.0,1,1,13.0,10,0.33555428693398687,0.5589607363436919,-1.1248003161496634,1,5,6,0,5,5,0.0,1.0,0.8333333333333334,1
T013,2025-06-30,26,12.0,1,1,14.0,10,0.33555428693398687,0.5589607363436919,-1.1248003161496634,4,9,13,3,6,9,0.75,0.6666666666666666,0.6923076923076923,1
T013,2025-07-07,27,12.0,1,1,15.0,10,0.33555428693398687,0.5589607363436919,-1.1248003161496634,7,9,16,6,6,12,0.8571428571428571,0.6666666666666666,0.75,1
T013,2025-07-14,28,12.0,1,1,16.0,10,0.33555428693398687,0.5589607363436919,-1.1248003161496634,7,7,14,7,7,14,1.0,1.0,1.0,1
T013,2025-07-21,29,12.0,1,1,17.0,10,0.33555428693398687,0.5589607363436919,-1.1248003161496634,3,7,10,3,7,10,1.0,1.0,1.0,1
T013,2025-07-28,30,12.0,1,1,18.0,10,0.33555428693398687,0.5589607363436919,-1.1248003161496634,10,7,17,8,6,14,0.8,0.8571428571428571,0.8235294117647058,1
T014,2025-01-06,1,10.0,0,0,-9.0,10,0.686386779983589,0.2510183806889835,-1.1848297825265859,4,1,5,3,1,4,0.75,1.0,0.8,1
T014,2025-01-13,2,10.0,0,0,-8.0,10,0.686386779983589,0.2510183806889835,-1.1848297825265859,2,6,8,1,3,4,0.5,0.5,0.5,1
T014,2025-01-20,3,10.0,0,0,-7.0,10,0.686386779983589,0.2510183806889835,-1.1848297825265859,3,2,5,2,1,3,0.6666666666666666,0.5,0.6,1
T014,2025-01-27,4,10.0,0,0,-6.0,10,0.686386779983589,0.2510183806889835,-1.1848297825265859,6,4,10,2,2,4,0.3333333333333333,0.5,0.4,1
T014,2025-02-03,5,10.0,0,0,-5.0,10,0.686386779983589,0.2510183806889835,-1.1848297825265859,6,6,12,5,5,10,0.8333333333333334,0.8333333333333334,0.8333333333333334,1
T014,2025-02-10,6,10.0,0,0,-4.0,10,0.686386779983589,0.2510183806889835,-1.1848297825265859,1,5,6,1,2,3,1.0,0.4,0.5,1
T014,2025-02-17,7,10.0,0,0,-3.0,10,0.686386779983589,0.2510183806889835,-1.1848297825265859,4,3,7,4,3,7,1.0,1.0,1.0,1
T014,2025-02-24,8,10.0,0,0,-2.0,10,0.686386779983589,0.2510183806889835,-1.1848297825265859,3,6,9,2,4,6,0.6666666666666666,0.6666666666666666,0.6666666666666666,1
T014,2025-03-03,9,10.0,0,0,-1.0,10,0.686386779983589,0.2510183806889835,-1.1848297825265859,2,5,7,2,2,4,1.0,0.4,0.5714285714285714,1
T014,2025-03-10,10,10.0,1,1,0.0,10,0.686386779983589,0.2510183806889835,-1.1848297825265859,5,4,9,1,2,3,0.2,0.5,0.3333333333333333,1
T014,2025-03-17,11,10.0,1,1,1.0,10,0.686386779983589,0.2510183806889835,-1.1848297825265859,1,6,7,1,4,5,1.0,0.6666666666666666,0.7142857142857143,1
T014,2025-03-24,12,10.0,1,1,2.0,10,0.686386779983589,0.2510183806889835,-1.1848297825265859,1,4,5,1,2,3,1.0,0.5,0.6,1
T014,2025-03-31,13,10.0,1,1,3.0,10,0.686386779983589,0.2510183806889835,-1.1848297825265859,8,3,11,7,2,9,0.875,0.6666666666666666,0.8181818181818182,1
T014,2025-04-07,14,10.0,1,1,4.0,10,0.686386779983589,0.2510183806889835,-1.1848297825265859,5,6,11,4,3,7,0.8,0.5,0.6363636363636364,1
T014,2025-04-14,15,10.0,1,1,5.0,10,0.686386779983589,0.2510183806889835,-1.1848297825265859,7,9,16,4,4,8,0.5714285714285714,0.4444444444444444,0.5,1
T014,2025-04-21,16,10.0,1,1,6.0,10,0.686386779983589,0.2510183806889835,-1.1848297825265859,5,2,7,2,0,2,0.4,0.0,0.2857142857142857,1
T014,2025-04-28,17,10.0,1,1,7.0,10,0.686386779983589,0.2510183806889835,-1.1848297825265859,5,5,10,3,3,6,0.6,0.6,0.6,1
T014,2025-05-05,18,10.0,1,1,8.0,10,0.686386779983589,0.2510183806889835,-1.1848297825265859,2,0,2,1,0,1,0.5,,0.5,0
T014,2025-05-12,19,10.0,1,1,9.0,10,0.686386779983589,0.2510183806889835,-1.1848297825265859,1,10,11,0,5,5,0.0,0.5,0.45454545454545453,1
T014,2025-05-19,20,10.0,1,1,10.0,10,0.686386779983589,0.2510183806889835,-1.1848297825265859,1,4,5,1,2,3,1.0,0.5,0.6,1
T014,2025-05-26,21,10.0,1,1,11.0,10,0.686386779983589,0.2510183806889835,-1.1848297825265859,2,5,7,2,3,5,1.0,0.6,0.7142857142857143,1
T014,2025-06-02,22,10.0,1,1,12.0,10,0.686386779983589,0.2510183806889835,-1.1848297825265859,3,7,10,1,6,7,0.3333333333333333,0.8571428571428571,0.7,1
T014,2025-06-09,23,10.0,1,1,13.0,10,0.686386779983589,0.2510183806889835,-1.1848297825265859,10,2,12,5,2,7,0.5,1.0,0.5833333333333334,1
T014,2025-06-16,24,10.0,1,1,14.0,10,0.686386779983589,0.2510183806889835,-1.1848297825265859,2,3,5,1,2,3,0.5,0.6666666666666666,0.6,1
T014,2025-06-23,25,10.0,1,1,15.0,10,0.686386779983589,0.2510183806889835,-1.1848297825265859,6,3,9,6,1,7,1.0,0.3333333333333333,0.7777777777777778,1
T014,2025-06-30,26,10.0,1,1,16.0,10,0.686386779983589,0.2510183806889835,-1.1848297825265859,4,5,9,4,5,9,1.0,1.0,1.0,1
T014,2025-07-07,27,10.0,1,1,17.0,10,0.686386779983589,0.2510183806889835,-1.1848297825265859,4,6,10,2,3,5,0.5,0.5,0.5,1
T014,2025-07-14,28,10.0,1,1,18.0,10,0.686386779983589,0.2510183806889835,-1.1848297825265859,4,6,10,4,5,9,1.0,0.8333333333333334,0.9,1
T014,2025-07-21,29,10.0,1,1,19.0,10,0.686386779983589,0.2510183806889835,-1.1848297825265859,6,5,11,3,3,6,0.5,0.6,0.5454545454545454,1
T014,2025-07-28,30,10.0,1,1,20.0,10,0.686386779983589,0.2510183806889835,-1.1848297825265859,2,5,7,2,3,5,1.0,0.6,0.7142857142857143,1
T015,2025-01-06,1,,0,0,,13,0.1979975846865856,0.7600580349485591,0.07382512802849597,7,12,19,7,12,19,1.0,1.0,1.0,1
T015,2025-01-13,2,,0,0,,13,0.1979975846865856,0.7600580349485591,0.07382512802849597,14,18,32,13,17,30,0.9285714285714286,0.9444444444444444,0.9375,1
T015,2025-01-20,3,,0,0,,13,0.1979975846865856,0.7600580349485591,0.07382512802849597,8,13,21,6,11,17,0.75,0.8461538461538461,0.8095238095238095,1
T015,2025-01-27,4,,0,0,,13,0.1979975846865856,0.7600580349485591,0.07382512802849597,8,16,24,8,15,23,1.0,0.9375,0.9583333333333334,1
T015,2025-02-03,5,,0,0,,13,0.1979975846865856,0.7600580349485591,0.07382512802849597,9,6,15,9,6,15,1.0,1.0,1.0,1
T015,2025-02-10,6,,0,0,,13,0.1979975846865856,0.7600580349485591,0.07382512802849597,11,11,22,9,9,18,0.8181818181818182,0.8181818181818182,0.8181818181818182,1
T015,2025-02-17,7,,0,0,,13,0.1979975846865856,0.7600580349485591,0.07382512802849597,14,14,28,13,12,25,0.9285714285714286,0.8571428571428571,0.8928571428571429,1
T015,2025-02-24,8,,0,0,,13,0.1979975846865856,0.7600580349485591,0.07382512802849597,7,9,16,7,8,15,1.0,0.8888888888888888,0.9375,1
T015,2025-03-03,9,,0,0,,13,0.1979975846865856,0.7600580349485591,0.07382512802849597,9,14,23,9,14,23,1.0,1.0,1.0,1
T015,2025-03-10,10,,0,0,,13,0.1979975846865856,0.7600580349485591,0.07382512802849597,14,10,24,12,9,21,0.8571428571428571,0.9,0.875,1
T015,2025-03-17,11,,0,0,,13,0.1979975846865856,0.7600580349485591,0.07382512802849597,15,11,26,14,9,23,0.9333333333333333,0.8181818181818182,0.8846153846153846,1
T015,2025-03-24,12,,0,0,,13,0.1979975846865856,0.7600580349485591,0.07382512802849597,6,12,18,6,11,17,1.0,0.9166666666666666,0.9444444444444444,1
T015,2025-03-31,13,,0,0,,13,0.1979975846865856,0.7600580349485591,0.07382512802849597,13,16,29,11,15,26,0.8461538461538461,0.9375,0.896551724137931,1
T015,2025-04-07,14,,0,0,,13,0.1979975846865856,0.7600580349485591,0.07382512802849597,8,18,26,6,17,23,0.75,0.9444444444444444,0.8846153846153846,1
T015,2025-04-14,15,,0,0,,13,0.1979975846865856,0.7600580349485591,0.07382512802849597,13,16,29,12,14,26,0.9230769230769231,0.875,0.896551724137931,1
T015,2025-04-21,16,,0,0,,13,0.1979975846865856,0.7600580349485591,0.07382512802849597,9,9,18,9,8,17,1.0,0.8888888888888888,0.9444444444444444,1
T015,2025-04-28,17,,0,0,,13,0.1979975846865856,0.7600580349485591,0.07382512802849597,5,6,11,4,6,10,0.8,1.0,0.9090909090909091,1
T015,2025-05-05,18,,0,0,,13,0.1979975846865856,0.7600580349485591,0.07382512802849597,12,12,24,10,12,22,0.8333333333333334,1.0,0.9166666666666666,1
T015,2025-05-12,19,,0,0,,13,0.1979975846865856,0.7600580349485591,0.07382512802849597,7,7,14,7,6,13,1.0,0.8571428571428571,0.9285714285714286,1
T015,2025-05-19,20,,0,0,,13,0.1979975846865856,0.7600580349485591,0.07382512802849597,4,12,16,4,10,14,1.0,0.8333333333333334,0.875,1
T015,2025-05-26,21,,0,0,,13,0.1979975846865856,0.7600580349485591,0.07382512802849597,9,8,17,8,7,15,0.8888888888888888,0.875,0.8823529411764706,1
T015,2025-06-02,22,,0,0,,13,0.1979975846865856,0.7600580349485591,0.07382512802849597,4,4,8,4,4,8,1.0,1.0,1.0,1
T015,2025-06-09,23,,0,0,,13,0.1979975846865856,0.7600580349485591,0.07382512802849597,6,11,17,5,10,15,0.8333333333333334,0.9090909090909091,0.8823529411764706,1
T015,2025-06-16,24,,0,0,,13,0.1979975846865856,0.7600580349485591,0.07382512802849597,8,7,15,7,7,14,0.875,1.0,0.9333333333333333,1
T015,2025-06-23,25,,0,0,,13,0.1979975846865856,0.7600580349485591,0.07382512802849597,8,20,28,7,18,25,0.875,0.9,0.8928571428571429,1
T015,2025-06-30,26,,0,0,,13,0.1979975846865856,0.7600580349485591,0.07382512802849597,6,12,18,6,10,16,1.0,0.8333333333333334,0.8888888888888888,1
T015,2025-07-07,27,,0,0,,13,0.1979975846865856,0.7600580349485591,0.07382512802849597,12,12,24,11,12,23,0.9166666666666666,1.0,0.9583333333333334,1
T015,2025-07-14,28,,0,0,,13,0.1979975846865856,0.7600580349485591,0.07382512802849597,9,24,33,8,20,28,0.8888888888888888,0.8333333333333334,0.8484848484848485,1
T015,2025-07-21,29,,0,0,,13,0.1979975846865856,0.7600580349485591,0.07382512802849597,12,16,28,11,12,23,0.9166666666666666,0.75,0.8214285714285714,1
T015,2025-07-28,30,,0,0,,13,0.1979975846865856,0.7600580349485591,0.07382512802849597,15,21,36,12,18,30,0.8,0.8571428571428571,0.8333333333333334,1
T016,2025-01-06,1,,0,0,,14,0.12020992140039584,0.4242780571269361,-0.3314557520185257,8,9,17,6,7,13,0.75,0.7777777777777778,0.7647058823529411,1
T016,2025-01-13,2,,0,0,,14,0.12020992140039584,0.4242780571269361,-0.3314557520185257,12,15,27,10,14,24,0.8333333333333334,0.9333333333333333,0.8888888888888888,1
T016,2025-01-20,3,,0,0,,14,0.12020992140039584,0.4242780571269361,-0.3314557520185257,11,13,24,11,11,22,1.0,0.8461538461538461,0.9166666666666666,1
T016,2025-01-27,4,,0,0,,14,0.12020992140039584,0.4242780571269361,-0.3314557520185257,13,9,22,12,7,19,0.9230769230769231,0.7777777777777778,0.8636363636363636,1
T016,2025-02-03,5,,0,0,,14,0.12020992140039584,0.4242780571269361,-0.3314557520185257,3,5,8,2,3,5,0.6666666666666666,0.6,0.625,1
T016,2025-02-10,6,,0,0,,14,0.12020992140039584,0.4242780571269361,-0.3314557520185257,12,15,27,11,13,24,0.9166666666666666,0.8666666666666667,0.8888888888888888,1
T016,2025-02-17,7,,0,0,,14,0.12020992140039584,0.4242780571269361,-0.3314557520185257,8,7,15,8,6,14,1.0,0.8571428571428571,0.9333333333333333,1
T016,2025-02-24,8,,0,0,,14,0.12020992140039584,0.4242780571269361,-0.3314557520185257,10,14,24,8,12,20,0.8,0.8571428571428571,0.8333333333333334,1
T016,2025-03-03,9,,0,0,,14,0.12020992140039584,0.4242780571269361,-0.3314557520185257,10,9,19,10,9,19,1.0,1.0,1.0,1
T016,2025-03-10,10,,0,0,,14,0.12020992140039584,0.4242780571269361,-0.3314557520185257,6,9,15,6,9,15,1.0,1.0,1.0,1
T016,2025-03-17,11,,0,0,,14,0.12020992140039584,0.4242780571269361,-0.3314557520185257,5,8,13,4,6,10,0.8,0.75,0.7692307692307693,1
T016,2025-03-24,12,,0,0,,14,0.12020992140039584,0.4242780571269361,-0.3314557520185257,10,18,28,9,17,26,0.9,0.9444444444444444,0.9285714285714286,1
T016,2025-03-31,13,,0,0,,14,0.12020992140039584,0.4242780571269361,-0.3314557520185257,12,12,24,11,8,19,0.9166666666666666,0.6666666666666666,0.7916666666666666,1
T016,2025-04-07,14,,0,0,,14,0.12020992140039584,0.4242780571269361,-0.3314557520185257,9,6,15,7,2,9,0.7777777777777778,0.3333333333333333,0.6,1
T016,2025-04-14,15,,0,0,,14,0.12020992140039584,0.4242780571269361,-0.3314557520185257,8,5,13,6,5,11,0.75,1.0,0.8461538461538461,1
T016,2025-04-21,16,,0,0,,14,0.12020992140039584,0.4242780571269361,-0.3314557520185257,6,10,16,5,10,15,0.8333333333333334,1.0,0.9375,1
T016,2025-04-28,17,,0,0,,14,0.12020992140039584,0.4242780571269361,-0.3314557520185257,15,17,32,11,14,25,0.7333333333333333,0.8235294117647058,0.78125,1
T016,2025-05-05,18,,0,0,,14,0.12020992140039584,0.4242780571269361,-0.3314557520185257,6,8,14,3,8,11,0.5,1.0,0.7857142857142857,1
T016,2025-05-12,19,,0,0,,14,0.12020992140039584,0.4242780571269361,-0.3314557520185257,5,14,19,5,12,17,1.0,0.8571428571428571,0.8947368421052632,1
T016,2025-05-19,20,,0,0,,14,0.12020992140039584,0.4242780571269361,-0.3314557520185257,4,13,17,2,12,14,0.5,0.9230769230769231,0.8235294117647058,1
T016,2025-05-26,21,,0,0,,14,0.12020992140039584,0.4242780571269361,-0.3314557520185257,9,8,17,8,5,13,0.8888888888888888,0.625,0.7647058823529411,1
T016,2025-06-02,22,,0,0,,14,0.12020992140039584,0.4242780571269361,-0.3314557520185257,16,15,31,14,14,28,0.875,0.9333333333333333,0.9032258064516129,1
T016,2025-06-09,23,,0,0,,14,0.12020992140039584,0.4242780571269361,-0.3314557520185257,8,13,21,6,12,18,0.75,0.9230769230769231,0.8571428571428571,1
T016,2025-06-16,24,,0,0,,14,0.12020992140039584,0.4242780571269361,-0.3314557520185257,7,14,21,4,12,16,0.5714285714285714,0.8571428571428571,0.7619047619047619,1
T016,2025-06-23,25,,0,0,,14,0.12020992140039584,0.4242780571269361,-0.3314557520185257,6,19,25,6,17,23,1.0,0.8947368421052632,0.92,1
T016,2025-06-30,26,,0,0,,14,0.12020992140039584,0.4242780571269361,-0.3314557520185257,10,9,19,9,6,15,0.9,0.6666666666666666,0.7894736842105263,1
T016,2025-07-07,27,,0,0,,14,0.12020992140039584,0.4242780571269361,-0.3314557520185257,5,13,18,4,11,15,0.8,0.8461538461538461,0.8333333333333334,1
T016,2025-07-14,28,,0,0,,14,0.12020992140039584,0.4242780571269361,-0.3314557520185257,13,14,27,11,11,22,0.8461538461538461,0.7857142857142857,0.8148148148148148,1
T016,2025-07-21,29,,0,0,,14,0.12020992140039584,0.4242780571269361,-0.3314557520185257,6,17,23,5,12,17,0.8333333333333334,0.7058823529411765,0.7391304347826086,1
T016,2025-07-28,30,,0,0,,14,0.12020992140039584,0.4242780571269361,-0.3314557520185257,8,20,28,7,16,23,0.875,0.8,0.8214285714285714,1
T017,2025-01-06,1,10.0,0,0,-9.0,13,0.6591156634369537,0.5903757831286407,0.7008874109716853,5,12,17,4,11,15,0.8,0.9166666666666666,0.8823529411764706,1
T017,2025-01-13,2,10.0,0,0,-8.0,13,0.6591156634369537,0.5903757831286407,0.7008874109716853,17,5,22,17,4,21,1.0,0.8,0.9545454545454546,1
T017,2025-01-20,3,10.0,0,0,-7.0,13,0.6591156634369537,0.5903757831286407,0.7008874109716853,13,17,30,12,13,25,0.9230769230769231,0.7647058823529411,0.8333333333333334,1
T017,2025-01-27,4,10.0,0,0,-6.0,13,0.6591156634369537,0.5903757831286407,0.7008874109716853,5,6,11,5,5,10,1.0,0.8333333333333334,0.9090909090909091,1
T017,2025-02-03,5,10.0,0,0,-5.0,13,0.6591156634369537,0.5903757831286407,0.7008874109716853,12,10,22,8,9,17,0.6666666666666666,0.9,0.7727272727272727,1
T017,2025-02-10,6,10.0,0,0,-4.0,13,0.6591156634369537,0.5903757831286407,0.7008874109716853,13,13,26,11,9,20,0.8461538461538461,0.6923076923076923,0.7692307692307693,1
T017,2025-02-17,7,10.0,0,0,-3.0,13,0.6591156634369537,0.5903757831286407,0.7008874109716853,11,10,21,8,6,14,0.7272727272727273,0.6,0.6666666666666666,1
T017,2025-02-24,8,10.0,0,0,-2.0,13,0.6591156634369537,0.5903757831286407,0.7008874109716853,13,14,27,12,13,25,0.9230769230769231,0.9285714285714286,0.9259259259259259,1
T017,2025-03-03,9,10.0,0,0,-1.0,13,0.6591156634369537,0.5903757831286407,0.7008874109716853,8,14,22,8,11,19,1.0,0.7857142857142857,0.8636363636363636,1
T017,2025-03-10,10,10.0,1,1,0.0,13,0.6591156634369537,0.5903757831286407,0.7008874109716853,12,17,29,12,16,28,1.0,0.9411764705882353,0.9655172413793104,1
T017,2025-03-17,11,10.0,1,1,1.0,13,0.6591156634369537,0.5903757831286407,0.7008874109716853,11,14,25,9,11,20,0.8181818181818182,0.7857142857142857,0.8,1
T017,2025-03-24,12,10.0,1,1,2.0,13,0.6591156634369537,0.5903757831286407,0.7008874109716853,6,6,12,6,5,11,1.0,0.8333333333333334,0.9166666666666666,1
T017,2025-03-31,13,10.0,1,1,3.0,13,0.6591156634369537,0.5903757831286407,0.7008874109716853,10,8,18,8,8,16,0.8,1.0,0.8888888888888888,1
T017,2025-04-07,14,10.0,1,1,4.0,13,0.6591156634369537,0.5903757831286407,0.7008874109716853,8,11,19,7,8,15,0.875,0.7272727272727273,0.7894736842105263,1
T017,2025-04-14,15,10.0,1,1,5.0,13,0.6591156634369537,0.5903757831286407,0.7008874109716853,3,9,12,2,7,9,0.6666666666666666,0.7777777777777778,0.75,1
T017,2025-04-21,16,10.0,1,1,6.0,13,0.6591156634369537,0.5903757831286407,0.7008874109716853,12,25,37,12,22,34,1.0,0.88,0.918918918918919,1
T017,2025-04-28,17,10.0,1,1,7.0,13,0.6591156634369537,0.5903757831286407,0.7008874109716853,7,15,22,7,13,20,1.0,0.8666666666666667,0.9090909090909091,1
T017,2025-05-05,18,10.0,1,1,8.0,13,0.6591156634369537,0.5903757831286407,0.7008874109716853,11,10,21,10,9,19,0.9090909090909091,0.9,0.9047619047619048,1
T017,2025-05-12,19,10.0,1,1,9.0,13,0.6591156634369537,0.5903757831286407,0.7008874109716853,15,7,22,14,7,21,0.9333333333333333,1.0,0.9545454545454546,1
T017,2025-05-19,20,10.0,1,1,10.0,13,0.6591156634369537,0.5903757831286407,0.7008874109716853,7,14,21,7,14,21,1.0,1.0,1.0,1
T017,2025-05-26,21,10.0,1,1,11.0,13,0.6591156634369537,0.5903757831286407,0.7008874109716853,8,12,20,7,11,18,0.875,0.9166666666666666,0.9,1
T017,2025-06-02,22,10.0,1,1,12.0,13,0.6591156634369537,0.5903757831286407,0.7008874109716853,7,10,17,6,9,15,0.8571428571428571,0.9,0.8823529411764706,1
T017,2025-06-09,23,10.0,1,1,13.0,13,0.6591156634369537,0.5903757831286407,0.7008874109716853,9,12,21,9,11,20,1.0,0.9166666666666666,0.9523809523809523,1
T017,2025-06-16,24,10.0,1,1,14.0,13,0.6591156634369537,0.5903757831286407,0.7008874109716853,9,11,20,9,11,20,1.0,1.0,1.0,1
T017,2025-06-23,25,10.0,1,1,15.0,13,0.6591156634369537,0.5903757831286407,0.7008874109716853,3,12,15,3,9,12,1.0,0.75,0.8,1
T017,2025-06-30,26,10.0,1,1,16.0,13,0.6591156634369537,0.5903757831286407,0.7008874109716853,6,11,17,5,10,15,0.8333333333333334,0.9090909090909091,0.8823529411764706,1
T017,2025-07-07,27,10.0,1,1,17.0,13,0.6591156634369537,0.5903757831286407,0.7008874109716853,16,20,36,14,16,30,0.875,0.8,0.8333333333333334,1
T017,2025-07-14,28,10.0,1,1,18.0,13,0.6591156634369537,0.5903757831286407,0.7008874109716853,8,14,22,7,13,20,0.875,0.9285714285714286,0.9090909090909091,1
T017,2025-07-21,29,10.0,1,1,19.0,13,0.6591156634369537,0.5903757831286407,0.7008874109716853,7,12,19,6,7,13,0.8571428571428571,0.5833333333333334,0.6842105263157895,1
T017,2025-07-28,30,10.0,1,1,20.0,13,0.6591156634369537,0.5903757831286407,0.7008874109716853,12,15,27,10,14,24,0.8333333333333334,0.9333333333333333,0.8888888888888888,1
T018,2025-01-06,1,13.0,0,0,-12.0,11,0.5548577030118861,0.7945438354286053,0.36778172041379864,14,7,21,12,6,18,0.8571428571428571,0.8571428571428571,0.8571428571428571,1
T018,2025-01-13,2,13.0,0,0,-11.0,11,0.5548577030118861,0.7945438354286053,0.36778172041379864,7,5,12,6,5,11,0.8571428571428571,1.0,0.9166666666666666,1
T018,2025-01-20,3,13.0,0,0,-10.0,11,0.5548577030118861,0.7945438354286053,0.36778172041379864,7,12,19,6,10,16,0.8571428571428571,0.8333333333333334,0.8421052631578947,1
T018,2025-01-27,4,13.0,0,0,-9.0,11,0.5548577030118861,0.7945438354286053,0.36778172041379864,7,8,15,6,7,13,0.8571428571428571,0.875,0.8666666666666667,1
T018,2025-02-03,5,13.0,0,0,-8.0,11,0.5548577030118861,0.7945438354286053,0.36778172041379864,5,5,10,5,4,9,1.0,0.8,0.9,1
T018,2025-02-10,6,13.0,0,0,-7.0,11,0.5548577030118861,0.7945438354286053,0.36778172041379864,8,10,18,7,9,16,0.875,0.9,0.8888888888888888,1
T018,2025-02-17,7,13.0,0,0,-6.0,11,0.5548577030118861,0.7945438354286053,0.36778172041379864,9,13,22,8,13,21,0.8888888888888888,1.0,0.9545454545454546,1
T018,2025-02-24,8,13.0,0,0,-5.0,11,0.5548577030118861,0.7945438354286053,0.36778172041379864,9,8,17,8,6,14,0.8888888888888888,0.75,0.8235294117647058,1
T018,2025-03-03,9,13.0,0,0,-4.0,11,0.5548577030118861,0.7945438354286053,0.36778172041379864,10,9,19,10,9,19,1.0,1.0,1.0,1
T018,2025-03-10,10,13.0,0,0,-3.0,11,0.5548577030118861,0.7945438354286053,0.36778172041379864,10,9,19,8,6,14,0.8,0.6666666666666666,0.7368421052631579,1
T018,2025-03-17,11,13.0,0,0,-2.0,11,0.5548577030118861,0.7945438354286053,0.36778172041379864,6,5,11,4,5,9,0.6666666666666666,1.0,0.8181818181818182,1
T018,2025-03-24,12,13.0,0,0,-1.0,11,0.5548577030118861,0.7945438354286053,0.36778172041379864,9,4,13,9,4,13,1.0,1.0,1.0,1
T018,2025-03-31,13,13.0,1,1,0.0,11,0.5548577030118861,0.7945438354286053,0.36778172041379864,5,5,10,5,5,10,1.0,1.0,1.0,1
T018,2025-04-07,14,13.0,1,1,1.0,11,0.5548577030118861,0.7945438354286053,0.36778172041379864,5,7,12,5,5,10,1.0,0.7142857142857143,0.8333333333333334,1
T018,2025-04-14,15,13.0,1,1,2.0,11,0.5548577030118861,0.7945438354286053,0.36778172041379864,9,8,17,8,6,14,0.8888888888888888,0.75,0.8235294117647058,1
T018,2025-04-21,16,13.0,1,1,3.0,11,0.5548577030118861,0.7945438354286053,0.36778172041379864,8,10,18,8,8,16,1.0,0.8,0.8888888888888888,1
T018,2025-04-28,17,13.0,1,1,4.0,11,0.5548577030118861,0.7945438354286053,0.36778172041379864,14,11,25,13,11,24,0.9285714285714286,1.0,0.96,1
T018,2025-05-05,18,13.0,1,1,5.0,11,0.5548577030118861,0.7945438354286053,0.36778172041379864,9,10,19,8,9,17,0.8888888888888888,0.9,0.8947368421052632,1
T018,2025-05-12,19,13.0,1,1,6.0,11,0.5548577030118861,0.7945438354286053,0.36778172041379864,8,11,19,7,8,15,0.875,0.7272727272727273,0.7894736842105263,1
T018,2025-05-19,20,13.0,1,1,7.0,11,0.5548577030118861,0.7945438354286053,0.36778172041379864,11,10,21,10,8,18,0.9090909090909091,0.8,0.8571428571428571,1
T018,2025-05-26,21,13.0,1,1,8.0,11,0.5548577030118861,0.7945438354286053,0.36778172041379864,5,7,12,5,5,10,1.0,0.7142857142857143,0.8333333333333334,1
T018,2025-06-02,22,13.0,1,1,9.0,11,0.5548577030118861,0.7945438354286053,0.36778172041379864,7,16,23,6,16,22,0.8571428571428571,1.0,0.9565217391304348,1
T018,2025-06-09,23,13.0,1,1,10.0,11,0.5548577030118861,0.7945438354286053,0.36778172041379864,10,14,24,9,12,21,0.9,0.8571428571428571,0.875,1
T018,2025-06-16,24,13.0,1,1,11.0,11,0.5548577030118861,0.7945438354286053,0.36778172041379864,6,5,11,4,4,8,0.6666666666666666,0.8,0.7272727272727273,1
T018,2025-06-23,25,13.0,1,1,12.0,11,0.5548577030118861,0.7945438354286053,0.36778172041379864,4,6,10,4,5,9,1.0,0.8333333333333334,0.9,1
T018,2025-06-30,26,13.0,1,1,13.0,11,0.5548577030118861,0.7945438354286053,0.36778172041379864,6,11,17,6,10,16,1.0,0.9090909090909091,0.9411764705882353,1
T018,2025-07-07,27,13.0,1,1,14.0,11,0.5548577030118861,0.7945438354286053,0.36778172041379864,4,7,11,3,7,10,0.75,1.0,0.9090909090909091,1
T018,2025-07-14,28,13.0,1,1,15.0,11,0.5548577030118861,0.7945438354286053,0.36778172041379864,11,15,26,11,13,24,1.0,0.8666666666666667,0.9230769230769231,1
T018,2025-07-21,29,13.0,1,1,16.0,11,0.5548577030118861,0.7945438354286053,0.36778172041379864,4,9,13,4,6,10,1.0,0.6666666666666666,0.7692307692307693,1
T018,2025-07-28,30,13.0,1,1,17.0,11,0.5548577030118861,0.7945438354286053,0.36778172041379864,4,4,8,3,3,6,0.75,0.75,0.75,1
T019,2025-01-06,1,,0,0,,14,0.6830912779227042,0.4892457792609748,1.7825878975786045,15,21,36,14,17,31,0.9333333333333333,0.8095238095238095,0.8611111111111112,1
T019,2025-01-13,2,,0,0,,14,0.6830912779227042,0.4892457792609748,1.7825878975786045,6,16,22,3,12,15,0.5,0.75,0.6818181818181818,1
T019,2025-01-20,3,,0,0,,14,0.6830912779227042,0.4892457792609748,1.7825878975786045,12,11,23,8,10,18,0.6666666666666666,0.9090909090909091,0.782608695652174,1
T019,2025-01-27,4,,0,0,,14,0.6830912779227042,0.4892457792609748,1.7825878975786045,8,10,18,7,7,14,0.875,0.7,0.7777777777777778,1
T019,2025-02-03,5,,0,0,,14,0.6830912779227042,0.4892457792609748,1.7825878975786045,14,11,25,11,8,19,0.7857142857142857,0.7272727272727273,0.76,1
T019,2025-02-10,6,,0,0,,14,0.6830912779227042,0.4892457792609748,1.7825878975786045,14,13,27,13,13,26,0.9285714285714286,1.0,0.9629629629629629,1
T019,2025-02-17,7,,0,0,,14,0.6830912779227042,0.4892457792609748,1.7825878975786045,12,19,31,10,17,27,0.8333333333333334,0.8947368421052632,0.8709677419354839,1
T019,2025-02-24,8,,0,0,,14,0.6830912779227042,0.4892457792609748,1.7825878975786045,11,9,20,10,9,19,0.9090909090909091,1.0,0.95,1
T019,2025-03-03,9,,0,0,,14,0.6830912779227042,0.4892457792609748,1.7825878975786045,15,16,31,11,11,22,0.7333333333333333,0.6875,0.7096774193548387,1
T019,2025-03-10,10,,0,0,,14,0.6830912779227042,0.4892457792609748,1.7825878975786045,11,10,21,11,9,20,1.0,0.9,0.9523809523809523,1
T019,2025-03-17,11,,0,0,,14,0.6830912779227042,0.4892457792609748,1.7825878975786045,11,8,19,9,7,16,0.8181818181818182,0.875,0.8421052631578947,1
T019,2025-03-24,12,,0,0,,14,0.6830912779227042,0.4892457792609748,1.7825878975786045,17,18,35,15,16,31,0.8823529411764706,0.8888888888888888,0.8857142857142857,1
T019,2025-03-31,13,,0,0,,14,0.6830912779227042,0.4892457792609748,1.7825878975786045,16,5,21,15,5,20,0.9375,1.0,0.9523809523809523,1
T019,2025-04-07,14,,0,0,,14,0.6830912779227042,0.4892457792609748,1.7825878975786045,20,17,37,16,13,29,0.8,0.7647058823529411,0.7837837837837838,1
T019,2025-04-14,15,,0,0,,14,0.6830912779227042,0.4892457792609748,1.7825878975786045,13,18,31,10,15,25,0.7692307692307693,0.8333333333333334,0.8064516129032258,1
T019,2025-04-21,16,,0,0,,14,0.6830912779227042,0.4892457792609748,1.7825878975786045,12,11,23,12,9,21,1.0,0.8181818181818182,0.9130434782608695,1
T019,2025-04-28,17,,0,0,,14,0.6830912779227042,0.4892457792609748,1.7825878975786045,12,13,25,11,11,22,0.9166666666666666,0.8461538461538461,0.88,1
T019,2025-05-05,18,,0,0,,14,0.6830912779227042,0.4892457792609748,1.7825878975786045,7,23,30,5,19,24,0.7142857142857143,0.8260869565217391,0.8,1
T019,2025-05-12,19,,0,0,,14,0.6830912779227042,0.4892457792609748,1.7825878975786045,7,17,24,4,16,20,0.5714285714285714,0.9411764705882353,0.8333333333333334,1
T019,2025-05-19,20,,0,0,,14,0.6830912779227042,0.4892457792609748,1.7825878975786045,13,10,23,12,8,20,0.9230769230769231,0.8,0.8695652173913043,1
T019,2025-05-26,21,,0,0,,14,0.6830912779227042,0.4892457792609748,1.7825878975786045,6,19,25,6,16,22,1.0,0.8421052631578947,0.88,1
T019,2025-06-02,22,,0,0,,14,0.6830912779227042,0.4892457792609748,1.7825878975786045,8,21,29,8,20,28,1.0,0.9523809523809523,0.9655172413793104,1
T019,2025-06-09,23,,0,0,,14,0.6830912779227042,0.4892457792609748,1.7825878975786045,7,18,25,6,18,24,0.8571428571428571,1.0,0.96,1
T019,2025-06-16,24,,0,0,,14,0.6830912779227042,0.4892457792609748,1.7825878975786045,20,27,47,18,26,44,0.9,0.9629629629629629,0.9361702127659575,1
T019,2025-06-23,25,,0,0,,14,0.6830912779227042,0.4892457792609748,1.7825878975786045,9,17,26,8,14,22,0.8888888888888888,0.8235294117647058,0.8461538461538461,1
T019,2025-06-30,26,,0,0,,14,0.6830912779227042,0.4892457792609748,1.7825878975786045,7,9,16,6,7,13,0.8571428571428571,0.7777777777777778,0.8125,1
T019,2025-07-07,27,,0,0,,14,0.6830912779227042,0.4892457792609748,1.7825878975786045,6,15,21,5,14,19,0.8333333333333334,0.9333333333333333,0.9047619047619048,1
T019,2025-07-14,28,,0,0,,14,0.6830912779227042,0.4892457792609748,1.7825878975786045,14,12,26,14,11,25,1.0,0.9166666666666666,0.9615384615384616,1
T019,2025-07-21,29,,0,0,,14,0.6830912779227042,0.4892457792609748,1.7825878975786045,6,8,14,4,6,10,0.6666666666666666,0.75,0.7142857142857143,1
T019,2025-07-28,30,,0,0,,14,0.6830912779227042,0.4892457792609748,1.7825878975786045,16,17,33,14,15,29,0.875,0.8823529411764706,0.8787878787878788,1
T020,2025-01-06,1,,0,0,,9,0.16861115705395144,0.7683530170935008,-1.5868918293606646,5,7,12,4,5,9,0.8,0.7142857142857143,0.75,1
T020,2025-01-13,2,,0,0,,9,0.16861115705395144,0.7683530170935008,-1.5868918293606646,6,8,14,6,6,12,1.0,0.75,0.8571428571428571,1
T020,2025-01-20,3,,0,0,,9,0.16861115705395144,0.7683530170935008,-1.5868918293606646,4,3,7,4,3,7,1.0,1.0,1.0,1
T020,2025-01-27,4,,0,0,,9,0.16861115705395144,0.7683530170935008,-1.5868918293606646,6,4,10,6,4,10,1.0,1.0,1.0,1
T020,2025-02-03,5,,0,0,,9,0.16861115705395144,0.7683530170935008,-1.5868918293606646,3,3,6,3,2,5,1.0,0.6666666666666666,0.8333333333333334,1
T020,2025-02-10,6,,0,0,,9,0.16861115705395144,0.7683530170935008,-1.5868918293606646,5,0,5,5,0,5,1.0,,1.0,1
T020,2025-02-17,7,,0,0,,9,0.16861115705395144,0.7683530170935008,-1.5868918293606646,7,7,14,7,7,14,1.0,1.0,1.0,1
T020,2025-02-24,8,,0,0,,9,0.16861115705395144,0.7683530170935008,-1.5868918293606646,2,7,9,2,6,8,1.0,0.8571428571428571,0.8888888888888888,1
T020,2025-03-03,9,,0,0,,9,0.16861115705395144,0.7683530170935008,-1.5868918293606646,2,2,4,1,1,2,0.5,0.5,0.5,1
T020,2025-03-10,10,,0,0,,9,0.16861115705395144,0.7683530170935008,-1.5868918293606646,6,9,15,5,9,14,0.8333333333333334,1.0,0.9333333333333333,1
T020,2025-03-17,11,,0,0,,9,0.16861115705395144,0.7683530170935008,-1.5868918293606646,10,3,13,10,2,12,1.0,0.6666666666666666,0.9230769230769231,1
T020,2025-03-24,12,,0,0,,9,0.16861115705395144,0.7683530170935008,-1.5868918293606646,2,3,5,2,2,4,1.0,0.6666666666666666,0.8,1
T020,2025-03-31,13,,0,0,,9,0.16861115705395144,0.7683530170935008,-1.5868918293606646,6,5,11,5,5,10,0.8333333333333334,1.0,0.9090909090909091,1
T020,2025-04-07,14,,0,0,,9,0.16861115705395144,0.7683530170935008,-1.5868918293606646,1,2,3,1,2,3,1.0,1.0,1.0,1
T020,2025-04-14,15,,0,0,,9,0.16861115705395144,0.7683530170935008,-1.5868918293606646,3,5,8,2,4,6,0.6666666666666666,0.8,0.75,1
T020,2025-04-21,16,,0,0,,9,0.16861115705395144,0.7683530170935008,-1.5868918293606646,2,2,4,2,2,4,1.0,1.0,1.0,1
T020,2025-04-28,17,,0,0,,9,0.16861115705395144,0.7683530170935008,-1.5868918293606646,2,4,6,1,3,4,0.5,0.75,0.6666666666666666,1
T020,2025-05-05,18,,0,0,,9,0.16861115705395144,0.7683530170935008,-1.5868918293606646,3,5,8,3,4,7,1.0,0.8,0.875,1
T020,2025-05-12,19,,0,0,,9,0.16861115705395144,0.7683530170935008,-1.5868918293606646,5,10,15,4,10,14,0.8,1.0,0.9333333333333333,1
T020,2025-05-19,20,,0,0,,9,0.16861115705395144,0.7683530170935008,-1.5868918293606646,1,2,3,1,2,3,1.0,1.0,1.0,1
T020,2025-05-26,21,,0,0,,9,0.16861115705395144,0.7683530170935008,-1.5868918293606646,6,8,14,5,8,13,0.8333333333333334,1.0,0.9285714285714286,1
T020,2025-06-02,22,,0,0,,9,0.16861115705395144,0.7683530170935008,-1.5868918293606646,1,3,4,1,2,3,1.0,0.6666666666666666,0.75,1
T020,2025-06-09,23,,0,0,,9,0.16861115705395144,0.7683530170935008,-1.5868918293606646,7,9,16,6,8,14,0.8571428571428571,0.8888888888888888,0.875,1
T020,2025-06-16,24,,0,0,,9,0.16861115705395144,0.7683530170935008,-1.5868918293606646,7,3,10,7,3,10,1.0,1.0,1.0,1
T020,2025-06-23,25,,0,0,,9,0.16861115705395144,0.7683530170935008,-1.5868918293606646,3,8,11,2,8,10,0.6666666666666666,1.0,0.9090909090909091,1
T020,2025-06-30,26,,0,0,,9,0.16861115705395144,0.7683530170935008,-1.5868918293606646,8,9,17,7,9,16,0.875,1.0,0.9411764705882353,1
T020,2025-07-07,27,,0,0,,9,0.16861115705395144,0.7683530170935008,-1.5868918293606646,3,5,8,2,5,7,0.6666666666666666,1.0,0.875,1
T020,2025-07-14,28,,0,0,,9,0.16861115705395144,0.7683530170935008,-1.5868918293606646,5,5,10,3,5,8,0.6,1.0,0.8,1
T020,2025-07-21,29,,0,0,,9,0.16861115705395144,0.7683530170935008,-1.5868918293606646,4,7,11,4,5,9,1.0,0.7142857142857143,0.8181818181818182,1
T020,2025-07-28,30,,0,0,,9,0.16861115705395144,0.7683530170935008,-1.5868918293606646,2,1,3,2,1,3,1.0,1.0,1.0,1
T021,2025-01-06,1,,0,0,,10,0.7062879613000317,0.56107441267538,0.003534959812240752,17,4,21,13,3,16,0.7647058823529411,0.75,0.7619047619047619,1
T021,2025-01-13,2,,0,0,,10,0.7062879613000317,0.56107441267538,0.003534959812240752,4,5,9,4,5,9,1.0,1.0,1.0,1
T021,2025-01-20,3,,0,0,,10,0.7062879613000317,0.56107441267538,0.003534959812240752,5,10,15,4,8,12,0.8,0.8,0.8,1
T021,2025-01-27,4,,0,0,,10,0.7062879613000317,0.56107441267538,0.003534959812240752,5,6,11,5,6,11,1.0,1.0,1.0,1
T021,2025-02-03,5,,0,0,,10,0.7062879613000317,0.56107441267538,0.003534959812240752,10,5,15,9,5,14,0.9,1.0,0.9333333333333333,1
T021,2025-02-10,6,,0,0,,10,0.7062879613000317,0.56107441267538,0.003534959812240752,8,5,13,6,2,8,0.75,0.4,0.6153846153846154,1
T021,2025-02-17,7,,0,0,,10,0.7062879613000317,0.56107441267538,0.003534959812240752,6,12,18,6,12,18,1.0,1.0,1.0,1
T021,2025-02-24,8,,0,0,,10,0.7062879613000317,0.56107441267538,0.003534959812240752,8,4,12,7,2,9,0.875,0.5,0.75,1
T021,2025-03-03,9,,0,0,,10,0.7062879613000317,0.56107441267538,0.003534959812240752,8,10,18,6,10,16,0.75,1.0,0.8888888888888888,1
T021,2025-03-10,10,,0,0,,10,0.7062879613000317,0.56107441267538,0.003534959812240752,10,4,14,9,4,13,0.9,1.0,0.9285714285714286,1
T021,2025-03-17,11,,0,0,,10,0.7062879613000317,0.56107441267538,0.003534959812240752,2,4,6,2,4,6,1.0,1.0,1.0,1
T021,2025-03-24,12,,0,0,,10,0.7062879613000317,0.56107441267538,0.003534959812240752,11,9,20,8,8,16,0.7272727272727273,0.8888888888888888,0.8,1
T021,2025-03-31,13,,0,0,,10,0.7062879613000317,0.56107441267538,0.003534959812240752,2,5,7,2,4,6,1.0,0.8,0.8571428571428571,1
T021,2025-04-07,14,,0,0,,10,0.7062879613000317,0.56107441267538,0.003534959812240752,5,2,7,4,2,6,0.8,1.0,0.8571428571428571,1
T021,2025-04-14,15,,0,0,,10,0.7062879613000317,0.56107441267538,0.003534959812240752,2,3,5,2,2,4,1.0,0.6666666666666666,0.8,1
T021,2025-04-21,16,,0,0,,10,0.7062879613000317,0.56107441267538,0.003534959812240752,3,5,8,3,4,7,1.0,0.8,0.875,1
T021,2025-04-28,17,,0,0,,10,0.7062879613000317,0.56107441267538,0.003534959812240752,9,10,19,9,9,18,1.0,0.9,0.9473684210526315,1
T021,2025-05-05,18,,0,0,,10,0.7062879613000317,0.56107441267538,0.003534959812240752,6,5,11,4,5,9,0.6666666666666666,1.0,0.8181818181818182,1
T021,2025-05-12,19,,0,0,,10,0.7062879613000317,0.56107441267538,0.003534959812240752,5,13,18,4,10,14,0.8,0.7692307692307693,0.7777777777777778,1
T021,2025-05-19,20,,0,0,,10,0.7062879613000317,0.56107441267538,0.003534959812240752,2,4,6,2,2,4,1.0,0.5,0.6666666666666666,1
T021,2025-05-26,21,,0,0,,10,0.7062879613000317,0.56107441267538,0.003534959812240752,11,6,17,9,5,14,0.8181818181818182,0.8333333333333334,0.8235294117647058,1
T021,2025-06-02,22,,0,0,,10,0.7062879613000317,0.56107441267538,0.003534959812240752,2,6,8,2,6,8,1.0,1.0,1.0,1
T021,2025-06-09,23,,0,0,,10,0.7062879613000317,0.56107441267538,0.003534959812240752,7,9,16,7,7,14,1.0,0.7777777777777778,0.875,1
T021,2025-06-16,24,,0,0,,10,0.7062879613000317,0.56107441267538,0.003534959812240752,5,5,10,5,4,9,1.0,0.8,0.9,1
T021,2025-06-23,25,,0,0,,10,0.7062879613000317,0.56107441267538,0.003534959812240752,8,10,18,7,8,15,0.875,0.8,0.8333333333333334,1
T021,2025-06-30,26,,0,0,,10,0.7062879613000317,0.56107441267538,0.003534959812240752,10,5,15,9,4,13,0.9,0.8,0.8666666666666667,1
T021,2025-07-07,27,,0,0,,10,0.7062879613000317,0.56107441267538,0.003534959812240752,7,4,11,6,4,10,0.8571428571428571,1.0,0.9090909090909091,1
T021,2025-07-14,28,,0,0,,10,0.7062879613000317,0.56107441267538,0.003534959812240752,5,9,14,3,9,12,0.6,1.0,0.8571428571428571,1
T021,2025-07-21,29,,0,0,,10,0.7062879613000317,0.56107441267538,0.003534959812240752,2,6,8,2,5,7,1.0,0.8333333333333334,0.875,1
T021,2025-07-28,30,,0,0,,10,0.7062879613000317,0.56107441267538,0.003534959812240752,6,9,15,5,8,13,0.8333333333333334,0.8888888888888888,0.8666666666666667,1
T022,2025-01-06,1,9.0,0,0,-8.0,4,0.6498713679507213,0.8279636717290336,1.2513838500454457,6,4,10,6,4,10,1.0,1.0,1.0,1
T022,2025-01-13,2,9.0,0,0,-7.0,4,0.6498713679507213,0.8279636717290336,1.2513838500454457,2,2,4,2,2,4,1.0,1.0,1.0,1
T022,2025-01-20,3,9.0,0,0,-6.0,4,0.6498713679507213,0.8279636717290336,1.2513838500454457,7,5,12,4,3,7,0.5714285714285714,0.6,0.5833333333333334,1
T022,2025-01-27,4,9.0,0,0,-5.0,4,0.6498713679507213,0.8279636717290336,1.2513838500454457,2,3,5,1,3,4,0.5,1.0,0.8,1
T022,2025-02-03,5,9.0,0,0,-4.0,4,0.6498713679507213,0.8279636717290336,1.2513838500454457,2,4,6,1,4,5,0.5,1.0,0.8333333333333334,1
T022,2025-02-10,6,9.0,0,0,-3.0,4,0.6498713679507213,0.8279636717290336,1.2513838500454457,2,7,9,2,6,8,1.0,0.8571428571428571,0.8888888888888888,1
T022,2025-02-17,7,9.0,0,0,-2.0,4,0.6498713679507213,0.8279636717290336,1.2513838500454457,6,7,13,6,7,13,1.0,1.0,1.0,1
T022,2025-02-24,8,9.0,0,0,-1.0,4,0.6498713679507213,0.8279636717290336,1.2513838500454457,11,1,12,10,0,10,0.9090909090909091,0.0,0.8333333333333334,1
T022,2025-03-03,9,9.0,1,1,0.0,4,0.6498713679507213,0.8279636717290336,1.2513838500454457,9,6,15,7,6,13,0.7777777777777778,1.0,0.8666666666666667,1
T022,2025-03-10,10,9.0,1,1,1.0,4,0.6498713679507213,0.8279636717290336,1.2513838500454457,3,4,7,3,4,7,1.0,1.0,1.0,1
T022,2025-03-17,11,9.0,1,1,2.0,4,0.6498713679507213,0.8279636717290336,1.2513838500454457,1,1,2,1,1,2,1.0,1.0,1.0,0
T022,2025-03-24,12,9.0,1,1,3.0,4,0.6498713679507213,0.8279636717290336,1.2513838500454457,5,4,9,5,4,9,1.0,1.0,1.0,1
T022,2025-03-31,13,9.0,1,1,4.0,4,0.6498713679507213,0.8279636717290336,1.2513838500454457,7,5,12,7,5,12,1.0,1.0,1.0,1
T022,2025-04-07,14,9.0,1,1,5.0,4,0.6498713679507213,0.8279636717290336,1.2513838500454457,1,6,7,1,5,6,1.0,0.8333333333333334,0.8571428571428571,1
T022,2025-04-14,15,9.0,1,1,6.0,4,0.6498713679507213,0.8279636717290336,1.2513838500454457,10,11,21,10,10,20,1.0,0.9090909090909091,0.9523809523809523,1
T022,2025-04-21,16,9.0,1,1,7.0,4,0.6498713679507213,0.8279636717290336,1.2513838500454457,4,4,8,3,4,7,0.75,1.0,0.875,1
T022,2025-04-28,17,9.0,1,1,8.0,4,0.6498713679507213,0.8279636717290336,1.2513838500454457,8,10,18,8,9,17,1.0,0.9,0.9444444444444444,1
T022,2025-05-05,18,9.0,1,1,9.0,4,0.6498713679507213,0.8279636717290336,1.2513838500454457,3,4,7,3,3,6,1.0,0.75,0.8571428571428571,1
T022,2025-05-12,19,9.0,1,1,10.0,4,0.6498713679507213,0.8279636717290336,1.2513838500454457,5,3,8,4,2,6,0.8,0.6666666666666666,0.75,1
T022,2025-05-19,20,9.0,1,1,11.0,4,0.6498713679507213,0.8279636717290336,1.2513838500454457,2,6,8,1,5,6,0.5,0.8333333333333334,0.75,1
T022,2025-05-26,21,9.0,1,1,12.0,4,0.6498713679507213,0.8279636717290336,1.2513838500454457,1,3,4,1,3,4,1.0,1.0,1.0,1
T022,2025-06-02,22,9.0,1,1,13.0,4,0.6498713679507213,0.8279636717290336,1.2513838500454457,4,5,9,4,4,8,1.0,0.8,0.8888888888888888,1
T022,2025-06-09,23,9.0,1,1,14.0,4,0.6498713679507213,0.8279636717290336,1.2513838500454457,6,6,12,5,3,8,0.8333333333333334,0.5,0.6666666666666666,1
T022,2025-06-16,24,9.0,1,1,15.0,4,0.6498713679507213,0.8279636717290336,1.2513838500454457,8,1,9,6,1,7,0.75,1.0,0.7777777777777778,1
T022,2025-06-23,25,9.0,1,1,16.0,4,0.6498713679507213,0.8279636717290336,1.2513838500454457,4,8,12,4,8,12,1.0,1.0,1.0,1
T022,2025-06-30,26,9.0,1,1,17.0,4,0.6498713679507213,0.8279636717290336,1.2513838500454457,3,5,8,2,4,6,0.6666666666666666,0.8,0.75,1
T022,2025-07-07,27,9.0,1,1,18.0,4,0.6498713679507213,0.8279636717290336,1.2513838500454457,0,5,5,0,4,4,,0.8,0.8,1
T022,2025-07-14,28,9.0,1,1,19.0,4,0.6498713679507213,0.8279636717290336,1.2513838500454457,3,5,8,2,5,7,0.6666666666666666,1.0,0.875,1
T022,2025-07-21,29,9.0,1,1,20.0,4,0.6498713679507213,0.8279636717290336,1.2513838500454457,3,4,7,3,4,7,1.0,1.0,1.0,1
T022,2025-07-28,30,9.0,1,1,21.0,4,0.6498713679507213,0.8279636717290336,1.2513838500454457,2,2,4,1,2,3,0.5,1.0,0.75,1
T023,2025-01-06,1,12.0,0,0,-11.0,12,0.23863910068595515,0.7103162851393704,0.2885291091031038,2,7,9,2,7,9,1.0,1.0,1.0,1
T023,2025-01-13,2,12.0,0,0,-10.0,12,0.23863910068595515,0.7103162851393704,0.2885291091031038,8,16,24,6,16,22,0.75,1.0,0.9166666666666666,1
T023,2025-01-20,3,12.0,0,0,-9.0,12,0.23863910068595515,0.7103162851393704,0.2885291091031038,9,5,14,9,5,14,1.0,1.0,1.0,1
T023,2025-01-27,4,12.0,0,0,-8.0,12,0.23863910068595515,0.7103162851393704,0.2885291091031038,4,11,15,3,11,14,0.75,1.0,0.9333333333333333,1
T023,2025-02-03,5,12.0,0,0,-7.0,12,0.23863910068595515,0.7103162851393704,0.2885291091031038,9,7,16,9,5,14,1.0,0.7142857142857143,0.875,1
T023,2025-02-10,6,12.0,0,0,-6.0,12,0.23863910068595515,0.7103162851393704,0.2885291091031038,5,5,10,4,5,9,0.8,1.0,0.9,1
T023,2025-02-17,7,12.0,0,0,-5.0,12,0.23863910068595515,0.7103162851393704,0.2885291091031038,5,12,17,4,12,16,0.8,1.0,0.9411764705882353,1
T023,2025-02-24,8,12.0,0,0,-4.0,12,0.23863910068595515,0.7103162851393704,0.2885291091031038,9,6,15,8,5,13,0.8888888888888888,0.8333333333333334,0.8666666666666667,1
T023,2025-03-03,9,12.0,0,0,-3.0,12,0.23863910068595515,0.7103162851393704,0.2885291091031038,13,7,20,13,7,20,1.0,1.0,1.0,1
T023,2025-03-10,10,12.0,0,0,-2.0,12,0.23863910068595515,0.7103162851393704,0.2885291091031038,7,7,14,6,6,12,0.8571428571428571,0.8571428571428571,0.8571428571428571,1
T023,2025-03-17,11,12.0,0,0,-1.0,12,0.23863910068595515,0.7103162851393704,0.2885291091031038,11,10,21,11,9,20,1.0,0.9,0.9523809523809523,1
T023,2025-03-24,12,12.0,1,1,0.0,12,0.23863910068595515,0.7103162851393704,0.2885291091031038,10,10,20,9,10,19,0.9,1.0,0.95,1
T023,2025-03-31,13,12.0,1,1,1.0,12,0.23863910068595515,0.7103162851393704,0.2885291091031038,9,20,29,9,17,26,1.0,0.85,0.896551724137931,1
T023,2025-04-07,14,12.0,1,1,2.0,12,0.23863910068595515,0.7103162851393704,0.2885291091031038,13,12,25,12,10,22,0.9230769230769231,0.8333333333333334,0.88,1
T023,2025-04-14,15,12.0,1,1,3.0,12,0.23863910068595515,0.7103162851393704,0.2885291091031038,11,11,22,9,9,18,0.8181818181818182,0.8181818181818182,0.8181818181818182,1
T023,2025-04-21,16,12.0,1,1,4.0,12,0.23863910068595515,0.7103162851393704,0.2885291091031038,9,10,19,9,8,17,1.0,0.8,0.8947368421052632,1
T023,2025-04-28,17,12.0,1,1,5.0,12,0.23863910068595515,0.7103162851393704,0.2885291091031038,10,16,26,8,11,19,0.8,0.6875,0.7307692307692307,1
T023,2025-05-05,18,12.0,1,1,6.0,12,0.23863910068595515,0.7103162851393704,0.2885291091031038,2,12,14,2,12,14,1.0,1.0,1.0,1
T023,2025-05-12,19,12.0,1,1,7.0,12,0.23863910068595515,0.7103162851393704,0.2885291091031038,10,17,27,10,14,24,1.0,0.8235294117647058,0.8888888888888888,1
T023,2025-05-19,20,12.0,1,1,8.0,12,0.23863910068595515,0.7103162851393704,0.2885291091031038,4,7,11,3,7,10,0.75,1.0,0.9090909090909091,1
T023,2025-05-26,21,12.0,1,1,9.0,12,0.23863910068595515,0.7103162851393704,0.2885291091031038,7,13,20,7,10,17,1.0,0.7692307692307693,0.85,1
T023,2025-06-02,22,12.0,1,1,10.0,12,0.23863910068595515,0.7103162851393704,0.2885291091031038,6,10,16,5,9,14,0.8333333333333334,0.9,0.875,1
T023,2025-06-09,23,12.0,1,1,11.0,12,0.23863910068595515,0.7103162851393704,0.2885291091031038,4,11,15,4,10,14,1.0,0.9090909090909091,0.9333333333333333,1
T023,2025-06-16,24,12.0,1,1,12.0,12,0.23863910068595515,0.7103162851393704,0.2885291091031038,9,12,21,9,10,19,1.0,0.8333333333333334,0.9047619047619048,1
T023,2025-06-23,25,12.0,1,1,13.0,12,0.23863910068595515,0.7103162851393704,0.2885291091031038,7,10,17,7,9,16,1.0,0.9,0.9411764705882353,1
T023,2025-06-30,26,12.0,1,1,14.0,12,0.23863910068595515,0.7103162851393704,0.2885291091031038,3,4,7,3,3,6,1.0,0.75,0.8571428571428571,1
T023,2025-07-07,27,12.0,1,1,15.0,12,0.23863910068595515,0.7103162851393704,0.2885291091031038,7,8,15,5,6,11,0.7142857142857143,0.75,0.7333333333333333,1
T023,2025-07-14,28,12.0,1,1,16.0,12,0.23863910068595515,0.7103162851393704,0.2885291091031038,7,9,16,6,8,14,0.8571428571428571,0.8888888888888888,0.875,1
T023,2025-07-21,29,12.0,1,1,17.0,12,0.23863910068595515,0.7103162851393704,0.2885291091031038,9,7,16,8,4,12,0.8888888888888888,0.5714285714285714,0.75,1
T023,2025-07-28,30,12.0,1,1,18.0,12,0.23863910068595515,0.7103162851393704,0.2885291091031038,12,13,25,10,11,21,0.8333333333333334,0.8461538461538461,0.84,1
T024,2025-01-06,1,,0,0,,5,0.3237361721369607,0.7307029246005651,-0.38997063721209857,5,3,8,4,2,6,0.8,0.6666666666666666,0.75,1
T024,2025-01-13,2,,0,0,,5,0.3237361721369607,0.7307029246005651,-0.38997063721209857,6,3,9,6,3,9,1.0,1.0,1.0,1
T024,2025-01-20,3,,0,0,,5,0.3237361721369607,0.7307029246005651,-0.38997063721209857,2,9,11,1,8,9,0.5,0.8888888888888888,0.8181818181818182,1
T024,2025-01-27,4,,0,0,,5,0.3237361721369607,0.7307029246005651,-0.38997063721209857,4,7,11,4,5,9,1.0,0.7142857142857143,0.8181818181818182,1
T024,2025-02-03,5,,0,0,,5,0.3237361721369607,0.7307029246005651,-0.38997063721209857,4,4,8,4,4,8,1.0,1.0,1.0,1
T024,2025-02-10,6,,0,0,,5,0.3237361721369607,0.7307029246005651,-0.38997063721209857,3,3,6,2,2,4,0.6666666666666666,0.6666666666666666,0.6666666666666666,1
T024,2025-02-17,7,,0,0,,5,0.3237361721369607,0.7307029246005651,-0.38997063721209857,8,5,13,7,5,12,0.875,1.0,0.9230769230769231,1
T024,2025-02-24,8,,0,0,,5,0.3237361721369607,0.7307029246005651,-0.38997063721209857,5,7,12,5,6,11,1.0,0.8571428571428571,0.9166666666666666,1
T024,2025-03-03,9,,0,0,,5,0.3237361721369607,0.7307029246005651,-0.38997063721209857,1,2,3,0,1,1,0.0,0.5,0.3333333333333333,1
T024,2025-03-10,10,,0,0,,5,0.3237361721369607,0.7307029246005651,-0.38997063721209857,3,6,9,3,6,9,1.0,1.0,1.0,1
T024,2025-03-17,11,,0,0,,5,0.3237361721369607,0.7307029246005651,-0.38997063721209857,3,2,5,3,2,5,1.0,1.0,1.0,1
T024,2025-03-24,12,,0,0,,5,0.3237361721369607,0.7307029246005651,-0.38997063721209857,6,7,13,6,7,13,1.0,1.0,1.0,1
T024,2025-03-31,13,,0,0,,5,0.3237361721369607,0.7307029246005651,-0.38997063721209857,2,3,5,2,2,4,1.0,0.6666666666666666,0.8,1
T024,2025-04-07,14,,0,0,,5,0.3237361721369607,0.7307029246005651,-0.38997063721209857,5,4,9,5,4,9,1.0,1.0,1.0,1
T024,2025-04-14,15,,0,0,,5,0.3237361721369607,0.7307029246005651,-0.38997063721209857,3,6,9,3,6,9,1.0,1.0,1.0,1
T024,2025-04-21,16,,0,0,,5,0.3237361721369607,0.7307029246005651,-0.38997063721209857,7,5,12,7,5,12,1.0,1.0,1.0,1
T024,2025-04-28,17,,0,0,,5,0.3237361721369607,0.7307029246005651,-0.38997063721209857,1,2,3,1,2,3,1.0,1.0,1.0,1
T024,2025-05-05,18,,0,0,,5,0.3237361721369607,0.7307029246005651,-0.38997063721209857,2,2,4,2,2,4,1.0,1.0,1.0,1
T024,2025-05-12,19,,0,0,,5,0.3237361721369607,0.7307029246005651,-0.38997063721209857,3,4,7,2,4,6,0.6666666666666666,1.0,0.8571428571428571,1
T024,2025-05-19,20,,0,0,,5,0.3237361721369607,0.7307029246005651,-0.38997063721209857,5,7,12,5,7,12,1.0,1.0,1.0,1
T024,2025-05-26,21,,0,0,,5,0.3237361721369607,0.7307029246005651,-0.38997063721209857,6,3,9,5,3,8,0.8333333333333334,1.0,0.8888888888888888,1
T024,2025-06-02,22,,0,0,,5,0.3237361721369607,0.7307029246005651,-0.38997063721209857,5,6,11,4,5,9,0.8,0.8333333333333334,0.8181818181818182,1
T024,2025-06-09,23,,0,0,,5,0.3237361721369607,0.7307029246005651,-0.38997063721209857,3,6,9,3,5,8,1.0,0.8333333333333334,0.8888888888888888,1
T024,2025-06-16,24,,0,0,,5,0.3237361721369607,0.7307029246005651,-0.38997063721209857,1,2,3,1,1,2,1.0,0.5,0.6666666666666666,1
T024,2025-06-23,25,,0,0,,5,0.3237361721369607,0.7307029246005651,-0.38997063721209857,6,6,12,6,6,12,1.0,1.0,1.0,1
T024,2025-06-30,26,,0,0,,5,0.3237361721369607,0.7307029246005651,-0.38997063721209857,3,7,10,3,7,10,1.0,1.0,1.0,1
T024,2025-07-07,27,,0,0,,5,0.3237361721369607,0.7307029246005651,-0.38997063721209857,3,2,5,3,2,5,1.0,1.0,1.0,1
T024,2025-07-14,28,,0,0,,5,0.3237361721369607,0.7307029246005651,-0.38997063721209857,7,5,12,6,4,10,0.8571428571428571,0.8,0.8333333333333334,1
T024,2025-07-21,29,,0,0,,5,0.3237361721369607,0.7307029246005651,-0.38997063721209857,4,4,8,4,3,7,1.0,0.75,0.875,1
T024,2025-07-28,30,,0,0,,5,0.3237361721369607,0.7307029246005651,-0.38997063721209857,3,7,10,2,5,7,0.6666666666666666,0.7142857142857143,0.7,1
T025,2025-01-06,1,13.0,0,0,-12.0,9,0.3942082474781691,0.8231875299575847,0.24595587346844333,8,7,15,7,6,13,0.875,0.8571428571428571,0.8666666666666667,1
T025,2025-01-13,2,13.0,0,0,-11.0,9,0.3942082474781691,0.8231875299575847,0.24595587346844333,9,7,16,8,7,15,0.8888888888888888,1.0,0.9375,1
T025,2025-01-20,3,13.0,0,0,-10.0,9,0.3942082474781691,0.8231875299575847,0.24595587346844333,5,4,9,5,3,8,1.0,0.75,0.8888888888888888,1
T025,2025-01-27,4,13.0,0,0,-9.0,9,0.3942082474781691,0.8231875299575847,0.24595587346844333,4,3,7,3,3,6,0.75,1.0,0.8571428571428571,1
T025,2025-02-03,5,13.0,0,0,-8.0,9,0.3942082474781691,0.8231875299575847,0.24595587346844333,5,12,17,5,11,16,1.0,0.9166666666666666,0.9411764705882353,1
T025,2025-02-10,6,13.0,0,0,-7.0,9,0.3942082474781691,0.8231875299575847,0.24595587346844333,8,9,17,8,9,17,1.0,1.0,1.0,1
T025,2025-02-17,7,13.0,0,0,-6.0,9,0.3942082474781691,0.8231875299575847,0.24595587346844333,3,4,7,3,4,7,1.0,1.0,1.0,1
T025,2025-02-24,8,13.0,0,0,-5.0,9,0.3942082474781691,0.8231875299575847,0.24595587346844333,8,2,10,8,2,10,1.0,1.0,1.0,1
T025,2025-03-03,9,13.0,0,0,-4.0,9,0.3942082474781691,0.8231875299575847,0.24595587346844333,8,2,10,7,1,8,0.875,0.5,0.8,1
T025,2025-03-10,10,13.0,0,0,-3.0,9,0.3942082474781691,0.8231875299575847,0.24595587346844333,4,5,9,4,5,9,1.0,1.0,1.0,1
T025,2025-03-17,11,13.0,0,0,-2.0,9,0.3942082474781691,0.8231875299575847,0.24595587346844333,4,4,8,4,4,8,1.0,1.0,1.0,1
T025,2025-03-24,12,13.0,0,0,-1.0,9,0.3942082474781691,0.8231875299575847,0.24595587346844333,10,6,16,10,5,15,1.0,0.8333333333333334,0.9375,1
T025,2025-03-31,13,13.0,1,1,0.0,9,0.3942082474781691,0.8231875299575847,0.24595587346844333,4,3,7,4,3,7,1.0,1.0,1.0,1
T025,2025-04-07,14,13.0,1,1,1.0,9,0.3942082474781691,0.8231875299575847,0.24595587346844333,5,7,12,4,7,11,0.8,1.0,0.9166666666666666,1
T025,2025-04-14,15,13.0,1,1,2.0,9,0.3942082474781691,0.8231875299575847,0.24595587346844333,8,6,14,7,6,13,0.875,1.0,0.9285714285714286,1
T025,2025-04-21,16,13.0,1,1,3.0,9,0.3942082474781691,0.8231875299575847,0.24595587346844333,7,6,13,7,6,13,1.0,1.0,1.0,1
T025,2025-04-28,17,13.0,1,1,4.0,9,0.3942082474781691,0.8231875299575847,0.24595587346844333,6,11,17,6,11,17,1.0,1.0,1.0,1
T025,2025-05-05,18,13.0,1,1,5.0,9,0.3942082474781691,0.8231875299575847,0.24595587346844333,5,11,16,5,11,16,1.0,1.0,1.0,1
T025,2025-05-12,19,13.0,1,1,6.0,9,0.3942082474781691,0.8231875299575847,0.24595587346844333,7,8,15,5,8,13,0.7142857142857143,1.0,0.8666666666666667,1
T025,2025-05-19,20,13.0,1,1,7.0,9,0.3942082474781691,0.8231875299575847,0.24595587346844333,5,6,11,5,5,10,1.0,0.8333333333333334,0.9090909090909091,1
T025,2025-05-26,21,13.0,1,1,8.0,9,0.3942082474781691,0.8231875299575847,0.24595587346844333,8,7,15,7,7,14,0.875,1.0,0.9333333333333333,1
T025,2025-06-02,22,13.0,1,1,9.0,9,0.3942082474781691,0.8231875299575847,0.24595587346844333,7,9,16,7,9,16,1.0,1.0,1.0,1
T025,2025-06-09,23,13.0,1,1,10.0,9,0.3942082474781691,0.8231875299575847,0.24595587346844333,10,9,19,10,9,19,1.0,1.0,1.0,1
T025,2025-06-16,24,13.0,1,1,11.0,9,0.3942082474781691,0.8231875299575847,0.24595587346844333,4,12,16,4,11,15,1.0,0.9166666666666666,0.9375,1
T025,2025-06-23,25,13.0,1,1,12.0,9,0.3942082474781691,0.8231875299575847,0.24595587346844333,2,5,7,2,5,7,1.0,1.0,1.0,1
T025,2025-06-30,26,13.0,1,1,13.0,9,0.3942082474781691,0.8231875299575847,0.24595587346844333,4,4,8,4,4,8,1.0,1.0,1.0,1
T025,2025-07-07,27,13.0,1,1,14.0,9,0.3942082474781691,0.8231875299575847,0.24595587346844333,5,10,15,5,10,15,1.0,1.0,1.0,1
T025,2025-07-14,28,13.0,1,1,15.0,9,0.3942082474781691,0.8231875299575847,0.24595587346844333,3,5,8,3,4,7,1.0,0.8,0.875,1
T025,2025-07-21,29,13.0,1,1,16.0,9,0.3942082474781691,0.8231875299575847,0.24595587346844333,6,8,14,5,7,12,0.8333333333333334,0.875,0.8571428571428571,1
T025,2025-07-28,30,13.0,1,1,17.0,9,0.3942082474781691,0.8231875299575847,0.24595587346844333,8,10,18,7,10,17,0.875,1.0,0.9444444444444444,1
T026,2025-01-06,1,,0,0,,14,0.7892186377134001,0.3490344564404086,-0.8697695659818202,7,5,12,7,2,9,1.0,0.4,0.75,1
T026,2025-01-13,2,,0,0,,14,0.7892186377134001,0.3490344564404086,-0.8697695659818202,6,3,9,3,3,6,0.5,1.0,0.6666666666666666,1
T026,2025-01-20,3,,0,0,,14,0.7892186377134001,0.3490344564404086,-0.8697695659818202,5,7,12,3,5,8,0.6,0.7142857142857143,0.6666666666666666,1
T026,2025-01-27,4,,0,0,,14,0.7892186377134001,0.3490344564404086,-0.8697695659818202,7,9,16,6,4,10,0.8571428571428571,0.4444444444444444,0.625,1
T026,2025-02-03,5,,0,0,,14,0.7892186377134001,0.3490344564404086,-0.8697695659818202,2,3,5,2,3,5,1.0,1.0,1.0,1
T026,2025-02-10,6,,0,0,,14,0.7892186377134001,0.3490344564404086,-0.8697695659818202,9,9,18,6,7,13,0.6666666666666666,0.7777777777777778,0.7222222222222222,1
T026,2025-02-17,7,,0,0,,14,0.7892186377134001,0.3490344564404086,-0.8697695659818202,8,7,15,6,3,9,0.75,0.42857142857142855,0.6,1
T026,2025-02-24,8,,0,0,,14,0.7892186377134001,0.3490344564404086,-0.8697695659818202,13,8,21,8,6,14,0.6153846153846154,0.75,0.6666666666666666,1
T026,2025-03-03,9,,0,0,,14,0.7892186377134001,0.3490344564404086,-0.8697695659818202,8,9,17,7,7,14,0.875,0.7777777777777778,0.8235294117647058,1
T026,2025-03-10,10,,0,0,,14,0.7892186377134001,0.3490344564404086,-0.8697695659818202,2,11,13,2,9,11,1.0,0.8181818181818182,0.8461538461538461,1
T026,2025-03-17,11,,0,0,,14,0.7892186377134001,0.3490344564404086,-0.8697695659818202,7,1,8,3,1,4,0.42857142857142855,1.0,0.5,1
T026,2025-03-24,12,,0,0,,14,0.7892186377134001,0.3490344564404086,-0.8697695659818202,0,11,11,0,6,6,,0.5454545454545454,0.5454545454545454,1
T026,2025-03-31,13,,0,0,,14,0.7892186377134001,0.3490344564404086,-0.8697695659818202,1,1,2,1,0,1,1.0,0.0,0.5,0
T026,2025-04-07,14,,0,0,,14,0.7892186377134001,0.3490344564404086,-0.8697695659818202,11,13,24,10,8,18,0.9090909090909091,0.6153846153846154,0.75,1
T026,2025-04-14,15,,0,0,,14,0.7892186377134001,0.3490344564404086,-0.8697695659818202,4,11,15,1,7,8,0.25,0.6363636363636364,0.5333333333333333,1
T026,2025-04-21,16,,0,0,,14,0.7892186377134001,0.3490344564404086,-0.8697695659818202,4,7,11,3,4,7,0.75,0.5714285714285714,0.6363636363636364,1
T026,2025-04-28,17,,0,0,,14,0.7892186377134001,0.3490344564404086,-0.8697695659818202,7,13,20,7,6,13,1.0,0.46153846153846156,0.65,1
T026,2025-05-05,18,,0,0,,14,0.7892186377134001,0.3490344564404086,-0.8697695659818202,4,8,12,3,6,9,0.75,0.75,0.75,1
T026,2025-05-12,19,,0,0,,14,0.7892186377134001,0.3490344564404086,-0.8697695659818202,11,14,25,6,9,15,0.5454545454545454,0.6428571428571429,0.6,1
T026,2025-05-19,20,,0,0,,14,0.7892186377134001,0.3490344564404086,-0.8697695659818202,7,14,21,6,9,15,0.8571428571428571,0.6428571428571429,0.7142857142857143,1
T026,2025-05-26,21,,0,0,,14,0.7892186377134001,0.3490344564404086,-0.8697695659818202,5,9,14,4,7,11,0.8,0.7777777777777778,0.7857142857142857,1
T026,2025-06-02,22,,0,0,,14,0.7892186377134001,0.3490344564404086,-0.8697695659818202,7,13,20,7,10,17,1.0,0.7692307692307693,0.85,1
T026,2025-06-09,23,,0,0,,14,0.7892186377134001,0.3490344564404086,-0.8697695659818202,8,9,17,7,8,15,0.875,0.8888888888888888,0.8823529411764706,1
T026,2025-06-16,24,,0,0,,14,0.7892186377134001,0.3490344564404086,-0.8697695659818202,6,12,18,5,7,12,0.8333333333333334,0.5833333333333334,0.6666666666666666,1
T026,2025-06-23,25,,0,0,,14,0.7892186377134001,0.3490344564404086,-0.8697695659818202,5,7,12,4,6,10,0.8,0.8571428571428571,0.8333333333333334,1
T026,2025-06-30,26,,0,0,,14,0.7892186377134001,0.3490344564404086,-0.8697695659818202,5,7,12,2,5,7,0.4,0.7142857142857143,0.5833333333333334,1
T026,2025-07-07,27,,0,0,,14,0.7892186377134001,0.3490344564404086,-0.8697695659818202,3,7,10,1,6,7,0.3333333333333333,0.8571428571428571,0.7,1
T026,2025-07-14,28,,0,0,,14,0.7892186377134001,0.3490344564404086,-0.8697695659818202,8,11,19,5,7,12,0.625,0.6363636363636364,0.631578947368421,1
T026,2025-07-21,29,,0,0,,14,0.7892186377134001,0.3490344564404086,-0.8697695659818202,8,11,19,5,10,15,0.625,0.9090909090909091,0.7894736842105263,1
T026,2025-07-28,30,,0,0,,14,0.7892186377134001,0.3490344564404086,-0.8697695659818202,8,4,12,3,4,7,0.375,1.0,0.5833333333333334,1
T027,2025-01-06,1,,0,0,,10,0.5396412017061992,0.5694699968545198,0.6370821687194749,6,4,10,6,4,10,1.0,1.0,1.0,1
T027,2025-01-13,2,,0,0,,10,0.5396412017061992,0.5694699968545198,0.6370821687194749,6,9,15,6,8,14,1.0,0.8888888888888888,0.9333333333333333,1
T027,2025-01-20,3,,0,0,,10,0.5396412017061992,0.5694699968545198,0.6370821687194749,5,9,14,5,9,14,1.0,1.0,1.0,1
T027,2025-01-27,4,,0,0,,10,0.5396412017061992,0.5694699968545198,0.6370821687194749,6,4,10,6,3,9,1.0,0.75,0.9,1
T027,2025-02-03,5,,0,0,,10,0.5396412017061992,0.5694699968545198,0.6370821687194749,13,10,23,13,10,23,1.0,1.0,1.0,1
T027,2025-02-10,6,,0,0,,10,0.5396412017061992,0.5694699968545198,0.6370821687194749,2,6,8,1,6,7,0.5,1.0,0.875,1
T027,2025-02-17,7,,0,0,,10,0.5396412017061992,0.5694699968545198,0.6370821687194749,4,7,11,4,7,11,1.0,1.0,1.0,1
T027,2025-02-24,8,,0,0,,10,0.5396412017061992,0.5694699968545198,0.6370821687194749,11,10,21,10,6,16,0.9090909090909091,0.6,0.7619047619047619,1
T027,2025-03-03,9,,0,0,,10,0.5396412017061992,0.5694699968545198,0.6370821687194749,7,9,16,7,9,16,1.0,1.0,1.0,1
T027,2025-03-10,10,,0,0,,10,0.5396412017061992,0.5694699968545198,0.6370821687194749,4,9,13,4,8,12,1.0,0.8888888888888888,0.9230769230769231,1
T027,2025-03-17,11,,0,0,,10,0.5396412017061992,0.5694699968545198,0.6370821687194749,8,7,15,6,7,13,0.75,1.0,0.8666666666666667,1
T027,2025-03-24,12,,0,0,,10,0.5396412017061992,0.5694699968545198,0.6370821687194749,3,11,14,3,10,13,1.0,0.9090909090909091,0.9285714285714286,1
T027,2025-03-31,13,,0,0,,10,0.5396412017061992,0.5694699968545198,0.6370821687194749,6,9,15,6,9,15,1.0,1.0,1.0,1
T027,2025-04-07,14,,0,0,,10,0.5396412017061992,0.5694699968545198,0.6370821687194749,13,9,22,13,8,21,1.0,0.8888888888888888,0.9545454545454546,1
T027,2025-04-14,15,,0,0,,10,0.5396412017061992,0.5694699968545198,0.6370821687194749,7,9,16,7,7,14,1.0,0.7777777777777778,0.875,1
T027,2025-04-21,16,,0,0,,10,0.5396412017061992,0.5694699968545198,0.6370821687194749,9,9,18,9,9,18,1.0,1.0,1.0,1
T027,2025-04-28,17,,0,0,,10,0.5396412017061992,0.5694699968545198,0.6370821687194749,10,12,22,9,9,18,0.9,0.75,0.8181818181818182,1
T027,2025-05-05,18,,0,0,,10,0.5396412017061992,0.5694699968545198,0.6370821687194749,4,7,11,4,6,10,1.0,0.8571428571428571,0.9090909090909091,1
T027,2025-05-12,19,,0,0,,10,0.5396412017061992,0.5694699968545198,0.6370821687194749,13,8,21,12,8,20,0.9230769230769231,1.0,0.9523809523809523,1
T027,2025-05-19,20,,0,0,,10,0.5396412017061992,0.5694699968545198,0.6370821687194749,8,9,17,8,8,16,1.0,0.8888888888888888,0.9411764705882353,1
T027,2025-05-26,21,,0,0,,10,0.5396412017061992,0.5694699968545198,0.6370821687194749,9,11,20,7,10,17,0.7777777777777778,0.9090909090909091,0.85,1
T027,2025-06-02,22,,0,0,,10,0.5396412017061992,0.5694699968545198,0.6370821687194749,4,5,9,4,5,9,1.0,1.0,1.0,1
T027,2025-06-09,23,,0,0,,10,0.5396412017061992,0.5694699968545198,0.6370821687194749,5,10,15,5,9,14,1.0,0.9,0.9333333333333333,1
T027,2025-06-16,24,,0,0,,10,0.5396412017061992,0.5694699968545198,0.6370821687194749,7,14,21,5,14,19,0.7142857142857143,1.0,0.9047619047619048,1
T027,2025-06-23,25,,0,0,,10,0.5396412017061992,0.5694699968545198,0.6370821687194749,10,8,18,9,6,15,0.9,0.75,0.8333333333333334,1
T027,2025-06-30,26,,0,0,,10,0.5396412017061992,0.5694699968545198,0.6370821687194749,7,16,23,5,15,20,0.7142857142857143,0.9375,0.8695652173913043,1
T027,2025-07-07,27,,0,0,,10,0.5396412017061992,0.5694699968545198,0.6370821687194749,2,5,7,2,3,5,1.0,0.6,0.7142857142857143,1
T027,2025-07-14,28,,0,0,,10,0.5396412017061992,0.5694699968545198,0.6370821687194749,6,11,17,5,10,15,0.8333333333333334,0.9090909090909091,0.8823529411764706,1
T027,2025-07-21,29,,0,0,,10,0.5396412017061992,0.5694699968545198,0.6370821687194749,5,15,20,5,11,16,1.0,0.7333333333333333,0.8,1
T027,2025-07-28,30,,0,0,,10,0.5396412017061992,0.5694699968545198,0.6370821687194749,9,6,15,8,6,14,0.8888888888888888,1.0,0.9333333333333333,1
T028,2025-01-06,1,,0,0,,12,0.5679048250152604,0.8123228721010131,1.5477486557371964,9,12,21,9,12,21,1.0,1.0,1.0,1
T028,2025-01-13,2,,0,0,,12,0.5679048250152604,0.8123228721010131,1.5477486557371964,11,8,19,10,7,17,0.9090909090909091,0.875,0.8947368421052632,1
T028,2025-01-20,3,,0,0,,12,0.5679048250152604,0.8123228721010131,1.5477486557371964,8,9,17,7,9,16,0.875,1.0,0.9411764705882353,1
T028,2025-01-27,4,,0,0,,12,0.5679048250152604,0.8123228721010131,1.5477486557371964,13,7,20,13,5,18,1.0,0.7142857142857143,0.9,1
T028,2025-02-03,5,,0,0,,12,0.5679048250152604,0.8123228721010131,1.5477486557371964,4,6,10,4,3,7,1.0,0.5,0.7,1
T028,2025-02-10,6,,0,0,,12,0.5679048250152604,0.8123228721010131,1.5477486557371964,13,14,27,11,13,24,0.8461538461538461,0.9285714285714286,0.8888888888888888,1
T028,2025-02-17,7,,0,0,,12,0.5679048250152604,0.8123228721010131,1.5477486557371964,12,14,26,12,12,24,1.0,0.8571428571428571,0.9230769230769231,1
T028,2025-02-24,8,,0,0,,12,0.5679048250152604,0.8123228721010131,1.5477486557371964,9,7,16,7,7,14,0.7777777777777778,1.0,0.875,1
T028,2025-03-03,9,,0,0,,12,0.5679048250152604,0.8123228721010131,1.5477486557371964,13,7,20,11,7,18,0.8461538461538461,1.0,0.9,1
T028,2025-03-10,10,,0,0,,12,0.5679048250152604,0.8123228721010131,1.5477486557371964,15,12,27,15,10,25,1.0,0.8333333333333334,0.9259259259259259,1
T028,2025-03-17,11,,0,0,,12,0.5679048250152604,0.8123228721010131,1.5477486557371964,4,1,5,4,1,5,1.0,1.0,1.0,1
T028,2025-03-24,12,,0,0,,12,0.5679048250152604,0.8123228721010131,1.5477486557371964,8,19,27,6,15,21,0.75,0.7894736842105263,0.7777777777777778,1
T028,2025-03-31,13,,0,0,,12,0.5679048250152604,0.8123228721010131,1.5477486557371964,8,13,21,8,12,20,1.0,0.9230769230769231,0.9523809523809523,1
T028,2025-04-07,14,,0,0,,12,0.5679048250152604,0.8123228721010131,1.5477486557371964,9,13,22,8,12,20,0.8888888888888888,0.9230769230769231,0.9090909090909091,1
T028,2025-04-14,15,,0,0,,12,0.5679048250152604,0.8123228721010131,1.5477486557371964,4,11,15,2,11,13,0.5,1.0,0.8666666666666667,1
T028,2025-04-21,16,,0,0,,12,0.5679048250152604,0.8123228721010131,1.5477486557371964,4,7,11,3,7,10,0.75,1.0,0.9090909090909091,1
T028,2025-04-28,17,,0,0,,12,0.5679048250152604,0.8123228721010131,1.5477486557371964,19,5,24,13,4,17,0.6842105263157895,0.8,0.7083333333333334,1
T028,2025-05-05,18,,0,0,,12,0.5679048250152604,0.8123228721010131,1.5477486557371964,6,11,17,4,10,14,0.6666666666666666,0.9090909090909091,0.8235294117647058,1
T028,2025-05-12,19,,0,0,,12,0.5679048250152604,0.8123228721010131,1.5477486557371964,5,11,16,5,10,15,1.0,0.9090909090909091,0.9375,1
T028,2025-05-19,20,,0,0,,12,0.5679048250152604,0.8123228721010131,1.5477486557371964,10,17,27,9,16,25,0.9,0.9411764705882353,0.9259259259259259,1
T028,2025-05-26,21,,0,0,,12,0.5679048250152604,0.8123228721010131,1.5477486557371964,15,12,27,13,12,25,0.8666666666666667,1.0,0.9259259259259259,1
T028,2025-06-02,22,,0,0,,12,0.5679048250152604,0.8123228721010131,1.5477486557371964,5,10,15,5,10,15,1.0,1.0,1.0,1
T028,2025-06-09,23,,0,0,,12,0.5679048250152604,0.8123228721010131,1.5477486557371964,10,11,21,10,11,21,1.0,1.0,1.0,1
T028,2025-06-16,24,,0,0,,12,0.5679048250152604,0.8123228721010131,1.5477486557371964,7,15,22,7,14,21,1.0,0.9333333333333333,0.9545454545454546,1
T028,2025-06-23,25,,0,0,,12,0.5679048250152604,0.8123228721010131,1.5477486557371964,2,18,20,2,17,19,1.0,0.9444444444444444,0.95,1
T028,2025-06-30,26,,0,0,,12,0.5679048250152604,0.8123228721010131,1.5477486557371964,16,22,38,14,20,34,0.875,0.9090909090909091,0.8947368421052632,1
T028,2025-07-07,27,,0,0,,12,0.5679048250152604,0.8123228721010131,1.5477486557371964,6,7,13,6,5,11,1.0,0.7142857142857143,0.8461538461538461,1
T028,2025-07-14,28,,0,0,,12,0.5679048250152604,0.8123228721010131,1.5477486557371964,8,7,15,7,7,14,0.875,1.0,0.9333333333333333,1
T028,2025-07-21,29,,0,0,,12,0.5679048250152604,0.8123228721010131,1.5477486557371964,14,23,37,13,22,35,0.9285714285714286,0.9565217391304348,0.9459459459459459,1
T028,2025-07-28,30,,0,0,,12,0.5679048250152604,0.8123228721010131,1.5477486557371964,6,8,14,5,6,11,0.8333333333333334,0.75,0.7857142857142857,1
T029,2025-01-06,1,,0,0,,6,0.5818537061342373,0.5590898149489737,-1.1695274196982588,4,4,8,4,4,8,1.0,1.0,1.0,1
T029,2025-01-13,2,,0,0,,6,0.5818537061342373,0.5590898149489737,-1.1695274196982588,4,1,5,4,1,5,1.0,1.0,1.0,1
T029,2025-01-20,3,,0,0,,6,0.5818537061342373,0.5590898149489737,-1.1695274196982588,1,3,4,1,2,3,1.0,0.6666666666666666,0.75,1
T029,2025-01-27,4,,0,0,,6,0.5818537061342373,0.5590898149489737,-1.1695274196982588,5,4,9,4,4,8,0.8,1.0,0.8888888888888888,1
T029,2025-02-03,5,,0,0,,6,0.5818537061342373,0.5590898149489737,-1.1695274196982588,4,3,7,4,3,7,1.0,1.0,1.0,1
T029,2025-02-10,6,,0,0,,6,0.5818537061342373,0.5590898149489737,-1.1695274196982588,4,6,10,1,5,6,0.25,0.8333333333333334,0.6,1
T029,2025-02-17,7,,0,0,,6,0.5818537061342373,0.5590898149489737,-1.1695274196982588,5,7,12,5,6,11,1.0,0.8571428571428571,0.9166666666666666,1
T029,2025-02-24,8,,0,0,,6,0.5818537061342373,0.5590898149489737,-1.1695274196982588,1,2,3,1,2,3,1.0,1.0,1.0,1
T029,2025-03-03,9,,0,0,,6,0.5818537061342373,0.5590898149489737,-1.1695274196982588,3,2,5,3,1,4,1.0,0.5,0.8,1
T029,2025-03-10,10,,0,0,,6,0.5818537061342373,0.5590898149489737,-1.1695274196982588,2,4,6,1,3,4,0.5,0.75,0.6666666666666666,1
T029,2025-03-17,11,,0,0,,6,0.5818537061342373,0.5590898149489737,-1.1695274196982588,5,2,7,5,1,6,1.0,0.5,0.8571428571428571,1
T029,2025-03-24,12,,0,0,,6,0.5818537061342373,0.5590898149489737,-1.1695274196982588,5,5,10,4,3,7,0.8,0.6,0.7,1
T029,2025-03-31,13,,0,0,,6,0.5818537061342373,0.5590898149489737,-1.1695274196982588,1,3,4,1,3,4,1.0,1.0,1.0,1
T029,2025-04-07,14,,0,0,,6,0.5818537061342373,0.5590898149489737,-1.1695274196982588,9,10,19,7,7,14,0.7777777777777778,0.7,0.7368421052631579,1
T029,2025-04-14,15,,0,0,,6,0.5818537061342373,0.5590898149489737,-1.1695274196982588,5,6,11,3,5,8,0.6,0.8333333333333334,0.7272727272727273,1
T029,2025-04-21,16,,0,0,,6,0.5818537061342373,0.5590898149489737,-1.1695274196982588,0,2,2,0,2,2,,1.0,1.0,0
T029,2025-04-28,17,,0,0,,6,0.5818537061342373,0.5590898149489737,-1.1695274196982588,4,8,12,4,5,9,1.0,0.625,0.75,1
T029,2025-05-05,18,,0,0,,6,0.5818537061342373,0.5590898149489737,-1.1695274196982588,7,4,11,5,4,9,0.7142857142857143,1.0,0.8181818181818182,1
T029,2025-05-12,19,,0,0,,6,0.5818537061342373,0.5590898149489737,-1.1695274196982588,8,6,14,5,5,10,0.625,0.8333333333333334,0.7142857142857143,1
T029,2025-05-19,20,,0,0,,6,0.5818537061342373,0.5590898149489737,-1.1695274196982588,2,3,5,1,3,4,0.5,1.0,0.8,1
T029,2025-05-26,21,,0,0,,6,0.5818537061342373,0.5590898149489737,-1.1695274196982588,5,3,8,5,2,7,1.0,0.6666666666666666,0.875,1
T029,2025-06-02,22,,0,0,,6,0.5818537061342373,0.5590898149489737,-1.1695274196982588,6,7,13,5,6,11,0.8333333333333334,0.8571428571428571,0.8461538461538461,1
T029,2025-06-09,23,,0,0,,6,0.5818537061342373,0.5590898149489737,-1.1695274196982588,3,8,11,3,7,10,1.0,0.875,0.9090909090909091,1
T029,2025-06-16,24,,0,0,,6,0.5818537061342373,0.5590898149489737,-1.1695274196982588,2,1,3,2,1,3,1.0,1.0,1.0,1
T029,2025-06-23,25,,0,0,,6,0.5818537061342373,0.5590898149489737,-1.1695274196982588,0,4,4,0,3,3,,0.75,0.75,1
T029,2025-06-30,26,,0,0,,6,0.5818537061342373,0.5590898149489737,-1.1695274196982588,2,4,6,0,4,4,0.0,1.0,0.6666666666666666,1
T029,2025-07-07,27,,0,0,,6,0.5818537061342373,0.5590898149489737,-1.1695274196982588,2,4,6,2,4,6,1.0,1.0,1.0,1
T029,2025-07-14,28,,0,0,,6,0.5818537061342373,0.5590898149489737,-1.1695274196982588,1,1,2,1,1,2,1.0,1.0,1.0,0
T029,2025-07-21,29,,0,0,,6,0.5818537061342373,0.5590898149489737,-1.1695274196982588,2,2,4,2,2,4,1.0,1.0,1.0,1
T029,2025-07-28,30,,0,0,,6,0.5818537061342373,0.5590898149489737,-1.1695274196982588,0,1,1,0,1,1,,1.0,1.0,0
T030,2025-01-06,1,12.0,0,0,-11.0,13,0.40051820897803847,0.6252210907902586,1.604788270642659,5,12,17,4,11,15,0.8,0.9166666666666666,0.8823529411764706,1
T030,2025-01-13,2,12.0,0,0,-10.0,13,0.40051820897803847,0.6252210907902586,1.604788270642659,17,15,32,16,15,31,0.9411764705882353,1.0,0.96875,1
T030,2025-01-20,3,12.0,0,0,-9.0,13,0.40051820897803847,0.6252210907902586,1.604788270642659,6,11,17,6,9,15,1.0,0.8181818181818182,0.8823529411764706,1
T030,2025-01-27,4,12.0,0,0,-8.0,13,0.40051820897803847,0.6252210907902586,1.604788270642659,12,10,22,11,10,21,0.9166666666666666,1.0,0.9545454545454546,1
T030,2025-02-03,5,12.0,0,0,-7.0,13,0.40051820897803847,0.6252210907902586,1.604788270642659,9,9,18,8,9,17,0.8888888888888888,1.0,0.9444444444444444,1
T030,2025-02-10,6,12.0,0,0,-6.0,13,0.40051820897803847,0.6252210907902586,1.604788270642659,20,19,39,20,17,37,1.0,0.8947368421052632,0.9487179487179487,1
T030,2025-02-17,7,12.0,0,0,-5.0,13,0.40051820897803847,0.6252210907902586,1.604788270642659,13,10,23,11,8,19,0.8461538461538461,0.8,0.8260869565217391,1
T030,2025-02-24,8,12.0,0,0,-4.0,13,0.40051820897803847,0.6252210907902586,1.604788270642659,16,19,35,15,17,32,0.9375,0.8947368421052632,0.9142857142857143,1
T030,2025-03-03,9,12.0,0,0,-3.0,13,0.40051820897803847,0.6252210907902586,1.604788270642659,8,7,15,4,7,11,0.5,1.0,0.7333333333333333,1
T030,2025-03-10,10,12.0,0,0,-2.0,13,0.40051820897803847,0.6252210907902586,1.604788270642659,7,5,12,7,5,12,1.0,1.0,1.0,1
T030,2025-03-17,11,12.0,0,0,-1.0,13,0.40051820897803847,0.6252210907902586,1.604788270642659,10,15,25,8,15,23,0.8,1.0,0.92,1
T030,2025-03-24,12,12.0,1,1,0.0,13,0.40051820897803847,0.6252210907902586,1.604788270642659,7,12,19,4,10,14,0.5714285714285714,0.8333333333333334,0.7368421052631579,1
T030,2025-03-31,13,12.0,1,1,1.0,13,0.40051820897803847,0.6252210907902586,1.604788270642659,21,10,31,21,10,31,1.0,1.0,1.0,1
T030,2025-04-07,14,12.0,1,1,2.0,13,0.40051820897803847,0.6252210907902586,1.604788270642659,19,7,26,17,6,23,0.8947368421052632,0.8571428571428571,0.8846153846153846,1
T030,2025-04-14,15,12.0,1,1,3.0,13,0.40051820897803847,0.6252210907902586,1.604788270642659,19,20,39,16,19,35,0.8421052631578947,0.95,0.8974358974358975,1
T030,2025-04-21,16,12.0,1,1,4.0,13,0.40051820897803847,0.6252210907902586,1.604788270642659,14,11,25,12,10,22,0.8571428571428571,0.9090909090909091,0.88,1
T030,2025-04-28,17,12.0,1,1,5.0,13,0.40051820897803847,0.6252210907902586,1.604788270642659,15,18,33,13,16,29,0.8666666666666667,0.8888888888888888,0.8787878787878788,1
T030,2025-05-05,18,12.0,1,1,6.0,13,0.40051820897803847,0.6252210907902586,1.604788270642659,9,17,26,9,15,24,1.0,0.8823529411764706,0.9230769230769231,1
T030,2025-05-12,19,12.0,1,1,7.0,13,0.40051820897803847,0.6252210907902586,1.604788270642659,9,26,35,9,26,35,1.0,1.0,1.0,1
T030,2025-05-19,20,12.0,1,1,8.0,13,0.40051820897803847,0.6252210907902586,1.604788270642659,14,20,34,14,19,33,1.0,0.95,0.9705882352941176,1
T030,2025-05-26,21,12.0,1,1,9.0,13,0.40051820897803847,0.6252210907902586,1.604788270642659,15,22,37,13,21,34,0.8666666666666667,0.9545454545454546,0.918918918918919,1
T030,2025-06-02,22,12.0,1,1,10.0,13,0.40051820897803847,0.6252210907902586,1.604788270642659,13,19,32,12,18,30,0.9230769230769231,0.9473684210526315,0.9375,1
T030,2025-06-09,23,12.0,1,1,11.0,13,0.40051820897803847,0.6252210907902586,1.604788270642659,10,24,34,9,22,31,0.9,0.9166666666666666,0.9117647058823529,1
T030,2025-06-16,24,12.0,1,1,12.0,13,0.40051820897803847,0.6252210907902586,1.604788270642659,19,16,35,19,15,34,1.0,0.9375,0.9714285714285714,1
T030,2025-06-23,25,12.0,1,1,13.0,13,0.40051820897803847,0.6252210907902586,1.604788270642659,15,16,31,15,12,27,1.0,0.75,0.8709677419354839,1
T030,2025-06-30,26,12.0,1,1,14.0,13,0.40051820897803847,0.6252210907902586,1.604788270642659,11,18,29,9,17,26,0.8181818181818182,0.9444444444444444,0.896551724137931,1
T030,2025-07-07,27,12.0,1,1,15.0,13,0.40051820897803847,0.6252210907902586,1.604788270642659,17,10,27,16,10,26,0.9411764705882353,1.0,0.9629629629629629,1
T030,2025-07-14,28,12.0,1,1,16.0,13,0.40051820897803847,0.6252210907902586,1.604788270642659,6,20,26,5,18,23,0.8333333333333334,0.9,0.8846153846153846,1
T030,2025-07-21,29,12.0,1,1,17.0,13,0.40051820897803847,0.6252210907902586,1.604788270642659,7,17,24,7,15,22,1.0,0.8823529411764706,0.9166666666666666,1
T030,2025-07-28,30,12.0,1,1,18.0,13,0.40051820897803847,0.6252210907902586,1.604788270642659,10,13,23,9,13,22,0.9,1.0,0.9565217391304348,1
T031,2025-01-06,1,,0,0,,4,0.3165814679674245,0.2541919015467809,-0.23528352187831664,0,3,3,0,1,1,,0.3333333333333333,0.3333333333333333,1
T031,2025-01-13,2,,0,0,,4,0.3165814679674245,0.2541919015467809,-0.23528352187831664,3,5,8,2,1,3,0.6666666666666666,0.2,0.375,1
T031,2025-01-20,3,,0,0,,4,0.3165814679674245,0.2541919015467809,-0.23528352187831664,4,1,5,4,1,5,1.0,1.0,1.0,1
T031,2025-01-27,4,,0,0,,4,0.3165814679674245,0.2541919015467809,-0.23528352187831664,3,4,7,1,2,3,0.3333333333333333,0.5,0.42857142857142855,1
T031,2025-02-03,5,,0,0,,4,0.3165814679674245,0.2541919015467809,-0.23528352187831664,3,1,4,3,1,4,1.0,1.0,1.0,1
T031,2025-02-10,6,,0,0,,4,0.3165814679674245,0.2541919015467809,-0.23528352187831664,6,4,10,4,3,7,0.6666666666666666,0.75,0.7,1
T031,2025-02-17,7,,0,0,,4,0.3165814679674245,0.2541919015467809,-0.23528352187831664,1,2,3,1,2,3,1.0,1.0,1.0,1
T031,2025-02-24,8,,0,0,,4,0.3165814679674245,0.2541919015467809,-0.23528352187831664,7,3,10,6,2,8,0.8571428571428571,0.6666666666666666,0.8,1
T031,2025-03-03,9,,0,0,,4,0.3165814679674245,0.2541919015467809,-0.23528352187831664,4,4,8,4,3,7,1.0,0.75,0.875,1
T031,2025-03-10,10,,0,0,,4,0.3165814679674245,0.2541919015467809,-0.23528352187831664,1,2,3,1,2,3,1.0,1.0,1.0,1
T031,2025-03-17,11,,0,0,,4,0.3165814679674245,0.2541919015467809,-0.23528352187831664,2,2,4,0,1,1,0.0,0.5,0.25,1
T031,2025-03-24,12,,0,0,,4,0.3165814679674245,0.2541919015467809,-0.23528352187831664,5,1,6,3,1,4,0.6,1.0,0.6666666666666666,1
T031,2025-03-31,13,,0,0,,4,0.3165814679674245,0.2541919015467809,-0.23528352187831664,5,5,10,4,4,8,0.8,0.8,0.8,1
T031,2025-04-07,14,,0,0,,4,0.3165814679674245,0.2541919015467809,-0.23528352187831664,4,4,8,3,3,6,0.75,0.75,0.75,1
T031,2025-04-14,15,,0,0,,4,0.3165814679674245,0.2541919015467809,-0.23528352187831664,6,5,11,5,3,8,0.8333333333333334,0.6,0.7272727272727273,1
T031,2025-04-21,16,,0,0,,4,0.3165814679674245,0.2541919015467809,-0.23528352187831664,4,4,8,4,1,5,1.0,0.25,0.625,1
T031,2025-04-28,17,,0,0,,4,0.3165814679674245,0.2541919015467809,-0.23528352187831664,5,3,8,3,2,5,0.6,0.6666666666666666,0.625,1
T031,2025-05-05,18,,0,0,,4,0.3165814679674245,0.2541919015467809,-0.23528352187831664,3,4,7,2,2,4,0.6666666666666666,0.5,0.5714285714285714,1
T031,2025-05-12,19,,0,0,,4,0.3165814679674245,0.2541919015467809,-0.23528352187831664,1,3,4,1,3,4,1.0,1.0,1.0,1
T031,2025-05-19,20,,0,0,,4,0.3165814679674245,0.2541919015467809,-0.23528352187831664,5,5,10,3,4,7,0.6,0.8,0.7,1
T031,2025-05-26,21,,0,0,,4,0.3165814679674245,0.2541919015467809,-0.23528352187831664,2,8,10,1,2,3,0.5,0.25,0.3,1
T031,2025-06-02,22,,0,0,,4,0.3165814679674245,0.2541919015467809,-0.23528352187831664,6,2,8,5,2,7,0.8333333333333334,1.0,0.875,1
T031,2025-06-09,23,,0,0,,4,0.3165814679674245,0.2541919015467809,-0.23528352187831664,5,3,8,3,2,5,0.6,0.6666666666666666,0.625,1
T031,2025-06-16,24,,0,0,,4,0.3165814679674245,0.2541919015467809,-0.23528352187831664,3,3,6,2,1,3,0.6666666666666666,0.3333333333333333,0.5,1
T031,2025-06-23,25,,0,0,,4,0.3165814679674245,0.2541919015467809,-0.23528352187831664,3,3,6,3,3,6,1.0,1.0,1.0,1
T031,2025-06-30,26,,0,0,,4,0.3165814679674245,0.2541919015467809,-0.23528352187831664,2,2,4,1,2,3,0.5,1.0,0.75,1
T031,2025-07-07,27,,0,0,,4,0.3165814679674245,0.2541919015467809,-0.23528352187831664,4,7,11,4,5,9,1.0,0.7142857142857143,0.8181818181818182,1
T031,2025-07-14,28,,0,0,,4,0.3165814679674245,0.2541919015467809,-0.23528352187831664,2,1,3,2,1,3,1.0,1.0,1.0,1
T031,2025-07-21,29,,0,0,,4,0.3165814679674245,0.2541919015467809,-0.23528352187831664,5,2,7,3,1,4,0.6,0.5,0.5714285714285714,1
T031,2025-07-28,30,,0,0,,4,0.3165814679674245,0.2541919015467809,-0.23528352187831664,3,0,3,3,0,3,1.0,,1.0,1
T032,2025-01-06,1,13.0,0,0,-12.0,7,0.7684122841322212,0.26537770850497494,0.5186468447059909,6,6,12,4,5,9,0.6666666666666666,0.8333333333333334,0.75,1
T032,2025-01-13,2,13.0,0,0,-11.0,7,0.7684122841322212,0.26537770850497494,0.5186468447059909,4,3,7,3,3,6,0.75,1.0,0.8571428571428571,1
T032,2025-01-20,3,13.0,0,0,-10.0,7,0.7684122841322212,0.26537770850497494,0.5186468447059909,6,4,10,6,3,9,1.0,0.75,0.9,1
T032,2025-01-27,4,13.0,0,0,-9.0,7,0.7684122841322212,0.26537770850497494,0.5186468447059909,2,8,10,1,7,8,0.5,0.875,0.8,1
T032,2025-02-03,5,13.0,0,0,-8.0,7,0.7684122841322212,0.26537770850497494,0.5186468447059909,2,5,7,2,4,6,1.0,0.8,0.8571428571428571,1
T032,2025-02-10,6,13.0,0,0,-7.0,7,0.7684122841322212,0.26537770850497494,0.5186468447059909,1,2,3,1,2,3,1.0,1.0,1.0,1
T032,2025-02-17,7,13.0,0,0,-6.0,7,0.7684122841322212,0.26537770850497494,0.5186468447059909,5,8,13,4,5,9,0.8,0.625,0.6923076923076923,1
T032,2025-02-24,8,13.0,0,0,-5.0,7,0.7684122841322212,0.26537770850497494,0.5186468447059909,3,8,11,3,5,8,1.0,0.625,0.7272727272727273,1
T032,2025-03-03,9,13.0,0,0,-4.0,7,0.7684122841322212,0.26537770850497494,0.5186468447059909,9,10,19,7,10,17,0.7777777777777778,1.0,0.8947368421052632,1
T032,2025-03-10,10,13.0,0,0,-3.0,7,0.7684122841322212,0.26537770850497494,0.5186468447059909,5,5,10,3,4,7,0.6,0.8,0.7,1
T032,2025-03-17,11,13.0,0,0,-2.0,7,0.7684122841322212,0.26537770850497494,0.5186468447059909,5,8,13,2,6,8,0.4,0.75,0.6153846153846154,1
T032,2025-03-24,12,13.0,0,0,-1.0,7,0.7684122841322212,0.26537770850497494,0.5186468447059909,6,2,8,4,0,4,0.6666666666666666,0.0,0.5,1
T032,2025-03-31,13,13.0,1,1,0.0,7,0.7684122841322212,0.26537770850497494,0.5186468447059909,6,9,15,5,6,11,0.8333333333333334,0.6666666666666666,0.7333333333333333,1
T032,2025-04-07,14,13.0,1,1,1.0,7,0.7684122841322212,0.26537770850497494,0.5186468447059909,1,6,7,0,5,5,0.0,0.8333333333333334,0.7142857142857143,1
T032,2025-04-14,15,13.0,1,1,2.0,7,0.7684122841322212,0.26537770850497494,0.5186468447059909,4,3,7,4,1,5,1.0,0.3333333333333333,0.7142857142857143,1
T032,2025-04-21,16,13.0,1,1,3.0,7,0.7684122841322212,0.26537770850497494,0.5186468447059909,7,7,14,6,5,11,0.8571428571428571,0.7142857142857143,0.7857142857142857,1
T032,2025-04-28,17,13.0,1,1,4.0,7,0.7684122841322212,0.26537770850497494,0.5186468447059909,7,10,17,4,10,14,0.5714285714285714,1.0,0.8235294117647058,1
T032,2025-05-05,18,13.0,1,1,5.0,7,0.7684122841322212,0.26537770850497494,0.5186468447059909,5,7,12,4,7,11,0.8,1.0,0.9166666666666666,1
T032,2025-05-12,19,13.0,1,1,6.0,7,0.7684122841322212,0.26537770850497494,0.5186468447059909,5,7,12,4,7,11,0.8,1.0,0.9166666666666666,1
T032,2025-05-19,20,13.0,1,1,7.0,7,0.7684122841322212,0.26537770850497494,0.5186468447059909,4,5,9,4,4,8,1.0,0.8,0.8888888888888888,1
T032,2025-05-26,21,13.0,1,1,8.0,7,0.7684122841322212,0.26537770850497494,0.5186468447059909,5,3,8,4,2,6,0.8,0.6666666666666666,0.75,1
T032,2025-06-02,22,13.0,1,1,9.0,7,0.7684122841322212,0.26537770850497494,0.5186468447059909,4,8,12,4,7,11,1.0,0.875,0.9166666666666666,1
T032,2025-06-09,23,13.0,1,1,10.0,7,0.7684122841322212,0.26537770850497494,0.5186468447059909,3,2,5,3,1,4,1.0,0.5,0.8,1
T032,2025-06-16,24,13.0,1,1,11.0,7,0.7684122841322212,0.26537770850497494,0.5186468447059909,5,9,14,5,6,11,1.0,0.6666666666666666,0.7857142857142857,1
T032,2025-06-23,25,13.0,1,1,12.0,7,0.7684122841322212,0.26537770850497494,0.5186468447059909,10,5,15,8,5,13,0.8,1.0,0.8666666666666667,1
T032,2025-06-30,26,13.0,1,1,13.0,7,0.7684122841322212,0.26537770850497494,0.5186468447059909,8,8,16,5,6,11,0.625,0.75,0.6875,1
T032,2025-07-07,27,13.0,1,1,14.0,7,0.7684122841322212,0.26537770850497494,0.5186468447059909,4,9,13,3,7,10,0.75,0.7777777777777778,0.7692307692307693,1
T032,2025-07-14,28,13.0,1,1,15.0,7,0.7684122841322212,0.26537770850497494,0.5186468447059909,3,6,9,2,3,5,0.6666666666666666,0.5,0.5555555555555556,1
T032,2025-07-21,29,13.0,1,1,16.0,7,0.7684122841322212,0.26537770850497494,0.5186468447059909,3,1,4,3,1,4,1.0,1.0,1.0,1
T032,2025-07-28,30,13.0,1,1,17.0,7,0.7684122841322212,0.26537770850497494,0.5186468447059909,5,7,12,5,7,12,1.0,1.0,1.0,1
T033,2025-01-06,1,12.0,0,0,-11.0,7,0.4821794973602943,0.5744141614710333,-0.4137195546338098,4,8,12,3,7,10,0.75,0.875,0.8333333333333334,1
T033,2025-01-13,2,12.0,0,0,-10.0,7,0.4821794973602943,0.5744141614710333,-0.4137195546338098,8,5,13,7,5,12,0.875,1.0,0.9230769230769231,1
T033,2025-01-20,3,12.0,0,0,-9.0,7,0.4821794973602943,0.5744141614710333,-0.4137195546338098,2,4,6,2,3,5,1.0,0.75,0.8333333333333334,1
T033,2025-01-27,4,12.0,0,0,-8.0,7,0.4821794973602943,0.5744141614710333,-0.4137195546338098,1,3,4,1,3,4,1.0,1.0,1.0,1
T033,2025-02-03,5,12.0,0,0,-7.0,7,0.4821794973602943,0.5744141614710333,-0.4137195546338098,4,11,15,2,9,11,0.5,0.8181818181818182,0.7333333333333333,1
T033,2025-02-10,6,12.0,0,0,-6.0,7,0.4821794973602943,0.5744141614710333,-0.4137195546338098,5,3,8,5,3,8,1.0,1.0,1.0,1
T033,2025-02-17,7,12.0,0,0,-5.0,7,0.4821794973602943,0.5744141614710333,-0.4137195546338098,1,2,3,1,2,3,1.0,1.0,1.0,1
T033,2025-02-24,8,12.0,0,0,-4.0,7,0.4821794973602943,0.5744141614710333,-0.4137195546338098,3,7,10,2,7,9,0.6666666666666666,1.0,0.9,1
T033,2025-03-03,9,12.0,0,0,-3.0,7,0.4821794973602943,0.5744141614710333,-0.4137195546338098,5,4,9,3,3,6,0.6,0.75,0.6666666666666666,1
T033,2025-03-10,10,12.0,0,0,-2.0,7,0.4821794973602943,0.5744141614710333,-0.4137195546338098,7,3,10,4,2,6,0.5714285714285714,0.6666666666666666,0.6,1
T033,2025-03-17,11,12.0,0,0,-1.0,7,0.4821794973602943,0.5744141614710333,-0.4137195546338098,1,4,5,1,4,5,1.0,1.0,1.0,1
T033,2025-03-24,12,12.0,1,1,0.0,7,0.4821794973602943,0.5744141614710333,-0.4137195546338098,6,4,10,5,3,8,0.8333333333333334,0.75,0.8,1
T033,2025-03-31,13,12.0,1,1,1.0,7,0.4821794973602943,0.5744141614710333,-0.4137195546338098,2,2,4,1,1,2,0.5,0.5,0.5,1
T033,2025-04-07,14,12.0,1,1,2.0,7,0.4821794973602943,0.5744141614710333,-0.4137195546338098,5,4,9,4,3,7,0.8,0.75,0.7777777777777778,1
T033,2025-04-14,15,12.0,1,1,3.0,7,0.4821794973602943,0.5744141614710333,-0.4137195546338098,4,7,11,2,6,8,0.5,0.8571428571428571,0.7272727272727273,1
T033,2025-04-21,16,12.0,1,1,4.0,7,0.4821794973602943,0.5744141614710333,-0.4137195546338098,6,4,10,5,3,8,0.8333333333333334,0.75,0.8,1
T033,2025-04-28,17,12.0,1,1,5.0,7,0.4821794973602943,0.5744141614710333,-0.4137195546338098,6,4,10,5,3,8,0.8333333333333334,0.75,0.8,1
T033,2025-05-05,18,12.0,1,1,6.0,7,0.4821794973602943,0.5744141614710333,-0.4137195546338098,3,6,9,2,6,8,0.6666666666666666,1.0,0.8888888888888888,1
T033,2025-05-12,19,12.0,1,1,7.0,7,0.4821794973602943,0.5744141614710333,-0.4137195546338098,4,6,10,3,5,8,0.75,0.8333333333333334,0.8,1
T033,2025-05-19,20,12.0,1,1,8.0,7,0.4821794973602943,0.5744141614710333,-0.4137195546338098,9,4,13,9,4,13,1.0,1.0,1.0,1
T033,2025-05-26,21,12.0,1,1,9.0,7,0.4821794973602943,0.5744141614710333,-0.4137195546338098,2,6,8,2,6,8,1.0,1.0,1.0,1
T033,2025-06-02,22,12.0,1,1,10.0,7,0.4821794973602943,0.5744141614710333,-0.4137195546338098,6,1,7,4,1,5,0.6666666666666666,1.0,0.7142857142857143,1
T033,2025-06-09,23,12.0,1,1,11.0,7,0.4821794973602943,0.5744141614710333,-0.4137195546338098,8,5,13,6,2,8,0.75,0.4,0.6153846153846154,1
T033,2025-06-16,24,12.0,1,1,12.0,7,0.4821794973602943,0.5744141614710333,-0.4137195546338098,5,3,8,5,2,7,1.0,0.6666666666666666,0.875,1
T033,2025-06-23,25,12.0,1,1,13.0,7,0.4821794973602943,0.5744141614710333,-0.4137195546338098,3,7,10,3,6,9,1.0,0.8571428571428571,0.9,1
T033,2025-06-30,26,12.0,1,1,14.0,7,0.4821794973602943,0.5744141614710333,-0.4137195546338098,5,1,6,5,1,6,1.0,1.0,1.0,1
T033,2025-07-07,27,12.0,1,1,15.0,7,0.4821794973602943,0.5744141614710333,-0.4137195546338098,2,7,9,1,7,8,0.5,1.0,0.8888888888888888,1
T033,2025-07-14,28,12.0,1,1,16.0,7,0.4821794973602943,0.5744141614710333,-0.4137195546338098,4,6,10,4,3,7,1.0,0.5,0.7,1
T033,2025-07-21,29,12.0,1,1,17.0,7,0.4821794973602943,0.5744141614710333,-0.4137195546338098,10,4,14,8,4,12,0.8,1.0,0.8571428571428571,1
T033,2025-07-28,30,12.0,1,1,18.0,7,0.4821794973602943,0.5744141614710333,-0.4137195546338098,3,9,12,2,6,8,0.6666666666666666,0.6666666666666666,0.6666666666666666,1
T034,2025-01-06,1,,0,0,,9,0.24727509330689199,0.4409215456714468,-0.8179010408933756,5,4,9,4,2,6,0.8,0.5,0.6666666666666666,1
T034,2025-01-13,2,,0,0,,9,0.24727509330689199,0.4409215456714468,-0.8179010408933756,5,6,11,4,6,10,0.8,1.0,0.9090909090909091,1
T034,2025-01-20,3,,0,0,,9,0.24727509330689199,0.4409215456714468,-0.8179010408933756,4,2,6,4,2,6,1.0,1.0,1.0,1
T034,2025-01-27,4,,0,0,,9,0.24727509330689199,0.4409215456714468,-0.8179010408933756,6,11,17,6,11,17,1.0,1.0,1.0,1
T034,2025-02-03,5,,0,0,,9,0.24727509330689199,0.4409215456714468,-0.8179010408933756,6,5,11,6,5,11,1.0,1.0,1.0,1
T034,2025-02-10,6,,0,0,,9,0.24727509330689199,0.4409215456714468,-0.8179010408933756,6,8,14,4,6,10,0.6666666666666666,0.75,0.7142857142857143,1
T034,2025-02-17,7,,0,0,,9,0.24727509330689199,0.4409215456714468,-0.8179010408933756,3,5,8,3,5,8,1.0,1.0,1.0,1
T034,2025-02-24,8,,0,0,,9,0.24727509330689199,0.4409215456714468,-0.8179010408933756,1,6,7,0,6,6,0.0,1.0,0.8571428571428571,1
T034,2025-03-03,9,,0,0,,9,0.24727509330689199,0.4409215456714468,-0.8179010408933756,5,10,15,4,8,12,0.8,0.8,0.8,1
T034,2025-03-10,10,,0,0,,9,0.24727509330689199,0.4409215456714468,-0.8179010408933756,4,3,7,4,2,6,1.0,0.6666666666666666,0.8571428571428571,1
T034,2025-03-17,11,,0,0,,9,0.24727509330689199,0.4409215456714468,-0.8179010408933756,4,11,15,4,9,13,1.0,0.8181818181818182,0.8666666666666667,1
T034,2025-03-24,12,,0,0,,9,0.24727509330689199,0.4409215456714468,-0.8179010408933756,7,4,11,6,3,9,0.8571428571428571,0.75,0.8181818181818182,1
T034,2025-03-31,13,,0,0,,9,0.24727509330689199,0.4409215456714468,-0.8179010408933756,7,5,12,7,4,11,1.0,0.8,0.9166666666666666,1
T034,2025-04-07,14,,0,0,,9,0.24727509330689199,0.4409215456714468,-0.8179010408933756,5,3,8,3,3,6,0.6,1.0,0.75,1
T034,2025-04-14,15,,0,0,,9,0.24727509330689199,0.4409215456714468,-0.8179010408933756,3,5,8,3,4,7,1.0,0.8,0.875,1
T034,2025-04-21,16,,0,0,,9,0.24727509330689199,0.4409215456714468,-0.8179010408933756,4,3,7,4,1,5,1.0,0.3333333333333333,0.7142857142857143,1
T034,2025-04-28,17,,0,0,,9,0.24727509330689199,0.4409215456714468,-0.8179010408933756,5,10,15,4,8,12,0.8,0.8,0.8,1
T034,2025-05-05,18,,0,0,,9,0.24727509330689199,0.4409215456714468,-0.8179010408933756,4,7,11,4,7,11,1.0,1.0,1.0,1
T034,2025-05-12,19,,0,0,,9,0.24727509330689199,0.4409215456714468,-0.8179010408933756,2,11,13,2,10,12,1.0,0.9090909090909091,0.9230769230769231,1
T034,2025-05-19,20,,0,0,,9,0.24727509330689199,0.4409215456714468,-0.8179010408933756,7,13,20,6,11,17,0.8571428571428571,0.8461538461538461,0.85,1
T034,2025-05-26,21,,0,0,,9,0.24727509330689199,0.4409215456714468,-0.8179010408933756,5,8,13,5,8,13,1.0,1.0,1.0,1
T034,2025-06-02,22,,0,0,,9,0.24727509330689199,0.4409215456714468,-0.8179010408933756,5,8,13,5,8,13,1.0,1.0,1.0,1
T034,2025-06-09,23,,0,0,,9,0.24727509330689199,0.4409215456714468,-0.8179010408933756,4,8,12,4,8,12,1.0,1.0,1.0,1
T034,2025-06-16,24,,0,0,,9,0.24727509330689199,0.4409215456714468,-0.8179010408933756,3,13,16,3,13,16,1.0,1.0,1.0,1
T034,2025-06-23,25,,0,0,,9,0.24727509330689199,0.4409215456714468,-0.8179010408933756,3,2,5,3,2,5,1.0,1.0,1.0,1
T034,2025-06-30,26,,0,0,,9,0.24727509330689199,0.4409215456714468,-0.8179010408933756,2,9,11,2,9,11,1.0,1.0,1.0,1
T034,2025-07-07,27,,0,0,,9,0.24727509330689199,0.4409215456714468,-0.8179010408933756,2,5,7,2,5,7,1.0,1.0,1.0,1
T034,2025-07-14,28,,0,0,,9,0.24727509330689199,0.4409215456714468,-0.8179010408933756,5,8,13,5,7,12,1.0,0.875,0.9230769230769231,1
T034,2025-07-21,29,,0,0,,9,0.24727509330689199,0.4409215456714468,-0.8179010408933756,6,8,14,4,7,11,0.6666666666666666,0.875,0.7857142857142857,1
T034,2025-07-28,30,,0,0,,9,0.24727509330689199,0.4409215456714468,-0.8179010408933756,6,4,10,4,4,8,0.6666666666666666,1.0,0.8,1
T035,2025-01-06,1,13.0,0,0,-12.0,8,0.5274780359429807,0.216239135544923,0.5824527131746424,4,13,17,3,10,13,0.75,0.7692307692307693,0.7647058823529411,1
T035,2025-01-13,2,13.0,0,0,-11.0,8,0.5274780359429807,0.216239135544923,0.5824527131746424,4,9,13,3,7,10,0.75,0.7777777777777778,0.7692307692307693,1
T035,2025-01-20,3,13.0,0,0,-10.0,8,0.5274780359429807,0.216239135544923,0.5824527131746424,6,9,15,5,8,13,0.8333333333333334,0.8888888888888888,0.8666666666666667,1
T035,2025-01-27,4,13.0,0,0,-9.0,8,0.5274780359429807,0.216239135544923,0.5824527131746424,12,10,22,9,8,17,0.75,0.8,0.7727272727272727,1
T035,2025-02-03,5,13.0,0,0,-8.0,8,0.5274780359429807,0.216239135544923,0.5824527131746424,6,8,14,4,7,11,0.6666666666666666,0.875,0.7857142857142857,1
T035,2025-02-10,6,13.0,0,0,-7.0,8,0.5274780359429807,0.216239135544923,0.5824527131746424,4,7,11,4,6,10,1.0,0.8571428571428571,0.9090909090909091,1
T035,2025-02-17,7,13.0,0,0,-6.0,8,0.5274780359429807,0.216239135544923,0.5824527131746424,7,4,11,5,3,8,0.7142857142857143,0.75,0.7272727272727273,1
T035,2025-02-24,8,13.0,0,0,-5.0,8,0.5274780359429807,0.216239135544923,0.5824527131746424,10,7,17,9,6,15,0.9,0.8571428571428571,0.8823529411764706,1
T035,2025-03-03,9,13.0,0,0,-4.0,8,0.5274780359429807,0.216239135544923,0.5824527131746424,5,7,12,4,6,10,0.8,0.8571428571428571,0.8333333333333334,1
T035,2025-03-10,10,13.0,0,0,-3.0,8,0.5274780359429807,0.216239135544923,0.5824527131746424,10,10,20,9,7,16,0.9,0.7,0.8,1
T035,2025-03-17,11,13.0,0,0,-2.0,8,0.5274780359429807,0.216239135544923,0.5824527131746424,0,6,6,0,4,4,,0.6666666666666666,0.6666666666666666,1
T035,2025-03-24,12,13.0,0,0,-1.0,8,0.5274780359429807,0.216239135544923,0.5824527131746424,6,2,8,6,1,7,1.0,0.5,0.875,1
T035,2025-03-31,13,13.0,1,1,0.0,8,0.5274780359429807,0.216239135544923,0.5824527131746424,7,9,16,6,8,14,0.8571428571428571,0.8888888888888888,0.875,1
T035,2025-04-07,14,13.0,1,1,1.0,8,0.5274780359429807,0.216239135544923,0.5824527131746424,3,6,9,3,4,7,1.0,0.6666666666666666,0.7777777777777778,1
T035,2025-04-14,15,13.0,1,1,2.0,8,0.5274780359429807,0.216239135544923,0.5824527131746424,1,7,8,1,7,8,1.0,1.0,1.0,1
T035,2025-04-21,16,13.0,1,1,3.0,8,0.5274780359429807,0.216239135544923,0.5824527131746424,9,11,20,6,8,14,0.6666666666666666,0.7272727272727273,0.7,1
T035,2025-04-28,17,13.0,1,1,4.0,8,0.5274780359429807,0.216239135544923,0.5824527131746424,4,16,20,3,10,13,0.75,0.625,0.65,1
T035,2025-05-05,18,13.0,1,1,5.0,8,0.5274780359429807,0.216239135544923,0.5824527131746424,6,9,15,6,7,13,1.0,0.7777777777777778,0.8666666666666667,1
T035,2025-05-12,19,13.0,1,1,6.0,8,0.5274780359429807,0.216239135544923,0.5824527131746424,9,4,13,8,4,12,0.8888888888888888,1.0,0.9230769230769231,1
T035,2025-05-19,20,13.0,1,1,7.0,8,0.5274780359429807,0.216239135544923,0.5824527131746424,4,5,9,4,4,8,1.0,0.8,0.8888888888888888,1
T035,2025-05-26,21,13.0,1,1,8.0,8,0.5274780359429807,0.216239135544923,0.5824527131746424,9,11,20,9,9,18,1.0,0.8181818181818182,0.9,1
T035,2025-06-02,22,13.0,1,1,9.0,8,0.5274780359429807,0.216239135544923,0.5824527131746424,4,5,9,2,4,6,0.5,0.8,0.6666666666666666,1
T035,2025-06-09,23,13.0,1,1,10.0,8,0.5274780359429807,0.216239135544923,0.5824527131746424,6,10,16,5,7,12,0.8333333333333334,0.7,0.75,1
T035,2025-06-16,24,13.0,1,1,11.0,8,0.5274780359429807,0.216239135544923,0.5824527131746424,2,9,11,1,7,8,0.5,0.7777777777777778,0.7272727272727273,1
T035,2025-06-23,25,13.0,1,1,12.0,8,0.5274780359429807,0.216239135544923,0.5824527131746424,6,4,10,6,2,8,1.0,0.5,0.8,1
T035,2025-06-30,26,13.0,1,1,13.0,8,0.5274780359429807,0.216239135544923,0.5824527131746424,11,9,20,10,8,18,0.9090909090909091,0.8888888888888888,0.9,1
T035,2025-07-07,27,13.0,1,1,14.0,8,0.5274780359429807,0.216239135544923,0.5824527131746424,8,10,18,7,9,16,0.875,0.9,0.8888888888888888,1
T035,2025-07-14,28,13.0,1,1,15.0,8,0.5274780359429807,0.216239135544923,0.5824527131746424,3,11,14,2,11,13,0.6666666666666666,1.0,0.9285714285714286,1
T035,2025-07-21,29,13.0,1,1,16.0,8,0.5274780359429807,0.216239135544923,0.5824527131746424,3,4,7,3,3,6,1.0,0.75,0.8571428571428571,1
T035,2025-07-28,30,13.0,1,1,17.0,8,0.5274780359429807,0.216239135544923,0.5824527131746424,4,11,15,3,8,11,0.75,0.7272727272727273,0.7333333333333333,1
T036,2025-01-06,1,12.0,0,0,-11.0,4,0.6028280011759759,0.2505954708729476,0.8958672826816326,3,3,6,2,2,4,0.6666666666666666,0.6666666666666666,0.6666666666666666,1
T036,2025-01-13,2,12.0,0,0,-10.0,4,0.6028280011759759,0.2505954708729476,0.8958672826816326,2,3,5,2,3,5,1.0,1.0,1.0,1
T036,2025-01-20,3,12.0,0,0,-9.0,4,0.6028280011759759,0.2505954708729476,0.8958672826816326,1,4,5,0,4,4,0.0,1.0,0.8,1
T036,2025-01-27,4,12.0,0,0,-8.0,4,0.6028280011759759,0.2505954708729476,0.8958672826816326,1,4,5,1,3,4,1.0,0.75,0.8,1
T036,2025-02-03,5,12.0,0,0,-7.0,4,0.6028280011759759,0.2505954708729476,0.8958672826816326,2,5,7,0,4,4,0.0,0.8,0.5714285714285714,1
T036,2025-02-10,6,12.0,0,0,-6.0,4,0.6028280011759759,0.2505954708729476,0.8958672826816326,2,4,6,1,4,5,0.5,1.0,0.8333333333333334,1
T036,2025-02-17,7,12.0,0,0,-5.0,4,0.6028280011759759,0.2505954708729476,0.8958672826816326,7,4,11,7,4,11,1.0,1.0,1.0,1
T036,2025-02-24,8,12.0,0,0,-4.0,4,0.6028280011759759,0.2505954708729476,0.8958672826816326,2,2,4,2,2,4,1.0,1.0,1.0,1
T036,2025-03-03,9,12.0,0,0,-3.0,4,0.6028280011759759,0.2505954708729476,0.8958672826816326,3,4,7,2,4,6,0.6666666666666666,1.0,0.8571428571428571,1
T036,2025-03-10,10,12.0,0,0,-2.0,4,0.6028280011759759,0.2505954708729476,0.8958672826816326,3,4,7,3,4,7,1.0,1.0,1.0,1
T036,2025-03-17,11,12.0,0,0,-1.0,4,0.6028280011759759,0.2505954708729476,0.8958672826816326,10,4,14,6,3,9,0.6,0.75,0.6428571428571429,1
T036,2025-03-24,12,12.0,1,1,0.0,4,0.6028280011759759,0.2505954708729476,0.8958672826816326,4,13,17,4,10,14,1.0,0.7692307692307693,0.8235294117647058,1
T036,2025-03-31,13,12.0,1,1,1.0,4,0.6028280011759759,0.2505954708729476,0.8958672826816326,3,4,7,3,3,6,1.0,0.75,0.8571428571428571,1
T036,2025-04-07,14,12.0,1,1,2.0,4,0.6028280011759759,0.2505954708729476,0.8958672826816326,2,5,7,2,4,6,1.0,0.8,0.8571428571428571,1
T036,2025-04-14,15,12.0,1,1,3.0,4,0.6028280011759759,0.2505954708729476,0.8958672826816326,1,4,5,1,4,5,1.0,1.0,1.0,1
T036,2025-04-21,16,12.0,1,1,4.0,4,0.6028280011759759,0.2505954708729476,0.8958672826816326,4,3,7,2,2,4,0.5,0.6666666666666666,0.5714285714285714,1
T036,2025-04-28,17,12.0,1,1,5.0,4,0.6028280011759759,0.2505954708729476,0.8958672826816326,2,3,5,1,2,3,0.5,0.6666666666666666,0.6,1
T036,2025-05-05,18,12.0,1,1,6.0,4,0.6028280011759759,0.2505954708729476,0.8958672826816326,4,7,11,4,6,10,1.0,0.8571428571428571,0.9090909090909091,1
T036,2025-05-12,19,12.0,1,1,7.0,4,0.6028280011759759,0.2505954708729476,0.8958672826816326,5,7,12,4,5,9,0.8,0.7142857142857143,0.75,1
T036,2025-05-19,20,12.0,1,1,8.0,4,0.6028280011759759,0.2505954708729476,0.8958672826816326,3,3,6,3,2,5,1.0,0.6666666666666666,0.8333333333333334,1
T036,2025-05-26,21,12.0,1,1,9.0,4,0.6028280011759759,0.2505954708729476,0.8958672826816326,0,6,6,0,4,4,,0.6666666666666666,0.6666666666666666,1
T036,2025-06-02,22,12.0,1,1,10.0,4,0.6028280011759759,0.2505954708729476,0.8958672826816326,3,4,7,3,2,5,1.0,0.5,0.7142857142857143,1
T036,2025-06-09,23,12.0,1,1,11.0,4,0.6028280011759759,0.2505954708729476,0.8958672826816326,3,10,13,3,7,10,1.0,0.7,0.7692307692307693,1
T036,2025-06-16,24,12.0,1,1,12.0,4,0.6028280011759759,0.2505954708729476,0.8958672826816326,3,2,5,3,2,5,1.0,1.0,1.0,1
T036,2025-06-23,25,12.0,1,1,13.0,4,0.6028280011759759,0.2505954708729476,0.8958672826816326,2,7,9,2,6,8,1.0,0.8571428571428571,0.8888888888888888,1
T036,2025-06-30,26,12.0,1,1,14.0,4,0.6028280011759759,0.2505954708729476,0.8958672826816326,1,1,2,1,1,2,1.0,1.0,1.0,0
T036,2025-07-07,27,12.0,1,1,15.0,4,0.6028280011759759,0.2505954708729476,0.8958672826816326,3,8,11,3,6,9,1.0,0.75,0.8181818181818182,1
T036,2025-07-14,28,12.0,1,1,16.0,4,0.6028280011759759,0.2505954708729476,0.8958672826816326,5,5,10,5,4,9,1.0,0.8,0.9,1
T036,2025-07-21,29,12.0,1,1,17.0,4,0.6028280011759759,0.2505954708729476,0.8958672826816326,5,7,12,3,4,7,0.6,0.5714285714285714,0.5833333333333334,1
T036,2025-07-28,30,12.0,1,1,18.0,4,0.6028280011759759,0.2505954708729476,0.8958672826816326,3,4,7,3,3,6,1.0,0.75,0.8571428571428571,1
T037,2025-01-06,1,,0,0,,12,0.4399770869535017,0.5270189802348163,0.8393269351040327,7,11,18,6,11,17,0.8571428571428571,1.0,0.9444444444444444,1
T037,2025-01-13,2,,0,0,,12,0.4399770869535017,0.5270189802348163,0.8393269351040327,14,11,25,12,10,22,0.8571428571428571,0.9090909090909091,0.88,1
T037,2025-01-20,3,,0,0,,12,0.4399770869535017,0.5270189802348163,0.8393269351040327,10,9,19,7,7,14,0.7,0.7777777777777778,0.7368421052631579,1
T037,2025-01-27,4,,0,0,,12,0.4399770869535017,0.5270189802348163,0.8393269351040327,14,11,25,9,9,18,0.6428571428571429,0.8181818181818182,0.72,1
T037,2025-02-03,5,,0,0,,12,0.4399770869535017,0.5270189802348163,0.8393269351040327,8,11,19,7,10,17,0.875,0.9090909090909091,0.8947368421052632,1
T037,2025-02-10,6,,0,0,,12,0.4399770869535017,0.5270189802348163,0.8393269351040327,10,11,21,8,9,17,0.8,0.8181818181818182,0.8095238095238095,1
T037,2025-02-17,7,,0,0,,12,0.4399770869535017,0.5270189802348163,0.8393269351040327,9,7,16,6,7,13,0.6666666666666666,1.0,0.8125,1
T037,2025-02-24,8,,0,0,,12,0.4399770869535017,0.5270189802348163,0.8393269351040327,11,8,19,9,8,17,0.8181818181818182,1.0,0.8947368421052632,1
T037,2025-03-03,9,,0,0,,12,0.4399770869535017,0.5270189802348163,0.8393269351040327,6,4,10,4,4,8,0.6666666666666666,1.0,0.8,1
T037,2025-03-10,10,,0,0,,12,0.4399770869535017,0.5270189802348163,0.8393269351040327,10,9,19,7,7,14,0.7,0.7777777777777778,0.7368421052631579,1
T037,2025-03-17,11,,0,0,,12,0.4399770869535017,0.5270189802348163,0.8393269351040327,8,7,15,7,7,14,0.875,1.0,0.9333333333333333,1
T037,2025-03-24,12,,0,0,,12,0.4399770869535017,0.5270189802348163,0.8393269351040327,7,9,16,7,7,14,1.0,0.7777777777777778,0.875,1
T037,2025-03-31,13,,0,0,,12,0.4399770869535017,0.5270189802348163,0.8393269351040327,5,10,15,5,9,14,1.0,0.9,0.9333333333333333,1
T037,2025-04-07,14,,0,0,,12,0.4399770869535017,0.5270189802348163,0.8393269351040327,18,15,33,15,10,25,0.8333333333333334,0.6666666666666666,0.7575757575757576,1
T037,2025-04-14,15,,0,0,,12,0.4399770869535017,0.5270189802348163,0.8393269351040327,12,8,20,9,8,17,0.75,1.0,0.85,1
T037,2025-04-21,16,,0,0,,12,0.4399770869535017,0.5270189802348163,0.8393269351040327,3,7,10,1,5,6,0.3333333333333333,0.7142857142857143,0.6,1
T037,2025-04-28,17,,0,0,,12,0.4399770869535017,0.5270189802348163,0.8393269351040327,6,8,14,6,6,12,1.0,0.75,0.8571428571428571,1
T037,2025-05-05,18,,0,0,,12,0.4399770869535017,0.5270189802348163,0.8393269351040327,10,12,22,9,12,21,0.9,1.0,0.9545454545454546,1
T037,2025-05-12,19,,0,0,,12,0.4399770869535017,0.5270189802348163,0.8393269351040327,3,6,9,2,5,7,0.6666666666666666,0.8333333333333334,0.7777777777777778,1
T037,2025-05-19,20,,0,0,,12,0.4399770869535017,0.5270189802348163,0.8393269351040327,3,9,12,3,6,9,1.0,0.6666666666666666,0.75,1
T037,2025-05-26,21,,0,0,,12,0.4399770869535017,0.5270189802348163,0.8393269351040327,10,4,14,10,4,14,1.0,1.0,1.0,1
T037,2025-06-02,22,,0,0,,12,0.4399770869535017,0.5270189802348163,0.8393269351040327,5,7,12,4,6,10,0.8,0.8571428571428571,0.8333333333333334,1
T037,2025-06-09,23,,0,0,,12,0.4399770869535017,0.5270189802348163,0.8393269351040327,7,15,22,7,12,19,1.0,0.8,0.8636363636363636,1
T037,2025-06-16,24,,0,0,,12,0.4399770869535017,0.5270189802348163,0.8393269351040327,8,13,21,7,13,20,0.875,1.0,0.9523809523809523,1
T037,2025-06-23,25,,0,0,,12,0.4399770869535017,0.5270189802348163,0.8393269351040327,4,4,8,3,3,6,0.75,0.75,0.75,1
T037,2025-06-30,26,,0,0,,12,0.4399770869535017,0.5270189802348163,0.8393269351040327,7,10,17,4,7,11,0.5714285714285714,0.7,0.6470588235294118,1
T037,2025-07-07,27,,0,0,,12,0.4399770869535017,0.5270189802348163,0.8393269351040327,11,12,23,11,8,19,1.0,0.6666666666666666,0.8260869565217391,1
T037,2025-07-14,28,,0,0,,12,0.4399770869535017,0.5270189802348163,0.8393269351040327,5,2,7,3,2,5,0.6,1.0,0.7142857142857143,1
T037,2025-07-21,29,,0,0,,12,0.4399770869535017,0.5270189802348163,0.8393269351040327,4,3,7,4,3,7,1.0,1.0,1.0,1
T037,2025-07-28,30,,0,0,,12,0.4399770869535017,0.5270189802348163,0.8393269351040327,2,6,8,2,6,8,1.0,1.0,1.0,1
T038,2025-01-06,1,10.0,0,0,-9.0,13,0.43158479617756695,0.2917104765390509,-0.9535568358052946,11,15,26,10,11,21,0.9090909090909091,0.7333333333333333,0.8076923076923077,1
T038,2025-01-13,2,10.0,0,0,-8.0,13,0.43158479617756695,0.2917104765390509,-0.9535568358052946,8,6,14,7,6,13,0.875,1.0,0.9285714285714286,1
T038,2025-01-20,3,10.0,0,0,-7.0,13,0.43158479617756695,0.2917104765390509,-0.9535568358052946,11,3,14,9,2,11,0.8181818181818182,0.6666666666666666,0.7857142857142857,1
T038,2025-01-27,4,10.0,0,0,-6.0,13,0.43158479617756695,0.2917104765390509,-0.9535568358052946,8,9,17,5,8,13,0.625,0.8888888888888888,0.7647058823529411,1
T038,2025-02-03,5,10.0,0,0,-5.0,13,0.43158479617756695,0.2917104765390509,-0.9535568358052946,9,9,18,6,7,13,0.6666666666666666,0.7777777777777778,0.7222222222222222,1
T038,2025-02-10,6,10.0,0,0,-4.0,13,0.43158479617756695,0.2917104765390509,-0.9535568358052946,6,6,12,4,6,10,0.6666666666666666,1.0,0.8333333333333334,1
T038,2025-02-17,7,10.0,0,0,-3.0,13,0.43158479617756695,0.2917104765390509,-0.9535568358052946,10,13,23,9,10,19,0.9,0.7692307692307693,0.8260869565217391,1
T038,2025-02-24,8,10.0,0,0,-2.0,13,0.43158479617756695,0.2917104765390509,-0.9535568358052946,8,11,19,7,9,16,0.875,0.8181818181818182,0.8421052631578947,1
T038,2025-03-03,9,10.0,0,0,-1.0,13,0.43158479617756695,0.2917104765390509,-0.9535568358052946,3,3,6,2,2,4,0.6666666666666666,0.6666666666666666,0.6666666666666666,1
T038,2025-03-10,10,10.0,1,1,0.0,13,0.43158479617756695,0.2917104765390509,-0.9535568358052946,7,9,16,5,6,11,0.7142857142857143,0.6666666666666666,0.6875,1
T038,2025-03-17,11,10.0,1,1,1.0,13,0.43158479617756695,0.2917104765390509,-0.9535568358052946,5,9,14,4,9,13,0.8,1.0,0.9285714285714286,1
T038,2025-03-24,12,10.0,1,1,2.0,13,0.43158479617756695,0.2917104765390509,-0.9535568358052946,3,3,6,1,2,3,0.3333333333333333,0.6666666666666666,0.5,1
T038,2025-03-31,13,10.0,1,1,3.0,13,0.43158479617756695,0.2917104765390509,-0.9535568358052946,7,9,16,6,8,14,0.8571428571428571,0.8888888888888888,0.875,1
T038,2025-04-07,14,10.0,1,1,4.0,13,0.43158479617756695,0.2917104765390509,-0.9535568358052946,5,5,10,2,4,6,0.4,0.8,0.6,1
T038,2025-04-14,15,10.0,1,1,5.0,13,0.43158479617756695,0.2917104765390509,-0.9535568358052946,5,7,12,2,5,7,0.4,0.7142857142857143,0.5833333333333334,1
T038,2025-04-21,16,10.0,1,1,6.0,13,0.43158479617756695,0.2917104765390509,-0.9535568358052946,2,7,9,0,3,3,0.0,0.42857142857142855,0.3333333333333333,1
T038,2025-04-28,17,10.0,1,1,7.0,13,0.43158479617756695,0.2917104765390509,-0.9535568358052946,5,5,10,4,5,9,0.8,1.0,0.9,1
T038,2025-05-05,18,10.0,1,1,8.0,13,0.43158479617756695,0.2917104765390509,-0.9535568358052946,7,12,19,6,8,14,0.8571428571428571,0.6666666666666666,0.7368421052631579,1
T038,2025-05-12,19,10.0,1,1,9.0,13,0.43158479617756695,0.2917104765390509,-0.9535568358052946,10,5,15,7,3,10,0.7,0.6,0.6666666666666666,1
T038,2025-05-19,20,10.0,1,1,10.0,13,0.43158479617756695,0.2917104765390509,-0.9535568358052946,5,13,18,2,10,12,0.4,0.7692307692307693,0.6666666666666666,1
T038,2025-05-26,21,10.0,1,1,11.0,13,0.43158479617756695,0.2917104765390509,-0.9535568358052946,3,8,11,2,6,8,0.6666666666666666,0.75,0.7272727272727273,1
T038,2025-06-02,22,10.0,1,1,12.0,13,0.43158479617756695,0.2917104765390509,-0.9535568358052946,4,10,14,4,8,12,1.0,0.8,0.8571428571428571,1
T038,2025-06-09,23,10.0,1,1,13.0,13,0.43158479617756695,0.2917104765390509,-0.9535568358052946,11,9,20,8,8,16,0.7272727272727273,0.8888888888888888,0.8,1
T038,2025-06-16,24,10.0,1,1,14.0,13,0.43158479617756695,0.2917104765390509,-0.9535568358052946,3,7,10,1,3,4,0.3333333333333333,0.42857142857142855,0.4,1
T038,2025-06-23,25,10.0,1,1,15.0,13,0.43158479617756695,0.2917104765390509,-0.9535568358052946,9,11,20,6,11,17,0.6666666666666666,1.0,0.85,1
T038,2025-06-30,26,10.0,1,1,16.0,13,0.43158479617756695,0.2917104765390509,-0.9535568358052946,8,14,22,5,10,15,0.625,0.7142857142857143,0.6818181818181818,1
T038,2025-07-07,27,10.0,1,1,17.0,13,0.43158479617756695,0.2917104765390509,-0.9535568358052946,4,7,11,4,6,10,1.0,0.8571428571428571,0.9090909090909091,1
T038,2025-07-14,28,10.0,1,1,18.0,13,0.43158479617756695,0.2917104765390509,-0.9535568358052946,6,3,9,6,3,9,1.0,1.0,1.0,1
T038,2025-07-21,29,10.0,1,1,19.0,13,0.43158479617756695,0.2917104765390509,-0.9535568358052946,8,10,18,3,9,12,0.375,0.9,0.6666666666666666,1
T038,2025-07-28,30,10.0,1,1,20.0,13,0.43158479617756695,0.2917104765390509,-0.9535568358052946,7,5,12,5,5,10,0.7142857142857143,1.0,0.8333333333333334,1
T039,2025-01-06,1,,0,0,,10,0.5052578817007245,0.47266243316319023,-0.0865830039338018,6,5,11,6,5,11,1.0,1.0,1.0,1
T039,2025-01-13,2,,0,0,,10,0.5052578817007245,0.47266243316319023,-0.0865830039338018,0,3,3,0,3,3,,1.0,1.0,1
T039,2025-01-20,3,,0,0,,10,0.5052578817007245,0.47266243316319023,-0.0865830039338018,7,7,14,4,7,11,0.5714285714285714,1.0,0.7857142857142857,1
T039,2025-01-27,4,,0,0,,10,0.5052578817007245,0.47266243316319023,-0.0865830039338018,12,11,23,12,9,21,1.0,0.8181818181818182,0.9130434782608695,1
T039,2025-02-03,5,,0,0,,10,0.5052578817007245,0.47266243316319023,-0.0865830039338018,3,11,14,3,10,13,1.0,0.9090909090909091,0.9285714285714286,1
T039,2025-02-10,6,,0,0,,10,0.5052578817007245,0.47266243316319023,-0.0865830039338018,9,3,12,9,1,10,1.0,0.3333333333333333,0.8333333333333334,1
T039,2025-02-17,7,,0,0,,10,0.5052578817007245,0.47266243316319023,-0.0865830039338018,9,4,13,8,4,12,0.8888888888888888,1.0,0.9230769230769231,1
T039,2025-02-24,8,,0,0,,10,0.5052578817007245,0.47266243316319023,-0.0865830039338018,2,5,7,2,4,6,1.0,0.8,0.8571428571428571,1
T039,2025-03-03,9,,0,0,,10,0.5052578817007245,0.47266243316319023,-0.0865830039338018,8,11,19,5,9,14,0.625,0.8181818181818182,0.7368421052631579,1
T039,2025-03-10,10,,0,0,,10,0.5052578817007245,0.47266243316319023,-0.0865830039338018,9,3,12,9,2,11,1.0,0.6666666666666666,0.9166666666666666,1
T039,2025-03-17,11,,0,0,,10,0.5052578817007245,0.47266243316319023,-0.0865830039338018,5,4,9,5,4,9,1.0,1.0,1.0,1
T039,2025-03-24,12,,0,0,,10,0.5052578817007245,0.47266243316319023,-0.0865830039338018,4,5,9,3,5,8,0.75,1.0,0.8888888888888888,1
T039,2025-03-31,13,,0,0,,10,0.5052578817007245,0.47266243316319023,-0.0865830039338018,5,3,8,4,3,7,0.8,1.0,0.875,1
T039,2025-04-07,14,,0,0,,10,0.5052578817007245,0.47266243316319023,-0.0865830039338018,9,10,19,8,10,18,0.8888888888888888,1.0,0.9473684210526315,1
T039,2025-04-14,15,,0,0,,10,0.5052578817007245,0.47266243316319023,-0.0865830039338018,7,9,16,7,8,15,1.0,0.8888888888888888,0.9375,1
T039,2025-04-21,16,,0,0,,10,0.5052578817007245,0.47266243316319023,-0.0865830039338018,6,12,18,5,9,14,0.8333333333333334,0.75,0.7777777777777778,1
T039,2025-04-28,17,,0,0,,10,0.5052578817007245,0.47266243316319023,-0.0865830039338018,6,4,10,5,4,9,0.8333333333333334,1.0,0.9,1
T039,2025-05-05,18,,0,0,,10,0.5052578817007245,0.47266243316319023,-0.0865830039338018,16,7,23,15,7,22,0.9375,1.0,0.9565217391304348,1
T039,2025-05-12,19,,0,0,,10,0.5052578817007245,0.47266243316319023,-0.0865830039338018,1,8,9,1,8,9,1.0,1.0,1.0,1
T039,2025-05-19,20,,0,0,,10,0.5052578817007245,0.47266243316319023,-0.0865830039338018,8,16,24,8,16,24,1.0,1.0,1.0,1
T039,2025-05-26,21,,0,0,,10,0.5052578817007245,0.47266243316319023,-0.0865830039338018,5,2,7,4,2,6,0.8,1.0,0.8571428571428571,1
T039,2025-06-02,22,,0,0,,10,0.5052578817007245,0.47266243316319023,-0.0865830039338018,1,7,8,1,7,8,1.0,1.0,1.0,1
T039,2025-06-09,23,,0,0,,10,0.5052578817007245,0.47266243316319023,-0.0865830039338018,3,6,9,3,6,9,1.0,1.0,1.0,1
T039,2025-06-16,24,,0,0,,10,0.5052578817007245,0.47266243316319023,-0.0865830039338018,5,9,14,3,7,10,0.6,0.7777777777777778,0.7142857142857143,1
T039,2025-06-23,25,,0,0,,10,0.5052578817007245,0.47266243316319023,-0.0865830039338018,3,6,9,3,6,9,1.0,1.0,1.0,1
T039,2025-06-30,26,,0,0,,10,0.5052578817007245,0.47266243316319023,-0.0865830039338018,13,16,29,12,14,26,0.9230769230769231,0.875,0.896551724137931,1
T039,2025-07-07,27,,0,0,,10,0.5052578817007245,0.47266243316319023,-0.0865830039338018,10,11,21,7,10,17,0.7,0.9090909090909091,0.8095238095238095,1
T039,2025-07-14,28,,0,0,,10,0.5052578817007245,0.47266243316319023,-0.0865830039338018,4,6,10,3,6,9,0.75,1.0,0.9,1
T039,2025-07-21,29,,0,0,,10,0.5052578817007245,0.47266243316319023,-0.0865830039338018,1,4,5,1,4,5,1.0,1.0,1.0,1
T039,2025-07-28,30,,0,0,,10,0.5052578817007245,0.47266243316319023,-0.0865830039338018,4,5,9,4,3,7,1.0,0.6,0.7777777777777778,1
T040,2025-01-06,1,,0,0,,5,0.2330887440122279,0.8109093398137504,2.237887741444385,3,5,8,3,5,8,1.0,1.0,1.0,1
T040,2025-01-13,2,,0,0,,5,0.2330887440122279,0.8109093398137504,2.237887741444385,11,7,18,11,7,18,1.0,1.0,1.0,1
T040,2025-01-20,3,,0,0,,5,0.2330887440122279,0.8109093398137504,2.237887741444385,12,5,17,10,5,15,0.8333333333333334,1.0,0.8823529411764706,1
T040,2025-01-27,4,,0,0,,5,0.2330887440122279,0.8109093398137504,2.237887741444385,0,5,5,0,5,5,,1.0,1.0,1
T040,2025-02-03,5,,0,0,,5,0.2330887440122279,0.8109093398137504,2.237887741444385,5,8,13,5,8,13,1.0,1.0,1.0,1
T040,2025-02-10,6,,0,0,,5,0.2330887440122279,0.8109093398137504,2.237887741444385,5,7,12,5,7,12,1.0,1.0,1.0,1
T040,2025-02-17,7,,0,0,,5,0.2330887440122279,0.8109093398137504,2.237887741444385,11,6,17,11,6,17,1.0,1.0,1.0,1
T040,2025-02-24,8,,0,0,,5,0.2330887440122279,0.8109093398137504,2.237887741444385,4,12,16,4,12,16,1.0,1.0,1.0,1
T040,2025-03-03,9,,0,0,,5,0.2330887440122279,0.8109093398137504,2.237887741444385,1,4,5,1,3,4,1.0,0.75,0.8,1
T040,2025-03-10,10,,0,0,,5,0.2330887440122279,0.8109093398137504,2.237887741444385,17,13,30,16,13,29,0.9411764705882353,1.0,0.9666666666666667,1
T040,2025-03-17,11,,0,0,,5,0.2330887440122279,0.8109093398137504,2.237887741444385,6,9,15,6,9,15,1.0,1.0,1.0,1
T040,2025-03-24,12,,0,0,,5,0.2330887440122279,0.8109093398137504,2.237887741444385,7,14,21,7,11,18,1.0,0.7857142857142857,0.8571428571428571,1
T040,2025-03-31,13,,0,0,,5,0.2330887440122279,0.8109093398137504,2.237887741444385,4,2,6,4,2,6,1.0,1.0,1.0,1
T040,2025-04-07,14,,0,0,,5,0.2330887440122279,0.8109093398137504,2.237887741444385,5,2,7,5,2,7,1.0,1.0,1.0,1
T040,2025-04-14,15,,0,0,,5,0.2330887440122279,0.8109093398137504,2.237887741444385,6,12,18,6,11,17,1.0,0.9166666666666666,0.9444444444444444,1
T040,2025-04-21,16,,0,0,,5,0.2330887440122279,0.8109093398137504,2.237887741444385,5,12,17,5,11,16,1.0,0.9166666666666666,0.9411764705882353,1
T040,2025-04-28,17,,0,0,,5,0.2330887440122279,0.8109093398137504,2.237887741444385,4,6,10,4,6,10,1.0,1.0,1.0,1
T040,2025-05-05,18,,0,0,,5,0.2330887440122279,0.8109093398137504,2.237887741444385,8,5,13,8,5,13,1.0,1.0,1.0,1
T040,2025-05-12,19,,0,0,,5,0.2330887440122279,0.8109093398137504,2.237887741444385,4,7,11,4,7,11,1.0,1.0,1.0,1
T040,2025-05-19,20,,0,0,,5,0.2330887440122279,0.8109093398137504,2.237887741444385,4,10,14,4,9,13,1.0,0.9,0.9285714285714286,1
T040,2025-05-26,21,,0,0,,5,0.2330887440122279,0.8109093398137504,2.237887741444385,6,5,11,6,5,11,1.0,1.0,1.0,1
T040,2025-06-02,22,,0,0,,5,0.2330887440122279,0.8109093398137504,2.237887741444385,5,11,16,4,11,15,0.8,1.0,0.9375,1
T040,2025-06-09,23,,0,0,,5,0.2330887440122279,0.8109093398137504,2.237887741444385,6,8,14,5,7,12,0.8333333333333334,0.875,0.8571428571428571,1
T040,2025-06-16,24,,0,0,,5,0.2330887440122279,0.8109093398137504,2.237887741444385,2,7,9,2,7,9,1.0,1.0,1.0,1
T040,2025-06-23,25,,0,0,,5,0.2330887440122279,0.8109093398137504,2.237887741444385,7,10,17,6,8,14,0.8571428571428571,0.8,0.8235294117647058,1
T040,2025-06-30,26,,0,0,,5,0.2330887440122279,0.8109093398137504,2.237887741444385,3,8,11,2,7,9,0.6666666666666666,0.875,0.8181818181818182,1
T040,2025-07-07,27,,0,0,,5,0.2330887440122279,0.8109093398137504,2.237887741444385,5,8,13,4,8,12,0.8,1.0,0.9230769230769231,1
T040,2025-07-14,28,,0,0,,5,0.2330887440122279,0.8109093398137504,2.237887741444385,3,4,7,3,4,7,1.0,1.0,1.0,1
T040,2025-07-21,29,,0,0,,5,0.2330887440122279,0.8109093398137504,2.237887741444385,5,8,13,5,8,13,1.0,1.0,1.0,1
T040,2025-07-28,30,,0,0,,5,0.2330887440122279,0.8109093398137504,2.237887741444385,5,7,12,5,7,12,1.0,1.0,1.0,1
T041,2025-01-06,1,12.0,0,0,-11.0,6,0.7752469549749034,0.670862060863885,0.471708611235346,1,3,4,1,3,4,1.0,1.0,1.0,1
T041,2025-01-13,2,12.0,0,0,-10.0,6,0.7752469549749034,0.670862060863885,0.471708611235346,2,2,4,2,2,4,1.0,1.0,1.0,1
T041,2025-01-20,3,12.0,0,0,-9.0,6,0.7752469549749034,0.670862060863885,0.471708611235346,3,9,12,2,8,10,0.6666666666666666,0.8888888888888888,0.8333333333333334,1
T041,2025-01-27,4,12.0,0,0,-8.0,6,0.7752469549749034,0.670862060863885,0.471708611235346,5,4,9,5,3,8,1.0,0.75,0.8888888888888888,1
T041,2025-02-03,5,12.0,0,0,-7.0,6,0.7752469549749034,0.670862060863885,0.471708611235346,6,1,7,5,1,6,0.8333333333333334,1.0,0.8571428571428571,1
T041,2025-02-10,6,12.0,0,0,-6.0,6,0.7752469549749034,0.670862060863885,0.471708611235346,6,5,11,5,5,10,0.8333333333333334,1.0,0.9090909090909091,1
T041,2025-02-17,7,12.0,0,0,-5.0,6,0.7752469549749034,0.670862060863885,0.471708611235346,3,2,5,3,1,4,1.0,0.5,0.8,1
T041,2025-02-24,8,12.0,0,0,-4.0,6,0.7752469549749034,0.670862060863885,0.471708611235346,3,6,9,2,5,7,0.6666666666666666,0.8333333333333334,0.7777777777777778,1
T041,2025-03-03,9,12.0,0,0,-3.0,6,0.7752469549749034,0.670862060863885,0.471708611235346,2,2,4,1,2,3,0.5,1.0,0.75,1
T041,2025-03-10,10,12.0,0,0,-2.0,6,0.7752469549749034,0.670862060863885,0.471708611235346,6,6,12,3,5,8,0.5,0.8333333333333334,0.6666666666666666,1
T041,2025-03-17,11,12.0,0,0,-1.0,6,0.7752469549749034,0.670862060863885,0.471708611235346,6,7,13,6,7,13,1.0,1.0,1.0,1
T041,2025-03-24,12,12.0,1,1,0.0,6,0.7752469549749034,0.670862060863885,0.471708611235346,2,6,8,2,6,8,1.0,1.0,1.0,1
T041,2025-03-31,13,12.0,1,1,1.0,6,0.7752469549749034,0.670862060863885,0.471708611235346,7,3,10,7,3,10,1.0,1.0,1.0,1
T041,2025-04-07,14,12.0,1,1,2.0,6,0.7752469549749034,0.670862060863885,0.471708611235346,4,3,7,4,3,7,1.0,1.0,1.0,1
T041,2025-04-14,15,12.0,1,1,3.0,6,0.7752469549749034,0.670862060863885,0.471708611235346,4,2,6,4,1,5,1.0,0.5,0.8333333333333334,1
T041,2025-04-21,16,12.0,1,1,4.0,6,0.7752469549749034,0.670862060863885,0.471708611235346,3,3,6,1,3,4,0.3333333333333333,1.0,0.6666666666666666,1
T041,2025-04-28,17,12.0,1,1,5.0,6,0.7752469549749034,0.670862060863885,0.471708611235346,6,7,13,6,6,12,1.0,0.8571428571428571,0.9230769230769231,1
T041,2025-05-05,18,12.0,1,1,6.0,6,0.7752469549749034,0.670862060863885,0.471708611235346,3,5,8,3,4,7,1.0,0.8,0.875,1
T041,2025-05-12,19,12.0,1,1,7.0,6,0.7752469549749034,0.670862060863885,0.471708611235346,1,2,3,1,2,3,1.0,1.0,1.0,1
T041,2025-05-19,20,12.0,1,1,8.0,6,0.7752469549749034,0.670862060863885,0.471708611235346,4,7,11,3,7,10,0.75,1.0,0.9090909090909091,1
T041,2025-05-26,21,12.0,1,1,9.0,6,0.7752469549749034,0.670862060863885,0.471708611235346,7,4,11,7,3,10,1.0,0.75,0.9090909090909091,1
T041,2025-06-02,22,12.0,1,1,10.0,6,0.7752469549749034,0.670862060863885,0.471708611235346,4,5,9,3,5,8,0.75,1.0,0.8888888888888888,1
T041,2025-06-09,23,12.0,1,1,11.0,6,0.7752469549749034,0.670862060863885,0.471708611235346,1,8,9,1,8,9,1.0,1.0,1.0,1
T041,2025-06-16,24,12.0,1,1,12.0,6,0.7752469549749034,0.670862060863885,0.471708611235346,2,5,7,2,5,7,1.0,1.0,1.0,1
T041,2025-06-23,25,12.0,1,1,13.0,6,0.7752469549749034,0.670862060863885,0.471708611235346,5,7,12,4,6,10,0.8,0.8571428571428571,0.8333333333333334,1
T041,2025-06-30,26,12.0,1,1,14.0,6,0.7752469549749034,0.670862060863885,0.471708611235346,3,5,8,3,4,7,1.0,0.8,0.875,1
T041,2025-07-07,27,12.0,1,1,15.0,6,0.7752469549749034,0.670862060863885,0.471708611235346,4,5,9,3,4,7,0.75,0.8,0.7777777777777778,1
T041,2025-07-14,28,12.0,1,1,16.0,6,0.7752469549749034,0.670862060863885,0.471708611235346,6,4,10,6,4,10,1.0,1.0,1.0,1
T041,2025-07-21,29,12.0,1,1,17.0,6,0.7752469549749034,0.670862060863885,0.471708611235346,7,4,11,4,3,7,0.5714285714285714,0.75,0.6363636363636364,1
T041,2025-07-28,30,12.0,1,1,18.0,6,0.7752469549749034,0.670862060863885,0.471708611235346,2,1,3,0,0,0,0.0,0.0,0.0,1
T042,2025-01-06,1,,0,0,,5,0.7418146168319569,0.7835516231829364,0.7939954250737862,8,2,10,8,1,9,1.0,0.5,0.9,1
T042,2025-01-13,2,,0,0,,5,0.7418146168319569,0.7835516231829364,0.7939954250737862,10,10,20,10,9,19,1.0,0.9,0.95,1
T042,2025-01-20,3,,0,0,,5,0.7418146168319569,0.7835516231829364,0.7939954250737862,3,4,7,3,4,7,1.0,1.0,1.0,1
T042,2025-01-27,4,,0,0,,5,0.7418146168319569,0.7835516231829364,0.7939954250737862,4,7,11,4,7,11,1.0,1.0,1.0,1
T042,2025-02-03,5,,0,0,,5,0.7418146168319569,0.7835516231829364,0.7939954250737862,3,5,8,3,5,8,1.0,1.0,1.0,1
T042,2025-02-10,6,,0,0,,5,0.7418146168319569,0.7835516231829364,0.7939954250737862,8,3,11,7,2,9,0.875,0.6666666666666666,0.8181818181818182,1
T042,2025-02-17,7,,0,0,,5,0.7418146168319569,0.7835516231829364,0.7939954250737862,7,9,16,7,7,14,1.0,0.7777777777777778,0.875,1
T042,2025-02-24,8,,0,0,,5,0.7418146168319569,0.7835516231829364,0.7939954250737862,2,1,3,2,1,3,1.0,1.0,1.0,1
T042,2025-03-03,9,,0,0,,5,0.7418146168319569,0.7835516231829364,0.7939954250737862,7,5,12,7,4,11,1.0,0.8,0.9166666666666666,1
T042,2025-03-10,10,,0,0,,5,0.7418146168319569,0.7835516231829364,0.7939954250737862,5,7,12,5,7,12,1.0,1.0,1.0,1
T042,2025-03-17,11,,0,0,,5,0.7418146168319569,0.7835516231829364,0.7939954250737862,7,7,14,6,6,12,0.8571428571428571,0.8571428571428571,0.8571428571428571,1
T042,2025-03-24,12,,0,0,,5,0.7418146168319569,0.7835516231829364,0.7939954250737862,3,5,8,2,4,6,0.6666666666666666,0.8,0.75,1
T042,2025-03-31,13,,0,0,,5,0.7418146168319569,0.7835516231829364,0.7939954250737862,5,4,9,4,3,7,0.8,0.75,0.7777777777777778,1
T042,2025-04-07,14,,0,0,,5,0.7418146168319569,0.7835516231829364,0.7939954250737862,9,6,15,8,5,13,0.8888888888888888,0.8333333333333334,0.8666666666666667,1
T042,2025-04-14,15,,0,0,,5,0.7418146168319569,0.7835516231829364,0.7939954250737862,11,5,16,11,5,16,1.0,1.0,1.0,1
T042,2025-04-21,16,,0,0,,5,0.7418146168319569,0.7835516231829364,0.7939954250737862,2,2,4,2,1,3,1.0,0.5,0.75,1
T042,2025-04-28,17,,0,0,,5,0.7418146168319569,0.7835516231829364,0.7939954250737862,3,5,8,3,4,7,1.0,0.8,0.875,1
T042,2025-05-05,18,,0,0,,5,0.7418146168319569,0.7835516231829364,0.7939954250737862,6,6,12,6,5,11,1.0,0.8333333333333334,0.9166666666666666,1
T042,2025-05-12,19,,0,0,,5,0.7418146168319569,0.7835516231829364,0.7939954250737862,5,3,8,4,3,7,0.8,1.0,0.875,1
T042,2025-05-19,20,,0,0,,5,0.7418146168319569,0.7835516231829364,0.7939954250737862,2,4,6,2,2,4,1.0,0.5,0.6666666666666666,1
T042,2025-05-26,21,,0,0,,5,0.7418146168319569,0.7835516231829364,0.7939954250737862,2,6,8,1,5,6,0.5,0.8333333333333334,0.75,1
T042,2025-06-02,22,,0,0,,5,0.7418146168319569,0.7835516231829364,0.7939954250737862,5,10,15,5,9,14,1.0,0.9,0.9333333333333333,1
T042,2025-06-09,23,,0,0,,5,0.7418146168319569,0.7835516231829364,0.7939954250737862,1,5,6,1,5,6,1.0,1.0,1.0,1
T042,2025-06-16,24,,0,0,,5,0.7418146168319569,0.7835516231829364,0.7939954250737862,8,3,11,6,2,8,0.75,0.6666666666666666,0.7272727272727273,1
T042,2025-06-23,25,,0,0,,5,0.7418146168319569,0.7835516231829364,0.7939954250737862,3,3,6,3,2,5,1.0,0.6666666666666666,0.8333333333333334,1
T042,2025-06-30,26,,0,0,,5,0.7418146168319569,0.7835516231829364,0.7939954250737862,4,4,8,4,4,8,1.0,1.0,1.0,1
T042,2025-07-07,27,,0,0,,5,0.7418146168319569,0.7835516231829364,0.7939954250737862,2,7,9,2,7,9,1.0,1.0,1.0,1
T042,2025-07-14,28,,0,0,,5,0.7418146168319569,0.7835516231829364,0.7939954250737862,5,14,19,4,12,16,0.8,0.8571428571428571,0.8421052631578947,1
T042,2025-07-21,29,,0,0,,5,0.7418146168319569,0.7835516231829364,0.7939954250737862,4,9,13,3,8,11,0.75,0.8888888888888888,0.8461538461538461,1
T042,2025-07-28,30,,0,0,,5,0.7418146168319569,0.7835516231829364,0.7939954250737862,5,6,11,5,5,10,1.0,0.8333333333333334,0.9090909090909091,1
T043,2025-01-06,1,10.0,0,0,-9.0,7,0.4596407584335008,0.336636315381092,0.042401390459763,3,5,8,3,5,8,1.0,1.0,1.0,1
T043,2025-01-13,2,10.0,0,0,-8.0,7,0.4596407584335008,0.336636315381092,0.042401390459763,7,5,12,5,4,9,0.7142857142857143,0.8,0.75,1
T043,2025-01-20,3,10.0,0,0,-7.0,7,0.4596407584335008,0.336636315381092,0.042401390459763,7,8,15,6,8,14,0.8571428571428571,1.0,0.9333333333333333,1
T043,2025-01-27,4,10.0,0,0,-6.0,7,0.4596407584335008,0.336636315381092,0.042401390459763,3,2,5,3,2,5,1.0,1.0,1.0,1
T043,2025-02-03,5,10.0,0,0,-5.0,7,0.4596407584335008,0.336636315381092,0.042401390459763,4,4,8,3,4,7,0.75,1.0,0.875,1
T043,2025-02-10,6,10.0,0,0,-4.0,7,0.4596407584335008,0.336636315381092,0.042401390459763,7,8,15,7,8,15,1.0,1.0,1.0,1
T043,2025-02-17,7,10.0,0,0,-3.0,7,0.4596407584335008,0.336636315381092,0.042401390459763,5,10,15,5,8,13,1.0,0.8,0.8666666666666667,1
T043,2025-02-24,8,10.0,0,0,-2.0,7,0.4596407584335008,0.336636315381092,0.042401390459763,6,7,13,4,7,11,0.6666666666666666,1.0,0.8461538461538461,1
T043,2025-03-03,9,10.0,0,0,-1.0,7,0.4596407584335008,0.336636315381092,0.042401390459763,3,6,9,3,6,9,1.0,1.0,1.0,1
T043,2025-03-10,10,10.0,1,1,0.0,7,0.4596407584335008,0.336636315381092,0.042401390459763,4,2,6,3,2,5,0.75,1.0,0.8333333333333334,1
T043,2025-03-17,11,10.0,1,1,1.0,7,0.4596407584335008,0.336636315381092,0.042401390459763,6,5,11,6,5,11,1.0,1.0,1.0,1
T043,2025-03-24,12,10.0,1,1,2.0,7,0.4596407584335008,0.336636315381092,0.042401390459763,3,6,9,3,6,9,1.0,1.0,1.0,1
T043,2025-03-31,13,10.0,1,1,3.0,7,0.4596407584335008,0.336636315381092,0.042401390459763,5,5,10,5,5,10,1.0,1.0,1.0,1
T043,2025-04-07,14,10.0,1,1,4.0,7,0.4596407584335008,0.336636315381092,0.042401390459763,4,5,9,4,5,9,1.0,1.0,1.0,1
T043,2025-04-14,15,10.0,1,1,5.0,7,0.4596407584335008,0.336636315381092,0.042401390459763,2,8,10,1,8,9,0.5,1.0,0.9,1
T043,2025-04-21,16,10.0,1,1,6.0,7,0.4596407584335008,0.336636315381092,0.042401390459763,5,3,8,5,3,8,1.0,1.0,1.0,1
T043,2025-04-28,17,10.0,1,1,7.0,7,0.4596407584335008,0.336636315381092,0.042401390459763,2,4,6,2,4,6,1.0,1.0,1.0,1
T043,2025-05-05,18,10.0,1,1,8.0,7,0.4596407584335008,0.336636315381092,0.042401390459763,2,9,11,2,8,10,1.0,0.8888888888888888,0.9090909090909091,1
T043,2025-05-12,19,10.0,1,1,9.0,7,0.4596407584335008,0.336636315381092,0.042401390459763,5,15,20,3,14,17,0.6,0.9333333333333333,0.85,1
T043,2025-05-19,20,10.0,1,1,10.0,7,0.4596407584335008,0.336636315381092,0.042401390459763,6,7,13,6,7,13,1.0,1.0,1.0,1
T043,2025-05-26,21,10.0,1,1,11.0,7,0.4596407584335008,0.336636315381092,0.042401390459763,13,6,19,12,5,17,0.9230769230769231,0.8333333333333334,0.8947368421052632,1
T043,2025-06-02,22,10.0,1,1,12.0,7,0.4596407584335008,0.336636315381092,0.042401390459763,8,16,24,8,15,23,1.0,0.9375,0.9583333333333334,1
T043,2025-06-09,23,10.0,1,1,13.0,7,0.4596407584335008,0.336636315381092,0.042401390459763,3,7,10,2,6,8,0.6666666666666666,0.8571428571428571,0.8,1
T043,2025-06-16,24,10.0,1,1,14.0,7,0.4596407584335008,0.336636315381092,0.042401390459763,8,9,17,8,9,17,1.0,1.0,1.0,1
T043,2025-06-23,25,10.0,1,1,15.0,7,0.4596407584335008,0.336636315381092,0.042401390459763,7,15,22,6,14,20,0.8571428571428571,0.9333333333333333,0.9090909090909091,1
T043,2025-06-30,26,10.0,1,1,16.0,7,0.4596407584335008,0.336636315381092,0.042401390459763,4,12,16,4,11,15,1.0,0.9166666666666666,0.9375,1
T043,2025-07-07,27,10.0,1,1,17.0,7,0.4596407584335008,0.336636315381092,0.042401390459763,5,4,9,5,4,9,1.0,1.0,1.0,1
T043,2025-07-14,28,10.0,1,1,18.0,7,0.4596407584335008,0.336636315381092,0.042401390459763,10,6,16,10,5,15,1.0,0.8333333333333334,0.9375,1
T043,2025-07-21,29,10.0,1,1,19.0,7,0.4596407584335008,0.336636315381092,0.042401390459763,8,9,17,8,9,17,1.0,1.0,1.0,1
T043,2025-07-28,30,10.0,1,1,20.0,7,0.4596407584335008,0.336636315381092,0.042401390459763,9,8,17,9,8,17,1.0,1.0,1.0,1
T044,2025-01-06,1,,0,0,,9,0.6794229849304098,0.5772411752330598,-0.5640567584485104,2,5,7,2,4,6,1.0,0.8,0.8571428571428571,1
T044,2025-01-13,2,,0,0,,9,0.6794229849304098,0.5772411752330598,-0.5640567584485104,3,2,5,3,2,5,1.0,1.0,1.0,1
T044,2025-01-20,3,,0,0,,9,0.6794229849304098,0.5772411752330598,-0.5640567584485104,4,5,9,3,4,7,0.75,0.8,0.7777777777777778,1
T044,2025-01-27,4,,0,0,,9,0.6794229849304098,0.5772411752330598,-0.5640567584485104,5,1,6,4,0,4,0.8,0.0,0.6666666666666666,1
T044,2025-02-03,5,,0,0,,9,0.6794229849304098,0.5772411752330598,-0.5640567584485104,8,9,17,7,8,15,0.875,0.8888888888888888,0.8823529411764706,1
T044,2025-02-10,6,,0,0,,9,0.6794229849304098,0.5772411752330598,-0.5640567584485104,6,3,9,4,2,6,0.6666666666666666,0.6666666666666666,0.6666666666666666,1
T044,2025-02-17,7,,0,0,,9,0.6794229849304098,0.5772411752330598,-0.5640567584485104,1,4,5,1,2,3,1.0,0.5,0.6,1
T044,2025-02-24,8,,0,0,,9,0.6794229849304098,0.5772411752330598,-0.5640567584485104,5,5,10,3,4,7,0.6,0.8,0.7,1
T044,2025-03-03,9,,0,0,,9,0.6794229849304098,0.5772411752330598,-0.5640567584485104,4,4,8,4,4,8,1.0,1.0,1.0,1
T044,2025-03-10,10,,0,0,,9,0.6794229849304098,0.5772411752330598,-0.5640567584485104,4,4,8,3,3,6,0.75,0.75,0.75,1
T044,2025-03-17,11,,0,0,,9,0.6794229849304098,0.5772411752330598,-0.5640567584485104,11,3,14,9,2,11,0.8181818181818182,0.6666666666666666,0.7857142857142857,1
T044,2025-03-24,12,,0,0,,9,0.6794229849304098,0.5772411752330598,-0.5640567584485104,3,8,11,3,5,8,1.0,0.625,0.7272727272727273,1
T044,2025-03-31,13,,0,0,,9,0.6794229849304098,0.5772411752330598,-0.5640567584485104,3,7,10,3,6,9,1.0,0.8571428571428571,0.9,1
T044,2025-04-07,14,,0,0,,9,0.6794229849304098,0.5772411752330598,-0.5640567584485104,4,8,12,3,6,9,0.75,0.75,0.75,1
T044,2025-04-14,15,,0,0,,9,0.6794229849304098,0.5772411752330598,-0.5640567584485104,3,5,8,2,4,6,0.6666666666666666,0.8,0.75,1
T044,2025-04-21,16,,0,0,,9,0.6794229849304098,0.5772411752330598,-0.5640567584485104,6,6,12,5,5,10,0.8333333333333334,0.8333333333333334,0.8333333333333334,1
T044,2025-04-28,17,,0,0,,9,0.6794229849304098,0.5772411752330598,-0.5640567584485104,6,7,13,5,7,12,0.8333333333333334,1.0,0.9230769230769231,1
T044,2025-05-05,18,,0,0,,9,0.6794229849304098,0.5772411752330598,-0.5640567584485104,6,6,12,6,5,11,1.0,0.8333333333333334,0.9166666666666666,1
T044,2025-05-12,19,,0,0,,9,0.6794229849304098,0.5772411752330598,-0.5640567584485104,6,6,12,5,6,11,0.8333333333333334,1.0,0.9166666666666666,1
T044,2025-05-19,20,,0,0,,9,0.6794229849304098,0.5772411752330598,-0.5640567584485104,3,6,9,3,4,7,1.0,0.6666666666666666,0.7777777777777778,1
T044,2025-05-26,21,,0,0,,9,0.6794229849304098,0.5772411752330598,-0.5640567584485104,5,10,15,3,9,12,0.6,0.9,0.8,1
T044,2025-06-02,22,,0,0,,9,0.6794229849304098,0.5772411752330598,-0.5640567584485104,7,5,12,5,5,10,0.7142857142857143,1.0,0.8333333333333334,1
T044,2025-06-09,23,,0,0,,9,0.6794229849304098,0.5772411752330598,-0.5640567584485104,5,6,11,3,3,6,0.6,0.5,0.5454545454545454,1
T044,2025-06-16,24,,0,0,,9,0.6794229849304098,0.5772411752330598,-0.5640567584485104,2,8,10,2,7,9,1.0,0.875,0.9,1
T044,2025-06-23,25,,0,0,,9,0.6794229849304098,0.5772411752330598,-0.5640567584485104,4,9,13,1,6,7,0.25,0.6666666666666666,0.5384615384615384,1
T044,2025-06-30,26,,0,0,,9,0.6794229849304098,0.5772411752330598,-0.5640567584485104,1,2,3,1,1,2,1.0,0.5,0.6666666666666666,1
T044,2025-07-07,27,,0,0,,9,0.6794229849304098,0.5772411752330598,-0.5640567584485104,5,6,11,5,5,10,1.0,0.8333333333333334,0.9090909090909091,1
T044,2025-07-14,28,,0,0,,9,0.6794229849304098,0.5772411752330598,-0.5640567584485104,2,2,4,0,1,1,0.0,0.5,0.25,1
T044,2025-07-21,29,,0,0,,9,0.6794229849304098,0.5772411752330598,-0.5640567584485104,7,4,11,5,3,8,0.7142857142857143,0.75,0.7272727272727273,1
T044,2025-07-28,30,,0,0,,9,0.6794229849304098,0.5772411752330598,-0.5640567584485104,4,6,10,4,4,8,1.0,0.6666666666666666,0.8,1
T045,2025-01-06,1,12.0,0,0,-11.0,4,0.7415870435649681,0.6912311226792447,1.135320400245571,5,3,8,5,3,8,1.0,1.0,1.0,1
T045,2025-01-13,2,12.0,0,0,-10.0,4,0.7415870435649681,0.6912311226792447,1.135320400245571,3,5,8,3,5,8,1.0,1.0,1.0,1
T045,2025-01-20,3,12.0,0,0,-9.0,4,0.7415870435649681,0.6912311226792447,1.135320400245571,4,4,8,4,4,8,1.0,1.0,1.0,1
T045,2025-01-27,4,12.0,0,0,-8.0,4,0.7415870435649681,0.6912311226792447,1.135320400245571,3,4,7,3,4,7,1.0,1.0,1.0,1
T045,2025-02-03,5,12.0,0,0,-7.0,4,0.7415870435649681,0.6912311226792447,1.135320400245571,2,6,8,2,6,8,1.0,1.0,1.0,1
T045,2025-02-10,6,12.0,0,0,-6.0,4,0.7415870435649681,0.6912311226792447,1.135320400245571,2,0,2,2,0,2,1.0,,1.0,0
T045,2025-02-17,7,12.0,0,0,-5.0,4,0.7415870435649681,0.6912311226792447,1.135320400245571,5,6,11,4,5,9,0.8,0.8333333333333334,0.8181818181818182,1
T045,2025-02-24,8,12.0,0,0,-4.0,4,0.7415870435649681,0.6912311226792447,1.135320400245571,7,10,17,6,9,15,0.8571428571428571,0.9,0.8823529411764706,1
T045,2025-03-03,9,12.0,0,0,-3.0,4,0.7415870435649681,0.6912311226792447,1.135320400245571,4,7,11,3,7,10,0.75,1.0,0.9090909090909091,1
T045,2025-03-10,10,12.0,0,0,-2.0,4,0.7415870435649681,0.6912311226792447,1.135320400245571,3,6,9,2,6,8,0.6666666666666666,1.0,0.8888888888888888,1
T045,2025-03-17,11,12.0,0,0,-1.0,4,0.7415870435649681,0.6912311226792447,1.135320400245571,4,5,9,4,5,9,1.0,1.0,1.0,1
T045,2025-03-24,12,12.0,1,1,0.0,4,0.7415870435649681,0.6912311226792447,1.135320400245571,3,2,5,3,2,5,1.0,1.0,1.0,1
T045,2025-03-31,13,12.0,1,1,1.0,4,0.7415870435649681,0.6912311226792447,1.135320400245571,8,8,16,8,6,14,1.0,0.75,0.875,1
T045,2025-04-07,14,12.0,1,1,2.0,4,0.7415870435649681,0.6912311226792447,1.135320400245571,3,3,6,2,2,4,0.6666666666666666,0.6666666666666666,0.6666666666666666,1
T045,2025-04-14,15,12.0,1,1,3.0,4,0.7415870435649681,0.6912311226792447,1.135320400245571,5,7,12,5,7,12,1.0,1.0,1.0,1
T045,2025-04-21,16,12.0,1,1,4.0,4,0.7415870435649681,0.6912311226792447,1.135320400245571,5,5,10,5,5,10,1.0,1.0,1.0,1
T045,2025-04-28,17,12.0,1,1,5.0,4,0.7415870435649681,0.6912311226792447,1.135320400245571,5,2,7,5,2,7,1.0,1.0,1.0,1
T045,2025-05-05,18,12.0,1,1,6.0,4,0.7415870435649681,0.6912311226792447,1.135320400245571,4,12,16,4,11,15,1.0,0.9166666666666666,0.9375,1
T045,2025-05-12,19,12.0,1,1,7.0,4,0.7415870435649681,0.6912311226792447,1.135320400245571,4,6,10,4,6,10,1.0,1.0,1.0,1
T045,2025-05-19,20,12.0,1,1,8.0,4,0.7415870435649681,0.6912311226792447,1.135320400245571,7,5,12,7,4,11,1.0,0.8,0.9166666666666666,1
T045,2025-05-26,21,12.0,1,1,9.0,4,0.7415870435649681,0.6912311226792447,1.135320400245571,7,5,12,5,5,10,0.7142857142857143,1.0,0.8333333333333334,1
T045,2025-06-02,22,12.0,1,1,10.0,4,0.7415870435649681,0.6912311226792447,1.135320400245571,2,3,5,0,2,2,0.0,0.6666666666666666,0.4,1
T045,2025-06-09,23,12.0,1,1,11.0,4,0.7415870435649681,0.6912311226792447,1.135320400245571,0,2,2,0,2,2,,1.0,1.0,0
T045,2025-06-16,24,12.0,1,1,12.0,4,0.7415870435649681,0.6912311226792447,1.135320400245571,3,7,10,3,6,9,1.0,0.8571428571428571,0.9,1
T045,2025-06-23,25,12.0,1,1,13.0,4,0.7415870435649681,0.6912311226792447,1.135320400245571,4,5,9,3,3,6,0.75,0.6,0.6666666666666666,1
T045,2025-06-30,26,12.0,1,1,14.0,4,0.7415870435649681,0.6912311226792447,1.135320400245571,3,2,5,3,2,5,1.0,1.0,1.0,1
T045,2025-07-07,27,12.0,1,1,15.0,4,0.7415870435649681,0.6912311226792447,1.135320400245571,2,2,4,2,1,3,1.0,0.5,0.75,1
T045,2025-07-14,28,12.0,1,1,16.0,4,0.7415870435649681,0.6912311226792447,1.135320400245571,2,4,6,2,3,5,1.0,0.75,0.8333333333333334,1
T045,2025-07-21,29,12.0,1,1,17.0,4,0.7415870435649681,0.6912311226792447,1.135320400245571,3,6,9,1,6,7,0.3333333333333333,1.0,0.7777777777777778,1
T045,2025-07-28,30,12.0,1,1,18.0,4,0.7415870435649681,0.6912311226792447,1.135320400245571,3,3,6,3,3,6,1.0,1.0,1.0,1
T046,2025-01-06,1,12.0,0,0,-11.0,9,0.4170242790027318,0.6101380396064954,1.1951500608336874,8,5,13,7,5,12,0.875,1.0,0.9230769230769231,1
T046,2025-01-13,2,12.0,0,0,-10.0,9,0.4170242790027318,0.6101380396064954,1.1951500608336874,5,16,21,5,14,19,1.0,0.875,0.9047619047619048,1
T046,2025-01-20,3,12.0,0,0,-9.0,9,0.4170242790027318,0.6101380396064954,1.1951500608336874,4,5,9,4,3,7,1.0,0.6,0.7777777777777778,1
T046,2025-01-27,4,12.0,0,0,-8.0,9,0.4170242790027318,0.6101380396064954,1.1951500608336874,9,5,14,7,4,11,0.7777777777777778,0.8,0.7857142857142857,1
T046,2025-02-03,5,12.0,0,0,-7.0,9,0.4170242790027318,0.6101380396064954,1.1951500608336874,12,14,26,11,14,25,0.9166666666666666,1.0,0.9615384615384616,1
T046,2025-02-10,6,12.0,0,0,-6.0,9,0.4170242790027318,0.6101380396064954,1.1951500608336874,8,9,17,7,8,15,0.875,0.8888888888888888,0.8823529411764706,1
T046,2025-02-17,7,12.0,0,0,-5.0,9,0.4170242790027318,0.6101380396064954,1.1951500608336874,6,5,11,6,5,11,1.0,1.0,1.0,1
T046,2025-02-24,8,12.0,0,0,-4.0,9,0.4170242790027318,0.6101380396064954,1.1951500608336874,4,13,17,4,13,17,1.0,1.0,1.0,1
T046,2025-03-03,9,12.0,0,0,-3.0,9,0.4170242790027318,0.6101380396064954,1.1951500608336874,12,11,23,9,10,19,0.75,0.9090909090909091,0.8260869565217391,1
T046,2025-03-10,10,12.0,0,0,-2.0,9,0.4170242790027318,0.6101380396064954,1.1951500608336874,5,8,13,4,6,10,0.8,0.75,0.7692307692307693,1
T046,2025-03-17,11,12.0,0,0,-1.0,9,0.4170242790027318,0.6101380396064954,1.1951500608336874,6,9,15,5,9,14,0.8333333333333334,1.0,0.9333333333333333,1
T046,2025-03-24,12,12.0,1,1,0.0,9,0.4170242790027318,0.6101380396064954,1.1951500608336874,15,18,33,13,18,31,0.8666666666666667,1.0,0.9393939393939394,1
T046,2025-03-31,13,12.0,1,1,1.0,9,0.4170242790027318,0.6101380396064954,1.1951500608336874,6,11,17,5,8,13,0.8333333333333334,0.7272727272727273,0.7647058823529411,1
T046,2025-04-07,14,12.0,1,1,2.0,9,0.4170242790027318,0.6101380396064954,1.1951500608336874,9,8,17,8,8,16,0.8888888888888888,1.0,0.9411764705882353,1
T046,2025-04-14,15,12.0,1,1,3.0,9,0.4170242790027318,0.6101380396064954,1.1951500608336874,13,9,22,11,9,20,0.8461538461538461,1.0,0.9090909090909091,1
T046,2025-04-21,16,12.0,1,1,4.0,9,0.4170242790027318,0.6101380396064954,1.1951500608336874,13,11,24,13,8,21,1.0,0.7272727272727273,0.875,1
T046,2025-04-28,17,12.0,1,1,5.0,9,0.4170242790027318,0.6101380396064954,1.1951500608336874,11,13,24,11,13,24,1.0,1.0,1.0,1
T046,2025-05-05,18,12.0,1,1,6.0,9,0.4170242790027318,0.6101380396064954,1.1951500608336874,6,11,17,6,11,17,1.0,1.0,1.0,1
T046,2025-05-12,19,12.0,1,1,7.0,9,0.4170242790027318,0.6101380396064954,1.1951500608336874,8,11,19,8,11,19,1.0,1.0,1.0,1
T046,2025-05-19,20,12.0,1,1,8.0,9,0.4170242790027318,0.6101380396064954,1.1951500608336874,9,16,25,9,15,24,1.0,0.9375,0.96,1
T046,2025-05-26,21,12.0,1,1,9.0,9,0.4170242790027318,0.6101380396064954,1.1951500608336874,1,7,8,1,7,8,1.0,1.0,1.0,1
T046,2025-06-02,22,12.0,1,1,10.0,9,0.4170242790027318,0.6101380396064954,1.1951500608336874,13,12,25,10,11,21,0.7692307692307693,0.9166666666666666,0.84,1
T046,2025-06-09,23,12.0,1,1,11.0,9,0.4170242790027318,0.6101380396064954,1.1951500608336874,7,13,20,7,13,20,1.0,1.0,1.0,1
T046,2025-06-16,24,12.0,1,1,12.0,9,0.4170242790027318,0.6101380396064954,1.1951500608336874,6,10,16,6,10,16,1.0,1.0,1.0,1
T046,2025-06-23,25,12.0,1,1,13.0,9,0.4170242790027318,0.6101380396064954,1.1951500608336874,8,8,16,8,8,16,1.0,1.0,1.0,1
T046,2025-06-30,26,12.0,1,1,14.0,9,0.4170242790027318,0.6101380396064954,1.1951500608336874,5,15,20,4,15,19,0.8,1.0,0.95,1
T046,2025-07-07,27,12.0,1,1,15.0,9,0.4170242790027318,0.6101380396064954,1.1951500608336874,21,15,36,20,15,35,0.9523809523809523,1.0,0.9722222222222222,1
T046,2025-07-14,28,12.0,1,1,16.0,9,0.4170242790027318,0.6101380396064954,1.1951500608336874,9,10,19,9,8,17,1.0,0.8,0.8947368421052632,1
T046,2025-07-21,29,12.0,1,1,17.0,9,0.4170242790027318,0.6101380396064954,1.1951500608336874,7,14,21,6,14,20,0.8571428571428571,1.0,0.9523809523809523,1
T046,2025-07-28,30,12.0,1,1,18.0,9,0.4170242790027318,0.6101380396064954,1.1951500608336874,2,10,12,2,10,12,1.0,1.0,1.0,1
T047,2025-01-06,1,9.0,0,0,-8.0,13,0.3017466752989053,0.4139624248822015,1.0640958758512624,11,9,20,10,8,18,0.9090909090909091,0.8888888888888888,0.9,1
T047,2025-01-13,2,9.0,0,0,-7.0,13,0.3017466752989053,0.4139624248822015,1.0640958758512624,16,15,31,12,12,24,0.75,0.8,0.7741935483870968,1
T047,2025-01-20,3,9.0,0,0,-6.0,13,0.3017466752989053,0.4139624248822015,1.0640958758512624,18,14,32,16,12,28,0.8888888888888888,0.8571428571428571,0.875,1
T047,2025-01-27,4,9.0,0,0,-5.0,13,0.3017466752989053,0.4139624248822015,1.0640958758512624,17,15,32,16,14,30,0.9411764705882353,0.9333333333333333,0.9375,1
T047,2025-02-03,5,9.0,0,0,-4.0,13,0.3017466752989053,0.4139624248822015,1.0640958758512624,9,10,19,7,10,17,0.7777777777777778,1.0,0.8947368421052632,1
T047,2025-02-10,6,9.0,0,0,-3.0,13,0.3017466752989053,0.4139624248822015,1.0640958758512624,14,11,25,14,10,24,1.0,0.9090909090909091,0.96,1
T047,2025-02-17,7,9.0,0,0,-2.0,13,0.3017466752989053,0.4139624248822015,1.0640958758512624,12,19,31,12,19,31,1.0,1.0,1.0,1
T047,2025-02-24,8,9.0,0,0,-1.0,13,0.3017466752989053,0.4139624248822015,1.0640958758512624,22,16,38,17,15,32,0.7727272727272727,0.9375,0.8421052631578947,1
T047,2025-03-03,9,9.0,1,1,0.0,13,0.3017466752989053,0.4139624248822015,1.0640958758512624,4,11,15,2,9,11,0.5,0.8181818181818182,0.7333333333333333,1
T047,2025-03-10,10,9.0,1,1,1.0,13,0.3017466752989053,0.4139624248822015,1.0640958758512624,26,19,45,22,16,38,0.8461538461538461,0.8421052631578947,0.8444444444444444,1
T047,2025-03-17,11,9.0,1,1,2.0,13,0.3017466752989053,0.4139624248822015,1.0640958758512624,9,14,23,8,13,21,0.8888888888888888,0.9285714285714286,0.9130434782608695,1
T047,2025-03-24,12,9.0,1,1,3.0,13,0.3017466752989053,0.4139624248822015,1.0640958758512624,13,9,22,11,8,19,0.8461538461538461,0.8888888888888888,0.8636363636363636,1
T047,2025-03-31,13,9.0,1,1,4.0,13,0.3017466752989053,0.4139624248822015,1.0640958758512624,10,15,25,8,13,21,0.8,0.8666666666666667,0.84,1
T047,2025-04-07,14,9.0,1,1,5.0,13,0.3017466752989053,0.4139624248822015,1.0640958758512624,11,9,20,10,8,18,0.9090909090909091,0.8888888888888888,0.9,1
T047,2025-04-14,15,9.0,1,1,6.0,13,0.3017466752989053,0.4139624248822015,1.0640958758512624,11,13,24,10,12,22,0.9090909090909091,0.9230769230769231,0.9166666666666666,1
T047,2025-04-21,16,9.0,1,1,7.0,13,0.3017466752989053,0.4139624248822015,1.0640958758512624,13,24,37,13,24,37,1.0,1.0,1.0,1
T047,2025-04-28,17,9.0,1,1,8.0,13,0.3017466752989053,0.4139624248822015,1.0640958758512624,15,27,42,13,25,38,0.8666666666666667,0.9259259259259259,0.9047619047619048,1
T047,2025-05-05,18,9.0,1,1,9.0,13,0.3017466752989053,0.4139624248822015,1.0640958758512624,11,11,22,11,10,21,1.0,0.9090909090909091,0.9545454545454546,1
T047,2025-05-12,19,9.0,1,1,10.0,13,0.3017466752989053,0.4139624248822015,1.0640958758512624,12,9,21,10,8,18,0.8333333333333334,0.8888888888888888,0.8571428571428571,1
T047,2025-05-19,20,9.0,1,1,11.0,13,0.3017466752989053,0.4139624248822015,1.0640958758512624,11,19,30,9,17,26,0.8181818181818182,0.8947368421052632,0.8666666666666667,1
T047,2025-05-26,21,9.0,1,1,12.0,13,0.3017466752989053,0.4139624248822015,1.0640958758512624,7,16,23,7,15,22,1.0,0.9375,0.9565217391304348,1
T047,2025-06-02,22,9.0,1,1,13.0,13,0.3017466752989053,0.4139624248822015,1.0640958758512624,17,22,39,16,22,38,0.9411764705882353,1.0,0.9743589743589743,1
T047,2025-06-09,23,9.0,1,1,14.0,13,0.3017466752989053,0.4139624248822015,1.0640958758512624,6,22,28,6,20,26,1.0,0.9090909090909091,0.9285714285714286,1
T047,2025-06-16,24,9.0,1,1,15.0,13,0.3017466752989053,0.4139624248822015,1.0640958758512624,11,11,22,10,11,21,0.9090909090909091,1.0,0.9545454545454546,1
T047,2025-06-23,25,9.0,1,1,16.0,13,0.3017466752989053,0.4139624248822015,1.0640958758512624,12,11,23,11,11,22,0.9166666666666666,1.0,0.9565217391304348,1
T047,2025-06-30,26,9.0,1,1,17.0,13,0.3017466752989053,0.4139624248822015,1.0640958758512624,12,20,32,10,18,28,0.8333333333333334,0.9,0.875,1
T047,2025-07-07,27,9.0,1,1,18.0,13,0.3017466752989053,0.4139624248822015,1.0640958758512624,14,21,35,14,20,34,1.0,0.9523809523809523,0.9714285714285714,1
T047,2025-07-14,28,9.0,1,1,19.0,13,0.3017466752989053,0.4139624248822015,1.0640958758512624,17,25,42,16,22,38,0.9411764705882353,0.88,0.9047619047619048,1
T047,2025-07-21,29,9.0,1,1,20.0,13,0.3017466752989053,0.4139624248822015,1.0640958758512624,7,12,19,7,11,18,1.0,0.9166666666666666,0.9473684210526315,1
T047,2025-07-28,30,9.0,1,1,21.0,13,0.3017466752989053,0.4139624248822015,1.0640958758512624,8,17,25,8,15,23,1.0,0.8823529411764706,0.92,1
T048,2025-01-06,1,10.0,0,0,-9.0,13,0.28578894492345525,0.6841508700999296,-0.4134234615563827,5,7,12,5,7,12,1.0,1.0,1.0,1
T048,2025-01-13,2,10.0,0,0,-8.0,13,0.28578894492345525,0.6841508700999296,-0.4134234615563827,11,8,19,11,8,19,1.0,1.0,1.0,1
T048,2025-01-20,3,10.0,0,0,-7.0,13,0.28578894492345525,0.6841508700999296,-0.4134234615563827,14,12,26,13,12,25,0.9285714285714286,1.0,0.9615384615384616,1
T048,2025-01-27,4,10.0,0,0,-6.0,13,0.28578894492345525,0.6841508700999296,-0.4134234615563827,14,14,28,13,14,27,0.9285714285714286,1.0,0.9642857142857143,1
T048,2025-02-03,5,10.0,0,0,-5.0,13,0.28578894492345525,0.6841508700999296,-0.4134234615563827,14,12,26,14,12,26,1.0,1.0,1.0,1
T048,2025-02-10,6,10.0,0,0,-4.0,13,0.28578894492345525,0.6841508700999296,-0.4134234615563827,10,9,19,10,9,19,1.0,1.0,1.0,1
T048,2025-02-17,7,10.0,0,0,-3.0,13,0.28578894492345525,0.6841508700999296,-0.4134234615563827,14,9,23,12,9,21,0.8571428571428571,1.0,0.9130434782608695,1
T048,2025-02-24,8,10.0,0,0,-2.0,13,0.28578894492345525,0.6841508700999296,-0.4134234615563827,13,19,32,12,18,30,0.9230769230769231,0.9473684210526315,0.9375,1
T048,2025-03-03,9,10.0,0,0,-1.0,13,0.28578894492345525,0.6841508700999296,-0.4134234615563827,8,8,16,8,8,16,1.0,1.0,1.0,1
T048,2025-03-10,10,10.0,1,1,0.0,13,0.28578894492345525,0.6841508700999296,-0.4134234615563827,7,8,15,6,8,14,0.8571428571428571,1.0,0.9333333333333333,1
T048,2025-03-17,11,10.0,1,1,1.0,13,0.28578894492345525,0.6841508700999296,-0.4134234615563827,7,7,14,6,7,13,0.8571428571428571,1.0,0.9285714285714286,1
T048,2025-03-24,12,10.0,1,1,2.0,13,0.28578894492345525,0.6841508700999296,-0.4134234615563827,17,10,27,16,10,26,0.9411764705882353,1.0,0.9629629629629629,1
T048,2025-03-31,13,10.0,1,1,3.0,13,0.28578894492345525,0.6841508700999296,-0.4134234615563827,17,13,30,17,12,29,1.0,0.9230769230769231,0.9666666666666667,1
T048,2025-04-07,14,10.0,1,1,4.0,13,0.28578894492345525,0.6841508700999296,-0.4134234615563827,10,13,23,9,11,20,0.9,0.8461538461538461,0.8695652173913043,1
T048,2025-04-14,15,10.0,1,1,5.0,13,0.28578894492345525,0.6841508700999296,-0.4134234615563827,8,8,16,8,8,16,1.0,1.0,1.0,1
T048,2025-04-21,16,10.0,1,1,6.0,13,0.28578894492345525,0.6841508700999296,-0.4134234615563827,6,10,16,5,9,14,0.8333333333333334,0.9,0.875,1
T048,2025-04-28,17,10.0,1,1,7.0,13,0.28578894492345525,0.6841508700999296,-0.4134234615563827,10,11,21,10,10,20,1.0,0.9090909090909091,0.9523809523809523,1
T048,2025-05-05,18,10.0,1,1,8.0,13,0.28578894492345525,0.6841508700999296,-0.4134234615563827,8,10,18,7,8,15,0.875,0.8,0.8333333333333334,1
T048,2025-05-12,19,10.0,1,1,9.0,13,0.28578894492345525,0.6841508700999296,-0.4134234615563827,14,11,25,13,11,24,0.9285714285714286,1.0,0.96,1
T048,2025-05-19,20,10.0,1,1,10.0,13,0.28578894492345525,0.6841508700999296,-0.4134234615563827,8,14,22,8,12,20,1.0,0.8571428571428571,0.9090909090909091,1
T048,2025-05-26,21,10.0,1,1,11.0,13,0.28578894492345525,0.6841508700999296,-0.4134234615563827,8,16,24,8,14,22,1.0,0.875,0.9166666666666666,1
T048,2025-06-02,22,10.0,1,1,12.0,13,0.28578894492345525,0.6841508700999296,-0.4134234615563827,7,8,15,7,8,15,1.0,1.0,1.0,1
T048,2025-06-09,23,10.0,1,1,13.0,13,0.28578894492345525,0.6841508700999296,-0.4134234615563827,4,7,11,4,7,11,1.0,1.0,1.0,1
T048,2025-06-16,24,10.0,1,1,14.0,13,0.28578894492345525,0.6841508700999296,-0.4134234615563827,13,14,27,13,12,25,1.0,0.8571428571428571,0.9259259259259259,1
T048,2025-06-23,25,10.0,1,1,15.0,13,0.28578894492345525,0.6841508700999296,-0.4134234615563827,2,3,5,2,3,5,1.0,1.0,1.0,1
T048,2025-06-30,26,10.0,1,1,16.0,13,0.28578894492345525,0.6841508700999296,-0.4134234615563827,5,20,25,4,19,23,0.8,0.95,0.92,1
T048,2025-07-07,27,10.0,1,1,17.0,13,0.28578894492345525,0.6841508700999296,-0.4134234615563827,10,13,23,10,12,22,1.0,0.9230769230769231,0.9565217391304348,1
T048,2025-07-14,28,10.0,1,1,18.0,13,0.28578894492345525,0.6841508700999296,-0.4134234615563827,8,8,16,8,8,16,1.0,1.0,1.0,1
T048,2025-07-21,29,10.0,1,1,19.0,13,0.28578894492345525,0.6841508700999296,-0.4134234615563827,9,15,24,9,13,22,1.0,0.8666666666666667,0.9166666666666666,1
T048,2025-07-28,30,10.0,1,1,20.0,13,0.28578894492345525,0.6841508700999296,-0.4134234615563827,12,20,32,11,20,31,0.9166666666666666,1.0,0.96875,1
T049,2025-01-06,1,10.0,0,0,-9.0,6,0.8042537185425253,0.4681717991097256,-0.007222551571921461,4,5,9,2,5,7,0.5,1.0,0.7777777777777778,1
T049,2025-01-13,2,10.0,0,0,-8.0,6,0.8042537185425253,0.4681717991097256,-0.007222551571921461,3,2,5,3,2,5,1.0,1.0,1.0,1
T049,2025-01-20,3,10.0,0,0,-7.0,6,0.8042537185425253,0.4681717991097256,-0.007222551571921461,2,1,3,2,1,3,1.0,1.0,1.0,1
T049,2025-01-27,4,10.0,0,0,-6.0,6,0.8042537185425253,0.4681717991097256,-0.007222551571921461,2,2,4,2,2,4,1.0,1.0,1.0,1
T049,2025-02-03,5,10.0,0,0,-5.0,6,0.8042537185425253,0.4681717991097256,-0.007222551571921461,4,5,9,3,4,7,0.75,0.8,0.7777777777777778,1
T049,2025-02-10,6,10.0,0,0,-4.0,6,0.8042537185425253,0.4681717991097256,-0.007222551571921461,3,3,6,3,3,6,1.0,1.0,1.0,1
T049,2025-02-17,7,10.0,0,0,-3.0,6,0.8042537185425253,0.4681717991097256,-0.007222551571921461,3,2,5,3,2,5,1.0,1.0,1.0,1
T049,2025-02-24,8,10.0,0,0,-2.0,6,0.8042537185425253,0.4681717991097256,-0.007222551571921461,1,5,6,1,4,5,1.0,0.8,0.8333333333333334,1
T049,2025-03-03,9,10.0,0,0,-1.0,6,0.8042537185425253,0.4681717991097256,-0.007222551571921461,2,3,5,1,3,4,0.5,1.0,0.8,1
T049,2025-03-10,10,10.0,1,1,0.0,6,0.8042537185425253,0.4681717991097256,-0.007222551571921461,2,5,7,2,5,7,1.0,1.0,1.0,1
T049,2025-03-17,11,10.0,1,1,1.0,6,0.8042537185425253,0.4681717991097256,-0.007222551571921461,1,4,5,0,4,4,0.0,1.0,0.8,1
T049,2025-03-24,12,10.0,1,1,2.0,6,0.8042537185425253,0.4681717991097256,-0.007222551571921461,5,3,8,3,3,6,0.6,1.0,0.75,1
T049,2025-03-31,13,10.0,1,1,3.0,6,0.8042537185425253,0.4681717991097256,-0.007222551571921461,5,2,7,5,1,6,1.0,0.5,0.8571428571428571,1
T049,2025-04-07,14,10.0,1,1,4.0,6,0.8042537185425253,0.4681717991097256,-0.007222551571921461,5,1,6,4,0,4,0.8,0.0,0.6666666666666666,1
T049,2025-04-14,15,10.0,1,1,5.0,6,0.8042537185425253,0.4681717991097256,-0.007222551571921461,3,3,6,2,2,4,0.6666666666666666,0.6666666666666666,0.6666666666666666,1
T049,2025-04-21,16,10.0,1,1,6.0,6,0.8042537185425253,0.4681717991097256,-0.007222551571921461,1,2,3,1,2,3,1.0,1.0,1.0,1
T049,2025-04-28,17,10.0,1,1,7.0,6,0.8042537185425253,0.4681717991097256,-0.007222551571921461,4,1,5,3,1,4,0.75,1.0,0.8,1
T049,2025-05-05,18,10.0,1,1,8.0,6,0.8042537185425253,0.4681717991097256,-0.007222551571921461,4,4,8,3,4,7,0.75,1.0,0.875,1
T049,2025-05-12,19,10.0,1,1,9.0,6,0.8042537185425253,0.4681717991097256,-0.007222551571921461,3,6,9,1,4,5,0.3333333333333333,0.6666666666666666,0.5555555555555556,1
T049,2025-05-19,20,10.0,1,1,10.0,6,0.8042537185425253,0.4681717991097256,-0.007222551571921461,6,2,8,6,2,8,1.0,1.0,1.0,1
T049,2025-05-26,21,10.0,1,1,11.0,6,0.8042537185425253,0.4681717991097256,-0.007222551571921461,5,9,14,4,8,12,0.8,0.8888888888888888,0.8571428571428571,1
T049,2025-06-02,22,10.0,1,1,12.0,6,0.8042537185425253,0.4681717991097256,-0.007222551571921461,1,5,6,0,5,5,0.0,1.0,0.8333333333333334,1
T049,2025-06-09,23,10.0,1,1,13.0,6,0.8042537185425253,0.4681717991097256,-0.007222551571921461,5,8,13,5,6,11,1.0,0.75,0.8461538461538461,1
T049,2025-06-16,24,10.0,1,1,14.0,6,0.8042537185425253,0.4681717991097256,-0.007222551571921461,4,5,9,3,3,6,0.75,0.6,0.6666666666666666,1
T049,2025-06-23,25,10.0,1,1,15.0,6,0.8042537185425253,0.4681717991097256,-0.007222551571921461,3,1,4,1,1,2,0.3333333333333333,1.0,0.5,1
T049,2025-06-30,26,10.0,1,1,16.0,6,0.8042537185425253,0.4681717991097256,-0.007222551571921461,3,10,13,3,6,9,1.0,0.6,0.6923076923076923,1
T049,2025-07-07,27,10.0,1,1,17.0,6,0.8042537185425253,0.4681717991097256,-0.007222551571921461,3,4,7,3,4,7,1.0,1.0,1.0,1
T049,2025-07-14,28,10.0,1,1,18.0,6,0.8042537185425253,0.4681717991097256,-0.007222551571921461,4,7,11,4,6,10,1.0,0.8571428571428571,0.9090909090909091,1
T049,2025-07-21,29,10.0,1,1,19.0,6,0.8042537185425253,0.4681717991097256,-0.007222551571921461,3,5,8,3,3,6,1.0,0.6,0.75,1
T049,2025-07-28,30,10.0,1,1,20.0,6,0.8042537185425253,0.4681717991097256,-0.007222551571921461,2,6,8,1,4,5,0.5,0.6666666666666666,0.625,1
T050,2025-01-06,1,13.0,0,0,-12.0,5,0.49848334589601134,0.24735461159005054,0.5101818895437938,3,4,7,3,4,7,1.0,1.0,1.0,1
T050,2025-01-13,2,13.0,0,0,-11.0,5,0.49848334589601134,0.24735461159005054,0.5101818895437938,5,5,10,4,5,9,0.8,1.0,0.9,1
T050,2025-01-20,3,13.0,0,0,-10.0,5,0.49848334589601134,0.24735461159005054,0.5101818895437938,5,6,11,4,5,9,0.8,0.8333333333333334,0.8181818181818182,1
T050,2025-01-27,4,13.0,0,0,-9.0,5,0.49848334589601134,0.24735461159005054,0.5101818895437938,3,2,5,1,2,3,0.3333333333333333,1.0,0.6,1
T050,2025-02-03,5,13.0,0,0,-8.0,5,0.49848334589601134,0.24735461159005054,0.5101818895437938,6,7,13,6,7,13,1.0,1.0,1.0,1
T050,2025-02-10,6,13.0,0,0,-7.0,5,0.49848334589601134,0.24735461159005054,0.5101818895437938,6,6,12,2,5,7,0.3333333333333333,0.8333333333333334,0.5833333333333334,1
T050,2025-02-17,7,13.0,0,0,-6.0,5,0.49848334589601134,0.24735461159005054,0.5101818895437938,2,3,5,2,1,3,1.0,0.3333333333333333,0.6,1
T050,2025-02-24,8,13.0,0,0,-5.0,5,0.49848334589601134,0.24735461159005054,0.5101818895437938,3,5,8,2,4,6,0.6666666666666666,0.8,0.75,1
T050,2025-03-03,9,13.0,0,0,-4.0,5,0.49848334589601134,0.24735461159005054,0.5101818895437938,4,7,11,4,5,9,1.0,0.7142857142857143,0.8181818181818182,1
T050,2025-03-10,10,13.0,0,0,-3.0,5,0.49848334589601134,0.24735461159005054,0.5101818895437938,2,4,6,2,3,5,1.0,0.75,0.8333333333333334,1
T050,2025-03-17,11,13.0,0,0,-2.0,5,0.49848334589601134,0.24735461159005054,0.5101818895437938,2,5,7,1,4,5,0.5,0.8,0.7142857142857143,1
T050,2025-03-24,12,13.0,0,0,-1.0,5,0.49848334589601134,0.24735461159005054,0.5101818895437938,6,7,13,4,6,10,0.6666666666666666,0.8571428571428571,0.7692307692307693,1
T050,2025-03-31,13,13.0,1,1,0.0,5,0.49848334589601134,0.24735461159005054,0.5101818895437938,6,4,10,4,2,6,0.6666666666666666,0.5,0.6,1
T050,2025-04-07,14,13.0,1,1,1.0,5,0.49848334589601134,0.24735461159005054,0.5101818895437938,5,3,8,4,2,6,0.8,0.6666666666666666,0.75,1
T050,2025-04-14,15,13.0,1,1,2.0,5,0.49848334589601134,0.24735461159005054,0.5101818895437938,4,4,8,4,4,8,1.0,1.0,1.0,1
T050,2025-04-21,16,13.0,1,1,3.0,5,0.49848334589601134,0.24735461159005054,0.5101818895437938,8,3,11,8,2,10,1.0,0.6666666666666666,0.9090909090909091,1
T050,2025-04-28,17,13.0,1,1,4.0,5,0.49848334589601134,0.24735461159005054,0.5101818895437938,6,6,12,6,4,10,1.0,0.6666666666666666,0.8333333333333334,1
T050,2025-05-05,18,13.0,1,1,5.0,5,0.49848334589601134,0.24735461159005054,0.5101818895437938,7,6,13,6,6,12,0.8571428571428571,1.0,0.9230769230769231,1
T050,2025-05-12,19,13.0,1,1,6.0,5,0.49848334589601134,0.24735461159005054,0.5101818895437938,4,5,9,3,5,8,0.75,1.0,0.8888888888888888,1
T050,2025-05-19,20,13.0,1,1,7.0,5,0.49848334589601134,0.24735461159005054,0.5101818895437938,3,7,10,3,7,10,1.0,1.0,1.0,1
T050,2025-05-26,21,13.0,1,1,8.0,5,0.49848334589601134,0.24735461159005054,0.5101818895437938,5,5,10,4,4,8,0.8,0.8,0.8,1
T050,2025-06-02,22,13.0,1,1,9.0,5,0.49848334589601134,0.24735461159005054,0.5101818895437938,2,4,6,1,4,5,0.5,1.0,0.8333333333333334,1
T050,2025-06-09,23,13.0,1,1,10.0,5,0.49848334589601134,0.24735461159005054,0.5101818895437938,4,3,7,2,3,5,0.5,1.0,0.7142857142857143,1
T050,2025-06-16,24,13.0,1,1,11.0,5,0.49848334589601134,0.24735461159005054,0.5101818895437938,0,3,3,0,3,3,,1.0,1.0,1
T050,2025-06-23,25,13.0,1,1,12.0,5,0.49848334589601134,0.24735461159005054,0.5101818895437938,4,7,11,4,5,9,1.0,0.7142857142857143,0.8181818181818182,1
T050,2025-06-30,26,13.0,1,1,13.0,5,0.49848334589601134,0.24735461159005054,0.5101818895437938,0,6,6,0,5,5,,0.8333333333333334,0.8333333333333334,1
T050,2025-07-07,27,13.0,1,1,14.0,5,0.49848334589601134,0.24735461159005054,0.5101818895437938,7,7,14,5,7,12,0.7142857142857143,1.0,0.8571428571428571,1
T050,2025-07-14,28,13.0,1,1,15.0,5,0.49848334589601134,0.24735461159005054,0.5101818895437938,3,3,6,3,2,5,1.0,0.6666666666666666,0.8333333333333334,1
T050,2025-07-21,29,13.0,1,1,16.0,5,0.49848334589601134,0.24735461159005054,0.5101818895437938,1,4,5,0,3,3,0.0,0.75,0.6,1
T050,2025-07-28,30,13.0,1,1,17.0,5,0.49848334589601134,0.24735461159005054,0.5101818895437938,2,8,10,1,8,9,0.5,1.0,0.9,1
T051,2025-01-06,1,12.0,0,0,-11.0,10,0.3561679138064352,0.2213826880790297,-0.18566400696842494,3,9,12,2,8,10,0.6666666666666666,0.8888888888888888,0.8333333333333334,1
T051,2025-01-13,2,12.0,0,0,-10.0,10,0.3561679138064352,0.2213826880790297,-0.18566400696842494,3,6,9,3,5,8,1.0,0.8333333333333334,0.8888888888888888,1
T051,2025-01-20,3,12.0,0,0,-9.0,10,0.3561679138064352,0.2213826880790297,-0.18566400696842494,6,10,16,5,8,13,0.8333333333333334,0.8,0.8125,1
T051,2025-01-27,4,12.0,0,0,-8.0,10,0.3561679138064352,0.2213826880790297,-0.18566400696842494,4,5,9,2,4,6,0.5,0.8,0.6666666666666666,1
T051,2025-02-03,5,12.0,0,0,-7.0,10,0.3561679138064352,0.2213826880790297,-0.18566400696842494,5,5,10,5,3,8,1.0,0.6,0.8,1
T051,2025-02-10,6,12.0,0,0,-6.0,10,0.3561679138064352,0.2213826880790297,-0.18566400696842494,2,8,10,1,8,9,0.5,1.0,0.9,1
T051,2025-02-17,7,12.0,0,0,-5.0,10,0.3561679138064352,0.2213826880790297,-0.18566400696842494,3,7,10,2,6,8,0.6666666666666666,0.8571428571428571,0.8,1
T051,2025-02-24,8,12.0,0,0,-4.0,10,0.3561679138064352,0.2213826880790297,-0.18566400696842494,7,5,12,5,5,10,0.7142857142857143,1.0,0.8333333333333334,1
T051,2025-03-03,9,12.0,0,0,-3.0,10,0.3561679138064352,0.2213826880790297,-0.18566400696842494,2,10,12,2,8,10,1.0,0.8,0.8333333333333334,1
T051,2025-03-10,10,12.0,0,0,-2.0,10,0.3561679138064352,0.2213826880790297,-0.18566400696842494,7,5,12,7,5,12,1.0,1.0,1.0,1
T051,2025-03-17,11,12.0,0,0,-1.0,10,0.3561679138064352,0.2213826880790297,-0.18566400696842494,5,6,11,3,4,7,0.6,0.6666666666666666,0.6363636363636364,1
T051,2025-03-24,12,12.0,1,1,0.0,10,0.3561679138064352,0.2213826880790297,-0.18566400696842494,5,2,7,3,1,4,0.6,0.5,0.5714285714285714,1
T051,2025-03-31,13,12.0,1,1,1.0,10,0.3561679138064352,0.2213826880790297,-0.18566400696842494,8,1,9,7,1,8,0.875,1.0,0.8888888888888888,1
T051,2025-04-07,14,12.0,1,1,2.0,10,0.3561679138064352,0.2213826880790297,-0.18566400696842494,7,10,17,6,9,15,0.8571428571428571,0.9,0.8823529411764706,1
T051,2025-04-14,15,12.0,1,1,3.0,10,0.3561679138064352,0.2213826880790297,-0.18566400696842494,5,4,9,4,3,7,0.8,0.75,0.7777777777777778,1
T051,2025-04-21,16,12.0,1,1,4.0,10,0.3561679138064352,0.2213826880790297,-0.18566400696842494,8,10,18,7,9,16,0.875,0.9,0.8888888888888888,1
T051,2025-04-28,17,12.0,1,1,5.0,10,0.3561679138064352,0.2213826880790297,-0.18566400696842494,5,4,9,4,3,7,0.8,0.75,0.7777777777777778,1
T051,2025-05-05,18,12.0,1,1,6.0,10,0.3561679138064352,0.2213826880790297,-0.18566400696842494,5,8,13,2,7,9,0.4,0.875,0.6923076923076923,1
T051,2025-05-12,19,12.0,1,1,7.0,10,0.3561679138064352,0.2213826880790297,-0.18566400696842494,9,7,16,7,6,13,0.7777777777777778,0.8571428571428571,0.8125,1
T051,2025-05-19,20,12.0,1,1,8.0,10,0.3561679138064352,0.2213826880790297,-0.18566400696842494,2,5,7,0,4,4,0.0,0.8,0.5714285714285714,1
T051,2025-05-26,21,12.0,1,1,9.0,10,0.3561679138064352,0.2213826880790297,-0.18566400696842494,6,8,14,5,6,11,0.8333333333333334,0.75,0.7857142857142857,1
T051,2025-06-02,22,12.0,1,1,10.0,10,0.3561679138064352,0.2213826880790297,-0.18566400696842494,8,6,14,6,6,12,0.75,1.0,0.8571428571428571,1
T051,2025-06-09,23,12.0,1,1,11.0,10,0.3561679138064352,0.2213826880790297,-0.18566400696842494,7,12,19,7,11,18,1.0,0.9166666666666666,0.9473684210526315,1
T051,2025-06-16,24,12.0,1,1,12.0,10,0.3561679138064352,0.2213826880790297,-0.18566400696842494,6,6,12,5,3,8,0.8333333333333334,0.5,0.6666666666666666,1
T051,2025-06-23,25,12.0,1,1,13.0,10,0.3561679138064352,0.2213826880790297,-0.18566400696842494,2,8,10,1,7,8,0.5,0.875,0.8,1
T051,2025-06-30,26,12.0,1,1,14.0,10,0.3561679138064352,0.2213826880790297,-0.18566400696842494,5,7,12,4,7,11,0.8,1.0,0.9166666666666666,1
T051,2025-07-07,27,12.0,1,1,15.0,10,0.3561679138064352,0.2213826880790297,-0.18566400696842494,6,11,17,4,10,14,0.6666666666666666,0.9090909090909091,0.8235294117647058,1
T051,2025-07-14,28,12.0,1,1,16.0,10,0.3561679138064352,0.2213826880790297,-0.18566400696842494,4,10,14,3,10,13,0.75,1.0,0.9285714285714286,1
T051,2025-07-21,29,12.0,1,1,17.0,10,0.3561679138064352,0.2213826880790297,-0.18566400696842494,7,10,17,7,8,15,1.0,0.8,0.8823529411764706,1
T051,2025-07-28,30,12.0,1,1,18.0,10,0.3561679138064352,0.2213826880790297,-0.18566400696842494,10,13,23,8,12,20,0.8,0.9230769230769231,0.8695652173913043,1
T052,2025-01-06,1,,0,0,,11,0.5420886704679194,0.4387912703355841,-0.011913789529498241,6,14,20,3,11,14,0.5,0.7857142857142857,0.7,1
T052,2025-01-13,2,,0,0,,11,0.5420886704679194,0.4387912703355841,-0.011913789529498241,12,17,29,9,13,22,0.75,0.7647058823529411,0.7586206896551724,1
T052,2025-01-20,3,,0,0,,11,0.5420886704679194,0.4387912703355841,-0.011913789529498241,4,5,9,4,5,9,1.0,1.0,1.0,1
T052,2025-01-27,4,,0,0,,11,0.5420886704679194,0.4387912703355841,-0.011913789529498241,10,12,22,8,12,20,0.8,1.0,0.9090909090909091,1
T052,2025-02-03,5,,0,0,,11,0.5420886704679194,0.4387912703355841,-0.011913789529498241,5,9,14,4,7,11,0.8,0.7777777777777778,0.7857142857142857,1
T052,2025-02-10,6,,0,0,,11,0.5420886704679194,0.4387912703355841,-0.011913789529498241,8,5,13,7,4,11,0.875,0.8,0.8461538461538461,1
T052,2025-02-17,7,,0,0,,11,0.5420886704679194,0.4387912703355841,-0.011913789529498241,4,2,6,3,1,4,0.75,0.5,0.6666666666666666,1
T052,2025-02-24,8,,0,0,,11,0.5420886704679194,0.4387912703355841,-0.011913789529498241,4,6,10,2,5,7,0.5,0.8333333333333334,0.7,1
T052,2025-03-03,9,,0,0,,11,0.5420886704679194,0.4387912703355841,-0.011913789529498241,11,10,21,10,6,16,0.9090909090909091,0.6,0.7619047619047619,1
T052,2025-03-10,10,,0,0,,11,0.5420886704679194,0.4387912703355841,-0.011913789529498241,7,2,9,4,2,6,0.5714285714285714,1.0,0.6666666666666666,1
T052,2025-03-17,11,,0,0,,11,0.5420886704679194,0.4387912703355841,-0.011913789529498241,8,9,17,6,6,12,0.75,0.6666666666666666,0.7058823529411765,1
T052,2025-03-24,12,,0,0,,11,0.5420886704679194,0.4387912703355841,-0.011913789529498241,10,12,22,10,10,20,1.0,0.8333333333333334,0.9090909090909091,1
T052,2025-03-31,13,,0,0,,11,0.5420886704679194,0.4387912703355841,-0.011913789529498241,3,3,6,3,2,5,1.0,0.6666666666666666,0.8333333333333334,1
T052,2025-04-07,14,,0,0,,11,0.5420886704679194,0.4387912703355841,-0.011913789529498241,3,3,6,2,2,4,0.6666666666666666,0.6666666666666666,0.6666666666666666,1
T052,2025-04-14,15,,0,0,,11,0.5420886704679194,0.4387912703355841,-0.011913789529498241,12,6,18,8,2,10,0.6666666666666666,0.3333333333333333,0.5555555555555556,1
T052,2025-04-21,16,,0,0,,11,0.5420886704679194,0.4387912703355841,-0.011913789529498241,9,10,19,8,7,15,0.8888888888888888,0.7,0.7894736842105263,1
T052,2025-04-28,17,,0,0,,11,0.5420886704679194,0.4387912703355841,-0.011913789529498241,5,4,9,2,4,6,0.4,1.0,0.6666666666666666,1
T052,2025-05-05,18,,0,0,,11,0.5420886704679194,0.4387912703355841,-0.011913789529498241,2,3,5,2,3,5,1.0,1.0,1.0,1
T052,2025-05-12,19,,0,0,,11,0.5420886704679194,0.4387912703355841,-0.011913789529498241,7,4,11,7,3,10,1.0,0.75,0.9090909090909091,1
T052,2025-05-19,20,,0,0,,11,0.5420886704679194,0.4387912703355841,-0.011913789529498241,3,5,8,3,5,8,1.0,1.0,1.0,1
T052,2025-05-26,21,,0,0,,11,0.5420886704679194,0.4387912703355841,-0.011913789529498241,5,5,10,3,5,8,0.6,1.0,0.8,1
T052,2025-06-02,22,,0,0,,11,0.5420886704679194,0.4387912703355841,-0.011913789529498241,8,9,17,8,6,14,1.0,0.6666666666666666,0.8235294117647058,1
T052,2025-06-09,23,,0,0,,11,0.5420886704679194,0.4387912703355841,-0.011913789529498241,5,12,17,5,12,17,1.0,1.0,1.0,1
T052,2025-06-16,24,,0,0,,11,0.5420886704679194,0.4387912703355841,-0.011913789529498241,6,11,17,5,11,16,0.8333333333333334,1.0,0.9411764705882353,1
T052,2025-06-23,25,,0,0,,11,0.5420886704679194,0.4387912703355841,-0.011913789529498241,6,9,15,5,7,12,0.8333333333333334,0.7777777777777778,0.8,1
T052,2025-06-30,26,,0,0,,11,0.5420886704679194,0.4387912703355841,-0.011913789529498241,10,10,20,8,9,17,0.8,0.9,0.85,1
T052,2025-07-07,27,,0,0,,11,0.5420886704679194,0.4387912703355841,-0.011913789529498241,6,4,10,4,3,7,0.6666666666666666,0.75,0.7,1
T052,2025-07-14,28,,0,0,,11,0.5420886704679194,0.4387912703355841,-0.011913789529498241,3,5,8,3,4,7,1.0,0.8,0.875,1
T052,2025-07-21,29,,0,0,,11,0.5420886704679194,0.4387912703355841,-0.011913789529498241,10,7,17,10,4,14,1.0,0.5714285714285714,0.8235294117647058,1
T052,2025-07-28,30,,0,0,,11,0.5420886704679194,0.4387912703355841,-0.011913789529498241,11,9,20,9,4,13,0.8181818181818182,0.4444444444444444,0.65,1
T053,2025-01-06,1,9.0,0,0,-8.0,11,0.523907603226586,0.46067827009621987,0.8282506358963497,4,6,10,4,6,10,1.0,1.0,1.0,1
T053,2025-01-13,2,9.0,0,0,-7.0,11,0.523907603226586,0.46067827009621987,0.8282506358963497,4,11,15,4,8,12,1.0,0.7272727272727273,0.8,1
T053,2025-01-20,3,9.0,0,0,-6.0,11,0.523907603226586,0.46067827009621987,0.8282506358963497,8,7,15,7,5,12,0.875,0.7142857142857143,0.8,1
T053,2025-01-27,4,9.0,0,0,-5.0,11,0.523907603226586,0.46067827009621987,0.8282506358963497,7,11,18,7,10,17,1.0,0.9090909090909091,0.9444444444444444,1
T053,2025-02-03,5,9.0,0,0,-4.0,11,0.523907603226586,0.46067827009621987,0.8282506358963497,4,10,14,4,10,14,1.0,1.0,1.0,1
T053,2025-02-10,6,9.0,0,0,-3.0,11,0.523907603226586,0.46067827009621987,0.8282506358963497,10,9,19,8,8,16,0.8,0.8888888888888888,0.8421052631578947,1
T053,2025-02-17,7,9.0,0,0,-2.0,11,0.523907603226586,0.46067827009621987,0.8282506358963497,7,5,12,5,5,10,0.7142857142857143,1.0,0.8333333333333334,1
T053,2025-02-24,8,9.0,0,0,-1.0,11,0.523907603226586,0.46067827009621987,0.8282506358963497,9,9,18,8,6,14,0.8888888888888888,0.6666666666666666,0.7777777777777778,1
T053,2025-03-03,9,9.0,1,1,0.0,11,0.523907603226586,0.46067827009621987,0.8282506358963497,13,7,20,11,6,17,0.8461538461538461,0.8571428571428571,0.85,1
T053,2025-03-10,10,9.0,1,1,1.0,11,0.523907603226586,0.46067827009621987,0.8282506358963497,7,13,20,7,10,17,1.0,0.7692307692307693,0.85,1
T053,2025-03-17,11,9.0,1,1,2.0,11,0.523907603226586,0.46067827009621987,0.8282506358963497,5,9,14,4,8,12,0.8,0.8888888888888888,0.8571428571428571,1
T053,2025-03-24,12,9.0,1,1,3.0,11,0.523907603226586,0.46067827009621987,0.8282506358963497,4,1,5,2,0,2,0.5,0.0,0.4,1
T053,2025-03-31,13,9.0,1,1,4.0,11,0.523907603226586,0.46067827009621987,0.8282506358963497,5,11,16,4,9,13,0.8,0.8181818181818182,0.8125,1
T053,2025-04-07,14,9.0,1,1,5.0,11,0.523907603226586,0.46067827009621987,0.8282506358963497,7,5,12,7,4,11,1.0,0.8,0.9166666666666666,1
T053,2025-04-14,15,9.0,1,1,6.0,11,0.523907603226586,0.46067827009621987,0.8282506358963497,5,4,9,4,3,7,0.8,0.75,0.7777777777777778,1
T053,2025-04-21,16,9.0,1,1,7.0,11,0.523907603226586,0.46067827009621987,0.8282506358963497,11,15,26,8,13,21,0.7272727272727273,0.8666666666666667,0.8076923076923077,1
T053,2025-04-28,17,9.0,1,1,8.0,11,0.523907603226586,0.46067827009621987,0.8282506358963497,10,8,18,8,4,12,0.8,0.5,0.6666666666666666,1
T053,2025-05-05,18,9.0,1,1,9.0,11,0.523907603226586,0.46067827009621987,0.8282506358963497,6,12,18,5,10,15,0.8333333333333334,0.8333333333333334,0.8333333333333334,1
T053,2025-05-12,19,9.0,1,1,10.0,11,0.523907603226586,0.46067827009621987,0.8282506358963497,8,7,15,8,6,14,1.0,0.8571428571428571,0.9333333333333333,1
T053,2025-05-19,20,9.0,1,1,11.0,11,0.523907603226586,0.46067827009621987,0.8282506358963497,11,12,23,11,11,22,1.0,0.9166666666666666,0.9565217391304348,1
T053,2025-05-26,21,9.0,1,1,12.0,11,0.523907603226586,0.46067827009621987,0.8282506358963497,8,10,18,8,6,14,1.0,0.6,0.7777777777777778,1
T053,2025-06-02,22,9.0,1,1,13.0,11,0.523907603226586,0.46067827009621987,0.8282506358963497,6,13,19,6,11,17,1.0,0.8461538461538461,0.8947368421052632,1
T053,2025-06-09,23,9.0,1,1,14.0,11,0.523907603226586,0.46067827009621987,0.8282506358963497,6,11,17,6,9,15,1.0,0.8181818181818182,0.8823529411764706,1
T053,2025-06-16,24,9.0,1,1,15.0,11,0.523907603226586,0.46067827009621987,0.8282506358963497,6,9,15,6,8,14,1.0,0.8888888888888888,0.9333333333333333,1
T053,2025-06-23,25,9.0,1,1,16.0,11,0.523907603226586,0.46067827009621987,0.8282506358963497,12,13,25,12,12,24,1.0,0.9230769230769231,0.96,1
T053,2025-06-30,26,9.0,1,1,17.0,11,0.523907603226586,0.46067827009621987,0.8282506358963497,17,3,20,15,3,18,0.8823529411764706,1.0,0.9,1
T053,2025-07-07,27,9.0,1,1,18.0,11,0.523907603226586,0.46067827009621987,0.8282506358963497,7,10,17,7,5,12,1.0,0.5,0.7058823529411765,1
T053,2025-07-14,28,9.0,1,1,19.0,11,0.523907603226586,0.46067827009621987,0.8282506358963497,12,16,28,8,14,22,0.6666666666666666,0.875,0.7857142857142857,1
T053,2025-07-21,29,9.0,1,1,20.0,11,0.523907603226586,0.46067827009621987,0.8282506358963497,4,6,10,3,5,8,0.75,0.8333333333333334,0.8,1
T053,2025-07-28,30,9.0,1,1,21.0,11,0.523907603226586,0.46067827009621987,0.8282506358963497,5,8,13,2,6,8,0.4,0.75,0.6153846153846154,1
T054,2025-01-06,1,11.0,0,0,-10.0,8,0.6827681965767681,0.36330755754808747,0.48672726097488184,6,4,10,4,3,7,0.6666666666666666,0.75,0.7,1
T054,2025-01-13,2,11.0,0,0,-9.0,8,0.6827681965767681,0.36330755754808747,0.48672726097488184,5,4,9,4,4,8,0.8,1.0,0.8888888888888888,1
T054,2025-01-20,3,11.0,0,0,-8.0,8,0.6827681965767681,0.36330755754808747,0.48672726097488184,7,11,18,7,8,15,1.0,0.7272727272727273,0.8333333333333334,1
T054,2025-01-27,4,11.0,0,0,-7.0,8,0.6827681965767681,0.36330755754808747,0.48672726097488184,5,9,14,3,5,8,0.6,0.5555555555555556,0.5714285714285714,1
T054,2025-02-03,5,11.0,0,0,-6.0,8,0.6827681965767681,0.36330755754808747,0.48672726097488184,4,2,6,4,1,5,1.0,0.5,0.8333333333333334,1
T054,2025-02-10,6,11.0,0,0,-5.0,8,0.6827681965767681,0.36330755754808747,0.48672726097488184,6,3,9,5,3,8,0.8333333333333334,1.0,0.8888888888888888,1
T054,2025-02-17,7,11.0,0,0,-4.0,8,0.6827681965767681,0.36330755754808747,0.48672726097488184,5,8,13,1,5,6,0.2,0.625,0.46153846153846156,1
T054,2025-02-24,8,11.0,0,0,-3.0,8,0.6827681965767681,0.36330755754808747,0.48672726097488184,6,5,11,4,3,7,0.6666666666666666,0.6,0.6363636363636364,1
T054,2025-03-03,9,11.0,0,0,-2.0,8,0.6827681965767681,0.36330755754808747,0.48672726097488184,2,0,2,1,0,1,0.5,,0.5,0
T054,2025-03-10,10,11.0,0,0,-1.0,8,0.6827681965767681,0.36330755754808747,0.48672726097488184,10,10,20,7,9,16,0.7,0.9,0.8,1
T054,2025-03-17,11,11.0,1,1,0.0,8,0.6827681965767681,0.36330755754808747,0.48672726097488184,6,4,10,6,1,7,1.0,0.25,0.7,1
T054,2025-03-24,12,11.0,1,1,1.0,8,0.6827681965767681,0.36330755754808747,0.48672726097488184,4,5,9,4,2,6,1.0,0.4,0.6666666666666666,1
T054,2025-03-31,13,11.0,1,1,2.0,8,0.6827681965767681,0.36330755754808747,0.48672726097488184,5,7,12,3,4,7,0.6,0.5714285714285714,0.5833333333333334,1
T054,2025-04-07,14,11.0,1,1,3.0,8,0.6827681965767681,0.36330755754808747,0.48672726097488184,4,3,7,4,3,7,1.0,1.0,1.0,1
T054,2025-04-14,15,11.0,1,1,4.0,8,0.6827681965767681,0.36330755754808747,0.48672726097488184,3,1,4,3,1,4,1.0,1.0,1.0,1
T054,2025-04-21,16,11.0,1,1,5.0,8,0.6827681965767681,0.36330755754808747,0.48672726097488184,3,7,10,3,5,8,1.0,0.7142857142857143,0.8,1
T054,2025-04-28,17,11.0,1,1,6.0,8,0.6827681965767681,0.36330755754808747,0.48672726097488184,8,12,20,5,8,13,0.625,0.6666666666666666,0.65,1
T054,2025-05-05,18,11.0,1,1,7.0,8,0.6827681965767681,0.36330755754808747,0.48672726097488184,5,1,6,4,1,5,0.8,1.0,0.8333333333333334,1
T054,2025-05-12,19,11.0,1,1,8.0,8,0.6827681965767681,0.36330755754808747,0.48672726097488184,6,8,14,5,4,9,0.8333333333333334,0.5,0.6428571428571429,1
T054,2025-05-19,20,11.0,1,1,9.0,8,0.6827681965767681,0.36330755754808747,0.48672726097488184,4,6,10,4,4,8,1.0,0.6666666666666666,0.8,1
T054,2025-05-26,21,11.0,1,1,10.0,8,0.6827681965767681,0.36330755754808747,0.48672726097488184,4,3,7,2,2,4,0.5,0.6666666666666666,0.5714285714285714,1
T054,2025-06-02,22,11.0,1,1,11.0,8,0.6827681965767681,0.36330755754808747,0.48672726097488184,5,9,14,4,6,10,0.8,0.6666666666666666,0.7142857142857143,1
T054,2025-06-09,23,11.0,1,1,12.0,8,0.6827681965767681,0.36330755754808747,0.48672726097488184,2,7,9,2,5,7,1.0,0.7142857142857143,0.7777777777777778,1
T054,2025-06-16,24,11.0,1,1,13.0,8,0.6827681965767681,0.36330755754808747,0.48672726097488184,3,10,13,3,9,12,1.0,0.9,0.9230769230769231,1
T054,2025-06-23,25,11.0,1,1,14.0,8,0.6827681965767681,0.36330755754808747,0.48672726097488184,3,6,9,2,5,7,0.6666666666666666,0.8333333333333334,0.7777777777777778,1
T054,2025-06-30,26,11.0,1,1,15.0,8,0.6827681965767681,0.36330755754808747,0.48672726097488184,2,5,7,0,3,3,0.0,0.6,0.42857142857142855,1
T054,2025-07-07,27,11.0,1,1,16.0,8,0.6827681965767681,0.36330755754808747,0.48672726097488184,6,14,20,4,9,13,0.6666666666666666,0.6428571428571429,0.65,1
T054,2025-07-14,28,11.0,1,1,17.0,8,0.6827681965767681,0.36330755754808747,0.48672726097488184,7,6,13,7,3,10,1.0,0.5,0.7692307692307693,1
T054,2025-07-21,29,11.0,1,1,18.0,8,0.6827681965767681,0.36330755754808747,0.48672726097488184,5,5,10,4,2,6,0.8,0.4,0.6,1
T054,2025-07-28,30,11.0,1,1,19.0,8,0.6827681965767681,0.36330755754808747,0.48672726097488184,5,5,10,4,3,7,0.8,0.6,0.7,1
T055,2025-01-06,1,9.0,0,0,-8.0,8,0.30423317292775603,0.8548177317013866,0.3331538536527717,3,10,13,3,10,13,1.0,1.0,1.0,1
T055,2025-01-13,2,9.0,0,0,-7.0,8,0.30423317292775603,0.8548177317013866,0.3331538536527717,4,9,13,4,8,12,1.0,0.8888888888888888,0.9230769230769231,1
T055,2025-01-20,3,9.0,0,0,-6.0,8,0.30423317292775603,0.8548177317013866,0.3331538536527717,2,3,5,2,3,5,1.0,1.0,1.0,1
T055,2025-01-27,4,9.0,0,0,-5.0,8,0.30423317292775603,0.8548177317013866,0.3331538536527717,8,6,14,7,6,13,0.875,1.0,0.9285714285714286,1
T055,2025-02-03,5,9.0,0,0,-4.0,8,0.30423317292775603,0.8548177317013866,0.3331538536527717,12,5,17,10,5,15,0.8333333333333334,1.0,0.8823529411764706,1
T055,2025-02-10,6,9.0,0,0,-3.0,8,0.30423317292775603,0.8548177317013866,0.3331538536527717,6,11,17,6,10,16,1.0,0.9090909090909091,0.9411764705882353,1
T055,2025-02-17,7,9.0,0,0,-2.0,8,0.30423317292775603,0.8548177317013866,0.3331538536527717,11,6,17,9,6,15,0.8181818181818182,1.0,0.8823529411764706,1
T055,2025-02-24,8,9.0,0,0,-1.0,8,0.30423317292775603,0.8548177317013866,0.3331538536527717,6,4,10,6,3,9,1.0,0.75,0.9,1
T055,2025-03-03,9,9.0,1,1,0.0,8,0.30423317292775603,0.8548177317013866,0.3331538536527717,0,4,4,0,4,4,,1.0,1.0,1
T055,2025-03-10,10,9.0,1,1,1.0,8,0.30423317292775603,0.8548177317013866,0.3331538536527717,4,13,17,4,12,16,1.0,0.9230769230769231,0.9411764705882353,1
T055,2025-03-17,11,9.0,1,1,2.0,8,0.30423317292775603,0.8548177317013866,0.3331538536527717,10,8,18,9,8,17,0.9,1.0,0.9444444444444444,1
T055,2025-03-24,12,9.0,1,1,3.0,8,0.30423317292775603,0.8548177317013866,0.3331538536527717,5,5,10,3,5,8,0.6,1.0,0.8,1
T055,2025-03-31,13,9.0,1,1,4.0,8,0.30423317292775603,0.8548177317013866,0.3331538536527717,3,8,11,2,7,9,0.6666666666666666,0.875,0.8181818181818182,1
T055,2025-04-07,14,9.0,1,1,5.0,8,0.30423317292775603,0.8548177317013866,0.3331538536527717,4,7,11,4,6,10,1.0,0.8571428571428571,0.9090909090909091,1
T055,2025-04-14,15,9.0,1,1,6.0,8,0.30423317292775603,0.8548177317013866,0.3331538536527717,3,12,15,3,11,14,1.0,0.9166666666666666,0.9333333333333333,1
T055,2025-04-21,16,9.0,1,1,7.0,8,0.30423317292775603,0.8548177317013866,0.3331538536527717,9,6,15,9,5,14,1.0,0.8333333333333334,0.9333333333333333,1
T055,2025-04-28,17,9.0,1,1,8.0,8,0.30423317292775603,0.8548177317013866,0.3331538536527717,5,10,15,3,8,11,0.6,0.8,0.7333333333333333,1
T055,2025-05-05,18,9.0,1,1,9.0,8,0.30423317292775603,0.8548177317013866,0.3331538536527717,3,5,8,3,5,8,1.0,1.0,1.0,1
T055,2025-05-12,19,9.0,1,1,10.0,8,0.30423317292775603,0.8548177317013866,0.3331538536527717,8,19,27,8,17,25,1.0,0.8947368421052632,0.9259259259259259,1
T055,2025-05-19,20,9.0,1,1,11.0,8,0.30423317292775603,0.8548177317013866,0.3331538536527717,8,10,18,8,8,16,1.0,0.8,0.8888888888888888,1
T055,2025-05-26,21,9.0,1,1,12.0,8,0.30423317292775603,0.8548177317013866,0.3331538536527717,7,9,16,5,8,13,0.7142857142857143,0.8888888888888888,0.8125,1
T055,2025-06-02,22,9.0,1,1,13.0,8,0.30423317292775603,0.8548177317013866,0.3331538536527717,18,6,24,16,5,21,0.8888888888888888,0.8333333333333334,0.875,1
T055,2025-06-09,23,9.0,1,1,14.0,8,0.30423317292775603,0.8548177317013866,0.3331538536527717,8,12,20,8,10,18,1.0,0.8333333333333334,0.9,1
T055,2025-06-16,24,9.0,1,1,15.0,8,0.30423317292775603,0.8548177317013866,0.3331538536527717,10,6,16,8,5,13,0.8,0.8333333333333334,0.8125,1
T055,2025-06-23,25,9.0,1,1,16.0,8,0.30423317292775603,0.8548177317013866,0.3331538536527717,6,13,19,6,11,17,1.0,0.8461538461538461,0.8947368421052632,1
T055,2025-06-30,26,9.0,1,1,17.0,8,0.30423317292775603,0.8548177317013866,0.3331538536527717,3,2,5,3,2,5,1.0,1.0,1.0,1
T055,2025-07-07,27,9.0,1,1,18.0,8,0.30423317292775603,0.8548177317013866,0.3331538536527717,2,9,11,2,8,10,1.0,0.8888888888888888,0.9090909090909091,1
T055,2025-07-14,28,9.0,1,1,19.0,8,0.30423317292775603,0.8548177317013866,0.3331538536527717,7,4,11,7,4,11,1.0,1.0,1.0,1
T055,2025-07-21,29,9.0,1,1,20.0,8,0.30423317292775603,0.8548177317013866,0.3331538536527717,2,5,7,2,5,7,1.0,1.0,1.0,1
T055,2025-07-28,30,9.0,1,1,21.0,8,0.30423317292775603,0.8548177317013866,0.3331538536527717,6,12,18,6,10,16,1.0,0.8333333333333334,0.8888888888888888,1
T056,2025-01-06,1,9.0,0,0,-8.0,7,0.2807358354606207,0.2383358771109003,-0.2240997092503172,7,7,14,4,5,9,0.5714285714285714,0.7142857142857143,0.6428571428571429,1
T056,2025-01-13,2,9.0,0,0,-7.0,7,0.2807358354606207,0.2383358771109003,-0.2240997092503172,9,5,14,6,3,9,0.6666666666666666,0.6,0.6428571428571429,1
T056,2025-01-20,3,9.0,0,0,-6.0,7,0.2807358354606207,0.2383358771109003,-0.2240997092503172,4,2,6,4,2,6,1.0,1.0,1.0,1
T056,2025-01-27,4,9.0,0,0,-5.0,7,0.2807358354606207,0.2383358771109003,-0.2240997092503172,6,5,11,6,5,11,1.0,1.0,1.0,1
T056,2025-02-03,5,9.0,0,0,-4.0,7,0.2807358354606207,0.2383358771109003,-0.2240997092503172,5,8,13,2,5,7,0.4,0.625,0.5384615384615384,1
T056,2025-02-10,6,9.0,0,0,-3.0,7,0.2807358354606207,0.2383358771109003,-0.2240997092503172,4,3,7,4,2,6,1.0,0.6666666666666666,0.8571428571428571,1
T056,2025-02-17,7,9.0,0,0,-2.0,7,0.2807358354606207,0.2383358771109003,-0.2240997092503172,6,9,15,4,7,11,0.6666666666666666,0.7777777777777778,0.7333333333333333,1
T056,2025-02-24,8,9.0,0,0,-1.0,7,0.2807358354606207,0.2383358771109003,-0.2240997092503172,6,4,10,4,2,6,0.6666666666666666,0.5,0.6,1
T056,2025-03-03,9,9.0,1,1,0.0,7,0.2807358354606207,0.2383358771109003,-0.2240997092503172,5,4,9,4,3,7,0.8,0.75,0.7777777777777778,1
T056,2025-03-10,10,9.0,1,1,1.0,7,0.2807358354606207,0.2383358771109003,-0.2240997092503172,3,4,7,2,3,5,0.6666666666666666,0.75,0.7142857142857143,1
T056,2025-03-17,11,9.0,1,1,2.0,7,0.2807358354606207,0.2383358771109003,-0.2240997092503172,6,7,13,3,6,9,0.5,0.8571428571428571,0.6923076923076923,1
T056,2025-03-24,12,9.0,1,1,3.0,7,0.2807358354606207,0.2383358771109003,-0.2240997092503172,3,5,8,2,4,6,0.6666666666666666,0.8,0.75,1
T056,2025-03-31,13,9.0,1,1,4.0,7,0.2807358354606207,0.2383358771109003,-0.2240997092503172,7,10,17,6,8,14,0.8571428571428571,0.8,0.8235294117647058,1
T056,2025-04-07,14,9.0,1,1,5.0,7,0.2807358354606207,0.2383358771109003,-0.2240997092503172,4,3,7,3,3,6,0.75,1.0,0.8571428571428571,1
T056,2025-04-14,15,9.0,1,1,6.0,7,0.2807358354606207,0.2383358771109003,-0.2240997092503172,4,3,7,1,2,3,0.25,0.6666666666666666,0.42857142857142855,1
T056,2025-04-21,16,9.0,1,1,7.0,7,0.2807358354606207,0.2383358771109003,-0.2240997092503172,3,11,14,2,9,11,0.6666666666666666,0.8181818181818182,0.7857142857142857,1
T056,2025-04-28,17,9.0,1,1,8.0,7,0.2807358354606207,0.2383358771109003,-0.2240997092503172,3,4,7,2,1,3,0.6666666666666666,0.25,0.42857142857142855,1
T056,2025-05-05,18,9.0,1,1,9.0,7,0.2807358354606207,0.2383358771109003,-0.2240997092503172,2,6,8,2,5,7,1.0,0.8333333333333334,0.875,1
T056,2025-05-12,19,9.0,1,1,10.0,7,0.2807358354606207,0.2383358771109003,-0.2240997092503172,6,6,12,4,5,9,0.6666666666666666,0.8333333333333334,0.75,1
T056,2025-05-19,20,9.0,1,1,11.0,7,0.2807358354606207,0.2383358771109003,-0.2240997092503172,3,3,6,3,2,5,1.0,0.6666666666666666,0.8333333333333334,1
T056,2025-05-26,21,9.0,1,1,12.0,7,0.2807358354606207,0.2383358771109003,-0.2240997092503172,0,8,8,0,8,8,,1.0,1.0,1
T056,2025-06-02,22,9.0,1,1,13.0,7,0.2807358354606207,0.2383358771109003,-0.2240997092503172,6,2,8,5,2,7,0.8333333333333334,1.0,0.875,1
T056,2025-06-09,23,9.0,1,1,14.0,7,0.2807358354606207,0.2383358771109003,-0.2240997092503172,6,6,12,5,6,11,0.8333333333333334,1.0,0.9166666666666666,1
T056,2025-06-16,24,9.0,1,1,15.0,7,0.2807358354606207,0.2383358771109003,-0.2240997092503172,9,14,23,9,13,22,1.0,0.9285714285714286,0.9565217391304348,1
T056,2025-06-23,25,9.0,1,1,16.0,7,0.2807358354606207,0.2383358771109003,-0.2240997092503172,5,8,13,3,4,7,0.6,0.5,0.5384615384615384,1
T056,2025-06-30,26,9.0,1,1,17.0,7,0.2807358354606207,0.2383358771109003,-0.2240997092503172,4,4,8,3,3,6,0.75,0.75,0.75,1
T056,2025-07-07,27,9.0,1,1,18.0,7,0.2807358354606207,0.2383358771109003,-0.2240997092503172,1,5,6,1,3,4,1.0,0.6,0.6666666666666666,1
T056,2025-07-14,28,9.0,1,1,19.0,7,0.2807358354606207,0.2383358771109003,-0.2240997092503172,3,8,11,3,8,11,1.0,1.0,1.0,1
T056,2025-07-21,29,9.0,1,1,20.0,7,0.2807358354606207,0.2383358771109003,-0.2240997092503172,5,4,9,3,3,6,0.6,0.75,0.6666666666666666,1
T056,2025-07-28,30,9.0,1,1,21.0,7,0.2807358354606207,0.2383358771109003,-0.2240997092503172,4,7,11,3,6,9,0.75,0.8571428571428571,0.8181818181818182,1
T057,2025-01-06,1,12.0,0,0,-11.0,4,0.4808540278924355,0.3316548361530791,-0.016160724309927915,2,5,7,1,5,6,0.5,1.0,0.8571428571428571,1
T057,2025-01-13,2,12.0,0,0,-10.0,4,0.4808540278924355,0.3316548361530791,-0.016160724309927915,6,3,9,5,2,7,0.8333333333333334,0.6666666666666666,0.7777777777777778,1
T057,2025-01-20,3,12.0,0,0,-9.0,4,0.4808540278924355,0.3316548361530791,-0.016160724309927915,12,7,19,12,6,18,1.0,0.8571428571428571,0.9473684210526315,1
T057,2025-01-27,4,12.0,0,0,-8.0,4,0.4808540278924355,0.3316548361530791,-0.016160724309927915,2,3,5,2,3,5,1.0,1.0,1.0,1
T057,2025-02-03,5,12.0,0,0,-7.0,4,0.4808540278924355,0.3316548361530791,-0.016160724309927915,4,9,13,3,8,11,0.75,0.8888888888888888,0.8461538461538461,1
T057,2025-02-10,6,12.0,0,0,-6.0,4,0.4808540278924355,0.3316548361530791,-0.016160724309927915,0,6,6,0,6,6,,1.0,1.0,1
T057,2025-02-17,7,12.0,0,0,-5.0,4,0.4808540278924355,0.3316548361530791,-0.016160724309927915,3,2,5,3,2,5,1.0,1.0,1.0,1
T057,2025-02-24,8,12.0,0,0,-4.0,4,0.4808540278924355,0.3316548361530791,-0.016160724309927915,4,7,11,4,6,10,1.0,0.8571428571428571,0.9090909090909091,1
T057,2025-03-03,9,12.0,0,0,-3.0,4,0.4808540278924355,0.3316548361530791,-0.016160724309927915,6,5,11,6,5,11,1.0,1.0,1.0,1
T057,2025-03-10,10,12.0,0,0,-2.0,4,0.4808540278924355,0.3316548361530791,-0.016160724309927915,4,6,10,4,5,9,1.0,0.8333333333333334,0.9,1
T057,2025-03-17,11,12.0,0,0,-1.0,4,0.4808540278924355,0.3316548361530791,-0.016160724309927915,3,5,8,3,5,8,1.0,1.0,1.0,1
T057,2025-03-24,12,12.0,1,1,0.0,4,0.4808540278924355,0.3316548361530791,-0.016160724309927915,7,5,12,7,5,12,1.0,1.0,1.0,1
T057,2025-03-31,13,12.0,1,1,1.0,4,0.4808540278924355,0.3316548361530791,-0.016160724309927915,0,7,7,0,5,5,,0.7142857142857143,0.7142857142857143,1
T057,2025-04-07,14,12.0,1,1,2.0,4,0.4808540278924355,0.3316548361530791,-0.016160724309927915,1,2,3,1,2,3,1.0,1.0,1.0,1
T057,2025-04-14,15,12.0,1,1,3.0,4,0.4808540278924355,0.3316548361530791,-0.016160724309927915,4,1,5,3,1,4,0.75,1.0,0.8,1
T057,2025-04-21,16,12.0,1,1,4.0,4,0.4808540278924355,0.3316548361530791,-0.016160724309927915,5,7,12,4,5,9,0.8,0.7142857142857143,0.75,1
T057,2025-04-28,17,12.0,1,1,5.0,4,0.4808540278924355,0.3316548361530791,-0.016160724309927915,5,6,11,5,6,11,1.0,1.0,1.0,1
T057,2025-05-05,18,12.0,1,1,6.0,4,0.4808540278924355,0.3316548361530791,-0.016160724309927915,0,1,1,0,1,1,,1.0,1.0,0
T057,2025-05-12,19,12.0,1,1,7.0,4,0.4808540278924355,0.3316548361530791,-0.016160724309927915,2,5,7,2,5,7,1.0,1.0,1.0,1
T057,2025-05-19,20,12.0,1,1,8.0,4,0.4808540278924355,0.3316548361530791,-0.016160724309927915,3,4,7,3,3,6,1.0,0.75,0.8571428571428571,1
T057,2025-05-26,21,12.0,1,1,9.0,4,0.4808540278924355,0.3316548361530791,-0.016160724309927915,2,8,10,2,6,8,1.0,0.75,0.8,1
T057,2025-06-02,22,12.0,1,1,10.0,4,0.4808540278924355,0.3316548361530791,-0.016160724309927915,3,2,5,3,2,5,1.0,1.0,1.0,1
T057,2025-06-09,23,12.0,1,1,11.0,4,0.4808540278924355,0.3316548361530791,-0.016160724309927915,4,4,8,4,4,8,1.0,1.0,1.0,1
T057,2025-06-16,24,12.0,1,1,12.0,4,0.4808540278924355,0.3316548361530791,-0.016160724309927915,1,2,3,1,2,3,1.0,1.0,1.0,1
T057,2025-06-23,25,12.0,1,1,13.0,4,0.4808540278924355,0.3316548361530791,-0.016160724309927915,3,5,8,3,5,8,1.0,1.0,1.0,1
T057,2025-06-30,26,12.0,1,1,14.0,4,0.4808540278924355,0.3316548361530791,-0.016160724309927915,7,7,14,7,7,14,1.0,1.0,1.0,1
T057,2025-07-07,27,12.0,1,1,15.0,4,0.4808540278924355,0.3316548361530791,-0.016160724309927915,3,4,7,2,3,5,0.6666666666666666,0.75,0.7142857142857143,1
T057,2025-07-14,28,12.0,1,1,16.0,4,0.4808540278924355,0.3316548361530791,-0.016160724309927915,4,5,9,4,4,8,1.0,0.8,0.8888888888888888,1
T057,2025-07-21,29,12.0,1,1,17.0,4,0.4808540278924355,0.3316548361530791,-0.016160724309927915,3,4,7,3,3,6,1.0,0.75,0.8571428571428571,1
T057,2025-07-28,30,12.0,1,1,18.0,4,0.4808540278924355,0.3316548361530791,-0.016160724309927915,7,3,10,7,2,9,1.0,0.6666666666666666,0.9,1
T058,2025-01-06,1,12.0,0,0,-11.0,6,0.6424545523343559,0.5475652497541701,0.48646984336557825,7,14,21,7,13,20,1.0,0.9285714285714286,0.9523809523809523,1
T058,2025-01-13,2,12.0,0,0,-10.0,6,0.6424545523343559,0.5475652497541701,0.48646984336557825,5,7,12,5,7,12,1.0,1.0,1.0,1
T058,2025-01-20,3,12.0,0,0,-9.0,6,0.6424545523343559,0.5475652497541701,0.48646984336557825,1,2,3,1,2,3,1.0,1.0,1.0,1
T058,2025-01-27,4,12.0,0,0,-8.0,6,0.6424545523343559,0.5475652497541701,0.48646984336557825,4,4,8,3,4,7,0.75,1.0,0.875,1
T058,2025-02-03,5,12.0,0,0,-7.0,6,0.6424545523343559,0.5475652497541701,0.48646984336557825,4,10,14,4,8,12,1.0,0.8,0.8571428571428571,1
T058,2025-02-10,6,12.0,0,0,-6.0,6,0.6424545523343559,0.5475652497541701,0.48646984336557825,3,2,5,3,2,5,1.0,1.0,1.0,1
T058,2025-02-17,7,12.0,0,0,-5.0,6,0.6424545523343559,0.5475652497541701,0.48646984336557825,2,5,7,2,4,6,1.0,0.8,0.8571428571428571,1
T058,2025-02-24,8,12.0,0,0,-4.0,6,0.6424545523343559,0.5475652497541701,0.48646984336557825,5,1,6,4,1,5,0.8,1.0,0.8333333333333334,1
T058,2025-03-03,9,12.0,0,0,-3.0,6,0.6424545523343559,0.5475652497541701,0.48646984336557825,7,2,9,6,2,8,0.8571428571428571,1.0,0.8888888888888888,1
T058,2025-03-10,10,12.0,0,0,-2.0,6,0.6424545523343559,0.5475652497541701,0.48646984336557825,4,4,8,3,3,6,0.75,0.75,0.75,1
T058,2025-03-17,11,12.0,0,0,-1.0,6,0.6424545523343559,0.5475652497541701,0.48646984336557825,10,4,14,8,3,11,0.8,0.75,0.7857142857142857,1
T058,2025-03-24,12,12.0,1,1,0.0,6,0.6424545523343559,0.5475652497541701,0.48646984336557825,6,4,10,4,3,7,0.6666666666666666,0.75,0.7,1
T058,2025-03-31,13,12.0,1,1,1.0,6,0.6424545523343559,0.5475652497541701,0.48646984336557825,3,5,8,2,4,6,0.6666666666666666,0.8,0.75,1
T058,2025-04-07,14,12.0,1,1,2.0,6,0.6424545523343559,0.5475652497541701,0.48646984336557825,3,5,8,3,5,8,1.0,1.0,1.0,1
T058,2025-04-14,15,12.0,1,1,3.0,6,0.6424545523343559,0.5475652497541701,0.48646984336557825,6,4,10,4,4,8,0.6666666666666666,1.0,0.8,1
T058,2025-04-21,16,12.0,1,1,4.0,6,0.6424545523343559,0.5475652497541701,0.48646984336557825,1,3,4,1,2,3,1.0,0.6666666666666666,0.75,1
T058,2025-04-28,17,12.0,1,1,5.0,6,0.6424545523343559,0.5475652497541701,0.48646984336557825,1,6,7,1,6,7,1.0,1.0,1.0,1
T058,2025-05-05,18,12.0,1,1,6.0,6,0.6424545523343559,0.5475652497541701,0.48646984336557825,3,5,8,3,4,7,1.0,0.8,0.875,1
T058,2025-05-12,19,12.0,1,1,7.0,6,0.6424545523343559,0.5475652497541701,0.48646984336557825,1,10,11,1,9,10,1.0,0.9,0.9090909090909091,1
T058,2025-05-19,20,12.0,1,1,8.0,6,0.6424545523343559,0.5475652497541701,0.48646984336557825,2,5,7,1,5,6,0.5,1.0,0.8571428571428571,1
T058,2025-05-26,21,12.0,1,1,9.0,6,0.6424545523343559,0.5475652497541701,0.48646984336557825,5,10,15,3,9,12,0.6,0.9,0.8,1
T058,2025-06-02,22,12.0,1,1,10.0,6,0.6424545523343559,0.5475652497541701,0.48646984336557825,2,10,12,1,10,11,0.5,1.0,0.9166666666666666,1
T058,2025-06-09,23,12.0,1,1,11.0,6,0.6424545523343559,0.5475652497541701,0.48646984336557825,5,6,11,5,6,11,1.0,1.0,1.0,1
T058,2025-06-16,24,12.0,1,1,12.0,6,0.6424545523343559,0.5475652497541701,0.48646984336557825,10,7,17,9,6,15,0.9,0.8571428571428571,0.8823529411764706,1
T058,2025-06-23,25,12.0,1,1,13.0,6,0.6424545523343559,0.5475652497541701,0.48646984336557825,2,9,11,2,8,10,1.0,0.8888888888888888,0.9090909090909091,1
T058,2025-06-30,26,12.0,1,1,14.0,6,0.6424545523343559,0.5475652497541701,0.48646984336557825,3,6,9,3,6,9,1.0,1.0,1.0,1
T058,2025-07-07,27,12.0,1,1,15.0,6,0.6424545523343559,0.5475652497541701,0.48646984336557825,3,6,9,1,5,6,0.3333333333333333,0.8333333333333334,0.6666666666666666,1
T058,2025-07-14,28,12.0,1,1,16.0,6,0.6424545523343559,0.5475652497541701,0.48646984336557825,10,10,20,10,10,20,1.0,1.0,1.0,1
T058,2025-07-21,29,12.0,1,1,17.0,6,0.6424545523343559,0.5475652497541701,0.48646984336557825,9,8,17,8,7,15,0.8888888888888888,0.875,0.8823529411764706,1
T058,2025-07-28,30,12.0,1,1,18.0,6,0.6424545523343559,0.5475652497541701,0.48646984336557825,5,7,12,5,5,10,1.0,0.7142857142857143,0.8333333333333334,1
T059,2025-01-06,1,13.0,0,0,-12.0,11,0.5301135401441195,0.5334817847233647,0.9596029259924891,7,12,19,6,11,17,0.8571428571428571,0.9166666666666666,0.8947368421052632,1
T059,2025-01-13,2,13.0,0,0,-11.0,11,0.5301135401441195,0.5334817847233647,0.9596029259924891,15,9,24,12,7,19,0.8,0.7777777777777778,0.7916666666666666,1
T059,2025-01-20,3,13.0,0,0,-10.0,11,0.5301135401441195,0.5334817847233647,0.9596029259924891,10,8,18,9,6,15,0.9,0.75,0.8333333333333334,1
T059,2025-01-27,4,13.0,0,0,-9.0,11,0.5301135401441195,0.5334817847233647,0.9596029259924891,8,8,16,7,8,15,0.875,1.0,0.9375,1
T059,2025-02-03,5,13.0,0,0,-8.0,11,0.5301135401441195,0.5334817847233647,0.9596029259924891,3,7,10,2,6,8,0.6666666666666666,0.8571428571428571,0.8,1
T059,2025-02-10,6,13.0,0,0,-7.0,11,0.5301135401441195,0.5334817847233647,0.9596029259924891,4,8,12,3,7,10,0.75,0.875,0.8333333333333334,1
T059,2025-02-17,7,13.0,0,0,-6.0,11,0.5301135401441195,0.5334817847233647,0.9596029259924891,16,14,30,14,13,27,0.875,0.9285714285714286,0.9,1
T059,2025-02-24,8,13.0,0,0,-5.0,11,0.5301135401441195,0.5334817847233647,0.9596029259924891,8,14,22,8,13,21,1.0,0.9285714285714286,0.9545454545454546,1
T059,2025-03-03,9,13.0,0,0,-4.0,11,0.5301135401441195,0.5334817847233647,0.9596029259924891,7,4,11,6,4,10,0.8571428571428571,1.0,0.9090909090909091,1
T059,2025-03-10,10,13.0,0,0,-3.0,11,0.5301135401441195,0.5334817847233647,0.9596029259924891,19,11,30,17,10,27,0.8947368421052632,0.9090909090909091,0.9,1
T059,2025-03-17,11,13.0,0,0,-2.0,11,0.5301135401441195,0.5334817847233647,0.9596029259924891,11,7,18,10,6,16,0.9090909090909091,0.8571428571428571,0.8888888888888888,1
T059,2025-03-24,12,13.0,0,0,-1.0,11,0.5301135401441195,0.5334817847233647,0.9596029259924891,8,5,13,6,4,10,0.75,0.8,0.7692307692307693,1
T059,2025-03-31,13,13.0,1,1,0.0,11,0.5301135401441195,0.5334817847233647,0.9596029259924891,7,13,20,6,12,18,0.8571428571428571,0.9230769230769231,0.9,1
T059,2025-04-07,14,13.0,1,1,1.0,11,0.5301135401441195,0.5334817847233647,0.9596029259924891,6,11,17,6,10,16,1.0,0.9090909090909091,0.9411764705882353,1
T059,2025-04-14,15,13.0,1,1,2.0,11,0.5301135401441195,0.5334817847233647,0.9596029259924891,5,11,16,3,9,12,0.6,0.8181818181818182,0.75,1
T059,2025-04-21,16,13.0,1,1,3.0,11,0.5301135401441195,0.5334817847233647,0.9596029259924891,3,12,15,3,9,12,1.0,0.75,0.8,1
T059,2025-04-28,17,13.0,1,1,4.0,11,0.5301135401441195,0.5334817847233647,0.9596029259924891,9,4,13,8,4,12,0.8888888888888888,1.0,0.9230769230769231,1
T059,2025-05-05,18,13.0,1,1,5.0,11,0.5301135401441195,0.5334817847233647,0.9596029259924891,7,10,17,6,8,14,0.8571428571428571,0.8,0.8235294117647058,1
T059,2025-05-12,19,13.0,1,1,6.0,11,0.5301135401441195,0.5334817847233647,0.9596029259924891,9,13,22,6,13,19,0.6666666666666666,1.0,0.8636363636363636,1
T059,2025-05-19,20,13.0,1,1,7.0,11,0.5301135401441195,0.5334817847233647,0.9596029259924891,10,19,29,10,18,28,1.0,0.9473684210526315,0.9655172413793104,1
T059,2025-05-26,21,13.0,1,1,8.0,11,0.5301135401441195,0.5334817847233647,0.9596029259924891,12,10,22,12,8,20,1.0,0.8,0.9090909090909091,1
T059,2025-06-02,22,13.0,1,1,9.0,11,0.5301135401441195,0.5334817847233647,0.9596029259924891,8,11,19,7,11,18,0.875,1.0,0.9473684210526315,1
T059,2025-06-09,23,13.0,1,1,10.0,11,0.5301135401441195,0.5334817847233647,0.9596029259924891,8,9,17,8,8,16,1.0,0.8888888888888888,0.9411764705882353,1
T059,2025-06-16,24,13.0,1,1,11.0,11,0.5301135401441195,0.5334817847233647,0.9596029259924891,14,11,25,13,9,22,0.9285714285714286,0.8181818181818182,0.88,1
T059,2025-06-23,25,13.0,1,1,12.0,11,0.5301135401441195,0.5334817847233647,0.9596029259924891,9,9,18,9,9,18,1.0,1.0,1.0,1
T059,2025-06-30,26,13.0,1,1,13.0,11,0.5301135401441195,0.5334817847233647,0.9596029259924891,1,12,13,1,11,12,1.0,0.9166666666666666,0.9230769230769231,1
T059,2025-07-07,27,13.0,1,1,14.0,11,0.5301135401441195,0.5334817847233647,0.9596029259924891,6,10,16,6,10,16,1.0,1.0,1.0,1
T059,2025-07-14,28,13.0,1,1,15.0,11,0.5301135401441195,0.5334817847233647,0.9596029259924891,6,11,17,6,11,17,1.0,1.0,1.0,1
T059,2025-07-21,29,13.0,1,1,16.0,11,0.5301135401441195,0.5334817847233647,0.9596029259924891,6,10,16,5,9,14,0.8333333333333334,0.9,0.875,1
T059,2025-07-28,30,13.0,1,1,17.0,11,0.5301135401441195,0.5334817847233647,0.9596029259924891,12,14,26,10,12,22,0.8333333333333334,0.8571428571428571,0.8461538461538461,1
T060,2025-01-06,1,10.0,0,0,-9.0,4,0.8513120868829819,0.12616609008252674,-1.5368305750481643,3,2,5,1,2,3,0.3333333333333333,1.0,0.6,1
T060,2025-01-13,2,10.0,0,0,-8.0,4,0.8513120868829819,0.12616609008252674,-1.5368305750481643,7,6,13,6,5,11,0.8571428571428571,0.8333333333333334,0.8461538461538461,1
T060,2025-01-20,3,10.0,0,0,-7.0,4,0.8513120868829819,0.12616609008252674,-1.5368305750481643,2,3,5,2,2,4,1.0,0.6666666666666666,0.8,1
T060,2025-01-27,4,10.0,0,0,-6.0,4,0.8513120868829819,0.12616609008252674,-1.5368305750481643,0,1,1,0,1,1,,1.0,1.0,0
T060,2025-02-03,5,10.0,0,0,-5.0,4,0.8513120868829819,0.12616609008252674,-1.5368305750481643,4,2,6,3,0,3,0.75,0.0,0.5,1
T060,2025-02-10,6,10.0,0,0,-4.0,4,0.8513120868829819,0.12616609008252674,-1.5368305750481643,4,2,6,4,2,6,1.0,1.0,1.0,1
T060,2025-02-17,7,10.0,0,0,-3.0,4,0.8513120868829819,0.12616609008252674,-1.5368305750481643,3,6,9,2,5,7,0.6666666666666666,0.8333333333333334,0.7777777777777778,1
T060,2025-02-24,8,10.0,0,0,-2.0,4,0.8513120868829819,0.12616609008252674,-1.5368305750481643,1,0,1,1,0,1,1.0,,1.0,0
T060,2025-03-03,9,10.0,0,0,-1.0,4,0.8513120868829819,0.12616609008252674,-1.5368305750481643,0,7,7,0,4,4,,0.5714285714285714,0.5714285714285714,1
T060,2025-03-10,10,10.0,1,1,0.0,4,0.8513120868829819,0.12616609008252674,-1.5368305750481643,8,4,12,6,3,9,0.75,0.75,0.75,1
T060,2025-03-17,11,10.0,1,1,1.0,4,0.8513120868829819,0.12616609008252674,-1.5368305750481643,0,1,1,0,1,1,,1.0,1.0,0
T060,2025-03-24,12,10.0,1,1,2.0,4,0.8513120868829819,0.12616609008252674,-1.5368305750481643,3,7,10,3,4,7,1.0,0.5714285714285714,0.7,1
T060,2025-03-31,13,10.0,1,1,3.0,4,0.8513120868829819,0.12616609008252674,-1.5368305750481643,3,3,6,2,2,4,0.6666666666666666,0.6666666666666666,0.6666666666666666,1
T060,2025-04-07,14,10.0,1,1,4.0,4,0.8513120868829819,0.12616609008252674,-1.5368305750481643,5,9,14,3,5,8,0.6,0.5555555555555556,0.5714285714285714,1
T060,2025-04-14,15,10.0,1,1,5.0,4,0.8513120868829819,0.12616609008252674,-1.5368305750481643,5,6,11,5,5,10,1.0,0.8333333333333334,0.9090909090909091,1
T060,2025-04-21,16,10.0,1,1,6.0,4,0.8513120868829819,0.12616609008252674,-1.5368305750481643,1,3,4,1,3,4,1.0,1.0,1.0,1
T060,2025-04-28,17,10.0,1,1,7.0,4,0.8513120868829819,0.12616609008252674,-1.5368305750481643,0,4,4,0,3,3,,0.75,0.75,1
T060,2025-05-05,18,10.0,1,1,8.0,4,0.8513120868829819,0.12616609008252674,-1.5368305750481643,2,5,7,2,5,7,1.0,1.0,1.0,1
T060,2025-05-12,19,10.0,1,1,9.0,4,0.8513120868829819,0.12616609008252674,-1.5368305750481643,4,8,12,2,7,9,0.5,0.875,0.75,1
T060,2025-05-19,20,10.0,1,1,10.0,4,0.8513120868829819,0.12616609008252674,-1.5368305750481643,1,5,6,1,3,4,1.0,0.6,0.6666666666666666,1
T060,2025-05-26,21,10.0,1,1,11.0,4,0.8513120868829819,0.12616609008252674,-1.5368305750481643,0,2,2,0,2,2,,1.0,1.0,0
T060,2025-06-02,22,10.0,1,1,12.0,4,0.8513120868829819,0.12616609008252674,-1.5368305750481643,1,2,3,1,2,3,1.0,1.0,1.0,1
T060,2025-06-09,23,10.0,1,1,13.0,4,0.8513120868829819,0.12616609008252674,-1.5368305750481643,2,6,8,1,5,6,0.5,0.8333333333333334,0.75,1
T060,2025-06-16,24,10.0,1,1,14.0,4,0.8513120868829819,0.12616609008252674,-1.5368305750481643,1,0,1,1,0,1,1.0,,1.0,0
T060,2025-06-23,25,10.0,1,1,15.0,4,0.8513120868829819,0.12616609008252674,-1.5368305750481643,2,1,3,2,1,3,1.0,1.0,1.0,1
T060,2025-06-30,26,10.0,1,1,16.0,4,0.8513120868829819,0.12616609008252674,-1.5368305750481643,1,2,3,1,2,3,1.0,1.0,1.0,1
T060,2025-07-07,27,10.0,1,1,17.0,4,0.8513120868829819,0.12616609008252674,-1.5368305750481643,2,2,4,1,2,3,0.5,1.0,0.75,1
T060,2025-07-14,28,10.0,1,1,18.0,4,0.8513120868829819,0.12616609008252674,-1.5368305750481643,0,2,2,0,2,2,,1.0,1.0,0
T060,2025-07-21,29,10.0,1,1,19.0,4,0.8513120868829819,0.12616609008252674,-1.5368305750481643,3,1,4,2,0,2,0.6666666666666666,0.0,0.5,1
T060,2025-07-28,30,10.0,1,1,20.0,4,0.8513120868829819,0.12616609008252674,-1.5368305750481643,2,1,3,2,1,3,1.0,1.0,1.0,1
T061,2025-01-06,1,12.0,0,0,-11.0,6,0.5924847631273725,0.35240338429547763,2.3236441825139647,5,9,14,5,8,13,1.0,0.8888888888888888,0.9285714285714286,1
T061,2025-01-13,2,12.0,0,0,-10.0,6,0.5924847631273725,0.35240338429547763,2.3236441825139647,9,4,13,8,4,12,0.8888888888888888,1.0,0.9230769230769231,1
T061,2025-01-20,3,12.0,0,0,-9.0,6,0.5924847631273725,0.35240338429547763,2.3236441825139647,3,5,8,3,4,7,1.0,0.8,0.875,1
T061,2025-01-27,4,12.0,0,0,-8.0,6,0.5924847631273725,0.35240338429547763,2.3236441825139647,3,10,13,3,9,12,1.0,0.9,0.9230769230769231,1
T061,2025-02-03,5,12.0,0,0,-7.0,6,0.5924847631273725,0.35240338429547763,2.3236441825139647,8,12,20,6,10,16,0.75,0.8333333333333334,0.8,1
T061,2025-02-10,6,12.0,0,0,-6.0,6,0.5924847631273725,0.35240338429547763,2.3236441825139647,8,8,16,7,8,15,0.875,1.0,0.9375,1
T061,2025-02-17,7,12.0,0,0,-5.0,6,0.5924847631273725,0.35240338429547763,2.3236441825139647,5,3,8,4,3,7,0.8,1.0,0.875,1
T061,2025-02-24,8,12.0,0,0,-4.0,6,0.5924847631273725,0.35240338429547763,2.3236441825139647,11,4,15,10,4,14,0.9090909090909091,1.0,0.9333333333333333,1
T061,2025-03-03,9,12.0,0,0,-3.0,6,0.5924847631273725,0.35240338429547763,2.3236441825139647,7,5,12,6,4,10,0.8571428571428571,0.8,0.8333333333333334,1
T061,2025-03-10,10,12.0,0,0,-2.0,6,0.5924847631273725,0.35240338429547763,2.3236441825139647,11,5,16,11,5,16,1.0,1.0,1.0,1
T061,2025-03-17,11,12.0,0,0,-1.0,6,0.5924847631273725,0.35240338429547763,2.3236441825139647,6,6,12,6,6,12,1.0,1.0,1.0,1
T061,2025-03-24,12,12.0,1,1,0.0,6,0.5924847631273725,0.35240338429547763,2.3236441825139647,6,6,12,5,6,11,0.8333333333333334,1.0,0.9166666666666666,1
T061,2025-03-31,13,12.0,1,1,1.0,6,0.5924847631273725,0.35240338429547763,2.3236441825139647,11,16,27,9,16,25,0.8181818181818182,1.0,0.9259259259259259,1
T061,2025-04-07,14,12.0,1,1,2.0,6,0.5924847631273725,0.35240338429547763,2.3236441825139647,7,13,20,6,8,14,0.8571428571428571,0.6153846153846154,0.7,1
T061,2025-04-14,15,12.0,1,1,3.0,6,0.5924847631273725,0.35240338429547763,2.3236441825139647,5,14,19,5,13,18,1.0,0.9285714285714286,0.9473684210526315,1
T061,2025-04-21,16,12.0,1,1,4.0,6,0.5924847631273725,0.35240338429547763,2.3236441825139647,13,3,16,10,3,13,0.7692307692307693,1.0,0.8125,1
T061,2025-04-28,17,12.0,1,1,5.0,6,0.5924847631273725,0.35240338429547763,2.3236441825139647,4,10,14,4,9,13,1.0,0.9,0.9285714285714286,1
T061,2025-05-05,18,12.0,1,1,6.0,6,0.5924847631273725,0.35240338429547763,2.3236441825139647,12,16,28,12,16,28,1.0,1.0,1.0,1
T061,2025-05-12,19,12.0,1,1,7.0,6,0.5924847631273725,0.35240338429547763,2.3236441825139647,6,14,20,6,12,18,1.0,0.8571428571428571,0.9,1
T061,2025-05-19,20,12.0,1,1,8.0,6,0.5924847631273725,0.35240338429547763,2.3236441825139647,5,9,14,5,8,13,1.0,0.8888888888888888,0.9285714285714286,1
T061,2025-05-26,21,12.0,1,1,9.0,6,0.5924847631273725,0.35240338429547763,2.3236441825139647,8,10,18,7,6,13,0.875,0.6,0.7222222222222222,1
T061,2025-06-02,22,12.0,1,1,10.0,6,0.5924847631273725,0.35240338429547763,2.3236441825139647,3,5,8,2,5,7,0.6666666666666666,1.0,0.875,1
T061,2025-06-09,23,12.0,1,1,11.0,6,0.5924847631273725,0.35240338429547763,2.3236441825139647,8,13,21,8,12,20,1.0,0.9230769230769231,0.9523809523809523,1
T061,2025-06-16,24,12.0,1,1,12.0,6,0.5924847631273725,0.35240338429547763,2.3236441825139647,6,15,21,6,12,18,1.0,0.8,0.8571428571428571,1
T061,2025-06-23,25,12.0,1,1,13.0,6,0.5924847631273725,0.35240338429547763,2.3236441825139647,4,5,9,4,4,8,1.0,0.8,0.8888888888888888,1
T061,2025-06-30,26,12.0,1,1,14.0,6,0.5924847631273725,0.35240338429547763,2.3236441825139647,5,6,11,5,5,10,1.0,0.8333333333333334,0.9090909090909091,1
T061,2025-07-07,27,12.0,1,1,15.0,6,0.5924847631273725,0.35240338429547763,2.3236441825139647,5,8,13,5,7,12,1.0,0.875,0.9230769230769231,1
T061,2025-07-14,28,12.0,1,1,16.0,6,0.5924847631273725,0.35240338429547763,2.3236441825139647,7,7,14,6,7,13,0.8571428571428571,1.0,0.9285714285714286,1
T061,2025-07-21,29,12.0,1,1,17.0,6,0.5924847631273725,0.35240338429547763,2.3236441825139647,6,10,16,6,7,13,1.0,0.7,0.8125,1
T061,2025-07-28,30,12.0,1,1,18.0,6,0.5924847631273725,0.35240338429547763,2.3236441825139647,8,7,15,8,7,15,1.0,1.0,1.0,1
T062,2025-01-06,1,,0,0,,12,0.11056799532610487,0.4418733650772974,1.864408147172537,21,12,33,20,12,32,0.9523809523809523,1.0,0.9696969696969697,1
T062,2025-01-13,2,,0,0,,12,0.11056799532610487,0.4418733650772974,1.864408147172537,7,17,24,6,17,23,0.8571428571428571,1.0,0.9583333333333334,1
T062,2025-01-20,3,,0,0,,12,0.11056799532610487,0.4418733650772974,1.864408147172537,12,12,24,10,11,21,0.8333333333333334,0.9166666666666666,0.875,1
T062,2025-01-27,4,,0,0,,12,0.11056799532610487,0.4418733650772974,1.864408147172537,27,19,46,25,17,42,0.9259259259259259,0.8947368421052632,0.9130434782608695,1
T062,2025-02-03,5,,0,0,,12,0.11056799532610487,0.4418733650772974,1.864408147172537,16,17,33,15,16,31,0.9375,0.9411764705882353,0.9393939393939394,1
T062,2025-02-10,6,,0,0,,12,0.11056799532610487,0.4418733650772974,1.864408147172537,13,8,21,12,4,16,0.9230769230769231,0.5,0.7619047619047619,1
T062,2025-02-17,7,,0,0,,12,0.11056799532610487,0.4418733650772974,1.864408147172537,21,19,40,21,17,38,1.0,0.8947368421052632,0.95,1
T062,2025-02-24,8,,0,0,,12,0.11056799532610487,0.4418733650772974,1.864408147172537,12,14,26,11,13,24,0.9166666666666666,0.9285714285714286,0.9230769230769231,1
T062,2025-03-03,9,,0,0,,12,0.11056799532610487,0.4418733650772974,1.864408147172537,14,14,28,13,10,23,0.9285714285714286,0.7142857142857143,0.8214285714285714,1
T062,2025-03-10,10,,0,0,,12,0.11056799532610487,0.4418733650772974,1.864408147172537,16,11,27,13,9,22,0.8125,0.8181818181818182,0.8148148148148148,1
T062,2025-03-17,11,,0,0,,12,0.11056799532610487,0.4418733650772974,1.864408147172537,14,22,36,13,21,34,0.9285714285714286,0.9545454545454546,0.9444444444444444,1
T062,2025-03-24,12,,0,0,,12,0.11056799532610487,0.4418733650772974,1.864408147172537,10,9,19,9,9,18,0.9,1.0,0.9473684210526315,1
T062,2025-03-31,13,,0,0,,12,0.11056799532610487,0.4418733650772974,1.864408147172537,8,7,15,8,7,15,1.0,1.0,1.0,1
T062,2025-04-07,14,,0,0,,12,0.11056799532610487,0.4418733650772974,1.864408147172537,10,14,24,9,13,22,0.9,0.9285714285714286,0.9166666666666666,1
T062,2025-04-14,15,,0,0,,12,0.11056799532610487,0.4418733650772974,1.864408147172537,11,16,27,11,14,25,1.0,0.875,0.9259259259259259,1
T062,2025-04-21,16,,0,0,,12,0.11056799532610487,0.4418733650772974,1.864408147172537,4,10,14,3,10,13,0.75,1.0,0.9285714285714286,1
T062,2025-04-28,17,,0,0,,12,0.11056799532610487,0.4418733650772974,1.864408147172537,7,11,18,7,11,18,1.0,1.0,1.0,1
T062,2025-05-05,18,,0,0,,12,0.11056799532610487,0.4418733650772974,1.864408147172537,20,17,37,20,14,34,1.0,0.8235294117647058,0.918918918918919,1
T062,2025-05-12,19,,0,0,,12,0.11056799532610487,0.4418733650772974,1.864408147172537,13,21,34,13,19,32,1.0,0.9047619047619048,0.9411764705882353,1
T062,2025-05-19,20,,0,0,,12,0.11056799532610487,0.4418733650772974,1.864408147172537,10,8,18,9,8,17,0.9,1.0,0.9444444444444444,1
T062,2025-05-26,21,,0,0,,12,0.11056799532610487,0.4418733650772974,1.864408147172537,4,19,23,4,18,22,1.0,0.9473684210526315,0.9565217391304348,1
T062,2025-06-02,22,,0,0,,12,0.11056799532610487,0.4418733650772974,1.864408147172537,4,13,17,4,11,15,1.0,0.8461538461538461,0.8823529411764706,1
T062,2025-06-09,23,,0,0,,12,0.11056799532610487,0.4418733650772974,1.864408147172537,13,27,40,13,26,39,1.0,0.9629629629629629,0.975,1
T062,2025-06-16,24,,0,0,,12,0.11056799532610487,0.4418733650772974,1.864408147172537,10,20,30,9,18,27,0.9,0.9,0.9,1
T062,2025-06-23,25,,0,0,,12,0.11056799532610487,0.4418733650772974,1.864408147172537,17,15,32,15,14,29,0.8823529411764706,0.9333333333333333,0.90625,1
T062,2025-06-30,26,,0,0,,12,0.11056799532610487,0.4418733650772974,1.864408147172537,12,15,27,11,13,24,0.9166666666666666,0.8666666666666667,0.8888888888888888,1
T062,2025-07-07,27,,0,0,,12,0.11056799532610487,0.4418733650772974,1.864408147172537,20,24,44,18,22,40,0.9,0.9166666666666666,0.9090909090909091,1
T062,2025-07-14,28,,0,0,,12,0.11056799532610487,0.4418733650772974,1.864408147172537,10,20,30,10,18,28,1.0,0.9,0.9333333333333333,1
T062,2025-07-21,29,,0,0,,12,0.11056799532610487,0.4418733650772974,1.864408147172537,13,22,35,13,19,32,1.0,0.8636363636363636,0.9142857142857143,1
T062,2025-07-28,30,,0,0,,12,0.11056799532610487,0.4418733650772974,1.864408147172537,11,9,20,11,9,20,1.0,1.0,1.0,1
T063,2025-01-06,1,9.0,0,0,-8.0,8,0.26921269991807634,0.9241603913214896,0.5833073809701116,9,8,17,7,7,14,0.7777777777777778,0.875,0.8235294117647058,1
T063,2025-01-13,2,9.0,0,0,-7.0,8,0.26921269991807634,0.9241603913214896,0.5833073809701116,6,6,12,4,5,9,0.6666666666666666,0.8333333333333334,0.75,1
T063,2025-01-20,3,9.0,0,0,-6.0,8,0.26921269991807634,0.9241603913214896,0.5833073809701116,11,9,20,9,8,17,0.8181818181818182,0.8888888888888888,0.85,1
T063,2025-01-27,4,9.0,0,0,-5.0,8,0.26921269991807634,0.9241603913214896,0.5833073809701116,4,10,14,4,8,12,1.0,0.8,0.8571428571428571,1
T063,2025-02-03,5,9.0,0,0,-4.0,8,0.26921269991807634,0.9241603913214896,0.5833073809701116,3,1,4,2,1,3,0.6666666666666666,1.0,0.75,1
T063,2025-02-10,6,9.0,0,0,-3.0,8,0.26921269991807634,0.9241603913214896,0.5833073809701116,6,12,18,6,12,18,1.0,1.0,1.0,1
T063,2025-02-17,7,9.0,0,0,-2.0,8,0.26921269991807634,0.9241603913214896,0.5833073809701116,8,9,17,7,8,15,0.875,0.8888888888888888,0.8823529411764706,1
T063,2025-02-24,8,9.0,0,0,-1.0,8,0.26921269991807634,0.9241603913214896,0.5833073809701116,5,9,14,4,6,10,0.8,0.6666666666666666,0.7142857142857143,1
T063,2025-03-03,9,9.0,1,1,0.0,8,0.26921269991807634,0.9241603913214896,0.5833073809701116,7,7,14,7,7,14,1.0,1.0,1.0,1
T063,2025-03-10,10,9.0,1,1,1.0,8,0.26921269991807634,0.9241603913214896,0.5833073809701116,2,3,5,2,2,4,1.0,0.6666666666666666,0.8,1
T063,2025-03-17,11,9.0,1,1,2.0,8,0.26921269991807634,0.9241603913214896,0.5833073809701116,9,11,20,9,11,20,1.0,1.0,1.0,1
T063,2025-03-24,12,9.0,1,1,3.0,8,0.26921269991807634,0.9241603913214896,0.5833073809701116,7,4,11,7,4,11,1.0,1.0,1.0,1
T063,2025-03-31,13,9.0,1,1,4.0,8,0.26921269991807634,0.9241603913214896,0.5833073809701116,7,9,16,6,8,14,0.8571428571428571,0.8888888888888888,0.875,1
T063,2025-04-07,14,9.0,1,1,5.0,8,0.26921269991807634,0.9241603913214896,0.5833073809701116,6,5,11,5,5,10,0.8333333333333334,1.0,0.9090909090909091,1
T063,2025-04-14,15,9.0,1,1,6.0,8,0.26921269991807634,0.9241603913214896,0.5833073809701116,5,10,15,3,7,10,0.6,0.7,0.6666666666666666,1
T063,2025-04-21,16,9.0,1,1,7.0,8,0.26921269991807634,0.9241603913214896,0.5833073809701116,5,12,17,5,11,16,1.0,0.9166666666666666,0.9411764705882353,1
T063,2025-04-28,17,9.0,1,1,8.0,8,0.26921269991807634,0.9241603913214896,0.5833073809701116,6,3,9,6,3,9,1.0,1.0,1.0,1
T063,2025-05-05,18,9.0,1,1,9.0,8,0.26921269991807634,0.9241603913214896,0.5833073809701116,5,6,11,3,5,8,0.6,0.8333333333333334,0.7272727272727273,1
T063,2025-05-12,19,9.0,1,1,10.0,8,0.26921269991807634,0.9241603913214896,0.5833073809701116,5,8,13,4,8,12,0.8,1.0,0.9230769230769231,1
T063,2025-05-19,20,9.0,1,1,11.0,8,0.26921269991807634,0.9241603913214896,0.5833073809701116,8,6,14,8,6,14,1.0,1.0,1.0,1
T063,2025-05-26,21,9.0,1,1,12.0,8,0.26921269991807634,0.9241603913214896,0.5833073809701116,3,8,11,3,8,11,1.0,1.0,1.0,1
T063,2025-06-02,22,9.0,1,1,13.0,8,0.26921269991807634,0.9241603913214896,0.5833073809701116,7,5,12,6,4,10,0.8571428571428571,0.8,0.8333333333333334,1
T063,2025-06-09,23,9.0,1,1,14.0,8,0.26921269991807634,0.9241603913214896,0.5833073809701116,7,12,19,6,12,18,0.8571428571428571,1.0,0.9473684210526315,1
T063,2025-06-16,24,9.0,1,1,15.0,8,0.26921269991807634,0.9241603913214896,0.5833073809701116,5,3,8,5,2,7,1.0,0.6666666666666666,0.875,1
T063,2025-06-23,25,9.0,1,1,16.0,8,0.26921269991807634,0.9241603913214896,0.5833073809701116,4,8,12,1,8,9,0.25,1.0,0.75,1
T063,2025-06-30,26,9.0,1,1,17.0,8,0.26921269991807634,0.9241603913214896,0.5833073809701116,6,13,19,3,10,13,0.5,0.7692307692307693,0.6842105263157895,1
T063,2025-07-07,27,9.0,1,1,18.0,8,0.26921269991807634,0.9241603913214896,0.5833073809701116,7,12,19,6,11,17,0.8571428571428571,0.9166666666666666,0.8947368421052632,1
T063,2025-07-14,28,9.0,1,1,19.0,8,0.26921269991807634,0.9241603913214896,0.5833073809701116,5,15,20,4,12,16,0.8,0.8,0.8,1
T063,2025-07-21,29,9.0,1,1,20.0,8,0.26921269991807634,0.9241603913214896,0.5833073809701116,8,10,18,6,9,15,0.75,0.9,0.8333333333333334,1
T063,2025-07-28,30,9.0,1,1,21.0,8,0.26921269991807634,0.9241603913214896,0.5833073809701116,4,6,10,4,5,9,1.0,0.8333333333333334,0.9,1
T064,2025-01-06,1,,0,0,,13,0.6814485677824926,0.7031462892686121,-0.962404492641895,4,5,9,4,4,8,1.0,0.8,0.8888888888888888,1
T064,2025-01-13,2,,0,0,,13,0.6814485677824926,0.7031462892686121,-0.962404492641895,5,9,14,3,8,11,0.6,0.8888888888888888,0.7857142857142857,1
T064,2025-01-20,3,,0,0,,13,0.6814485677824926,0.7031462892686121,-0.962404492641895,11,5,16,10,5,15,0.9090909090909091,1.0,0.9375,1
T064,2025-01-27,4,,0,0,,13,0.6814485677824926,0.7031462892686121,-0.962404492641895,6,5,11,6,5,11,1.0,1.0,1.0,1
T064,2025-02-03,5,,0,0,,13,0.6814485677824926,0.7031462892686121,-0.962404492641895,2,6,8,2,4,6,1.0,0.6666666666666666,0.75,1
T064,2025-02-10,6,,0,0,,13,0.6814485677824926,0.7031462892686121,-0.962404492641895,6,5,11,5,3,8,0.8333333333333334,0.6,0.7272727272727273,1
T064,2025-02-17,7,,0,0,,13,0.6814485677824926,0.7031462892686121,-0.962404492641895,5,9,14,3,7,10,0.6,0.7777777777777778,0.7142857142857143,1
T064,2025-02-24,8,,0,0,,13,0.6814485677824926,0.7031462892686121,-0.962404492641895,7,8,15,5,8,13,0.7142857142857143,1.0,0.8666666666666667,1
T064,2025-03-03,9,,0,0,,13,0.6814485677824926,0.7031462892686121,-0.962404492641895,6,4,10,5,3,8,0.8333333333333334,0.75,0.8,1
T064,2025-03-10,10,,0,0,,13,0.6814485677824926,0.7031462892686121,-0.962404492641895,9,9,18,5,8,13,0.5555555555555556,0.8888888888888888,0.7222222222222222,1
T064,2025-03-17,11,,0,0,,13,0.6814485677824926,0.7031462892686121,-0.962404492641895,4,2,6,2,2,4,0.5,1.0,0.6666666666666666,1
T064,2025-03-24,12,,0,0,,13,0.6814485677824926,0.7031462892686121,-0.962404492641895,5,2,7,4,1,5,0.8,0.5,0.7142857142857143,1
T064,2025-03-31,13,,0,0,,13,0.6814485677824926,0.7031462892686121,-0.962404492641895,11,15,26,8,12,20,0.7272727272727273,0.8,0.7692307692307693,1
T064,2025-04-07,14,,0,0,,13,0.6814485677824926,0.7031462892686121,-0.962404492641895,3,9,12,2,8,10,0.6666666666666666,0.8888888888888888,0.8333333333333334,1
T064,2025-04-14,15,,0,0,,13,0.6814485677824926,0.7031462892686121,-0.962404492641895,5,1,6,5,1,6,1.0,1.0,1.0,1
T064,2025-04-21,16,,0,0,,13,0.6814485677824926,0.7031462892686121,-0.962404492641895,5,7,12,1,4,5,0.2,0.5714285714285714,0.4166666666666667,1
T064,2025-04-28,17,,0,0,,13,0.6814485677824926,0.7031462892686121,-0.962404492641895,5,7,12,4,6,10,0.8,0.8571428571428571,0.8333333333333334,1
T064,2025-05-05,18,,0,0,,13,0.6814485677824926,0.7031462892686121,-0.962404492641895,8,8,16,7,8,15,0.875,1.0,0.9375,1
T064,2025-05-12,19,,0,0,,13,0.6814485677824926,0.7031462892686121,-0.962404492641895,7,4,11,4,3,7,0.5714285714285714,0.75,0.6363636363636364,1
T064,2025-05-19,20,,0,0,,13,0.6814485677824926,0.7031462892686121,-0.962404492641895,6,7,13,3,6,9,0.5,0.8571428571428571,0.6923076923076923,1
T064,2025-05-26,21,,0,0,,13,0.6814485677824926,0.7031462892686121,-0.962404492641895,1,7,8,1,6,7,1.0,0.8571428571428571,0.875,1
T064,2025-06-02,22,,0,0,,13,0.6814485677824926,0.7031462892686121,-0.962404492641895,5,9,14,5,7,12,1.0,0.7777777777777778,0.8571428571428571,1
T064,2025-06-09,23,,0,0,,13,0.6814485677824926,0.7031462892686121,-0.962404492641895,5,7,12,4,7,11,0.8,1.0,0.9166666666666666,1
T064,2025-06-16,24,,0,0,,13,0.6814485677824926,0.7031462892686121,-0.962404492641895,5,10,15,5,9,14,1.0,0.9,0.9333333333333333,1
T064,2025-06-23,25,,0,0,,13,0.6814485677824926,0.7031462892686121,-0.962404492641895,2,5,7,1,4,5,0.5,0.8,0.7142857142857143,1
T064,2025-06-30,26,,0,0,,13,0.6814485677824926,0.7031462892686121,-0.962404492641895,4,10,14,2,6,8,0.5,0.6,0.5714285714285714,1
T064,2025-07-07,27,,0,0,,13,0.6814485677824926,0.7031462892686121,-0.962404492641895,2,7,9,1,5,6,0.5,0.7142857142857143,0.6666666666666666,1
T064,2025-07-14,28,,0,0,,13,0.6814485677824926,0.7031462892686121,-0.962404492641895,1,6,7,1,4,5,1.0,0.6666666666666666,0.7142857142857143,1
T064,2025-07-21,29,,0,0,,13,0.6814485677824926,0.7031462892686121,-0.962404492641895,12,16,28,11,14,25,0.9166666666666666,0.875,0.8928571428571429,1
T064,2025-07-28,30,,0,0,,13,0.6814485677824926,0.7031462892686121,-0.962404492641895,6,8,14,6,5,11,1.0,0.625,0.7857142857142857,1
T065,2025-01-06,1,,0,0,,13,0.6547472705434733,0.4255656678229133,0.5337983126184779,4,7,11,3,6,9,0.75,0.8571428571428571,0.8181818181818182,1
T065,2025-01-13,2,,0,0,,13,0.6547472705434733,0.4255656678229133,0.5337983126184779,8,13,21,7,10,17,0.875,0.7692307692307693,0.8095238095238095,1
T065,2025-01-20,3,,0,0,,13,0.6547472705434733,0.4255656678229133,0.5337983126184779,14,14,28,13,11,24,0.9285714285714286,0.7857142857142857,0.8571428571428571,1
T065,2025-01-27,4,,0,0,,13,0.6547472705434733,0.4255656678229133,0.5337983126184779,13,14,27,11,14,25,0.8461538461538461,1.0,0.9259259259259259,1
T065,2025-02-03,5,,0,0,,13,0.6547472705434733,0.4255656678229133,0.5337983126184779,8,5,13,6,5,11,0.75,1.0,0.8461538461538461,1
T065,2025-02-10,6,,0,0,,13,0.6547472705434733,0.4255656678229133,0.5337983126184779,15,8,23,14,7,21,0.9333333333333333,0.875,0.9130434782608695,1
T065,2025-02-17,7,,0,0,,13,0.6547472705434733,0.4255656678229133,0.5337983126184779,6,8,14,6,8,14,1.0,1.0,1.0,1
T065,2025-02-24,8,,0,0,,13,0.6547472705434733,0.4255656678229133,0.5337983126184779,9,11,20,7,10,17,0.7777777777777778,0.9090909090909091,0.85,1
T065,2025-03-03,9,,0,0,,13,0.6547472705434733,0.4255656678229133,0.5337983126184779,19,9,28,14,5,19,0.7368421052631579,0.5555555555555556,0.6785714285714286,1
T065,2025-03-10,10,,0,0,,13,0.6547472705434733,0.4255656678229133,0.5337983126184779,8,9,17,8,6,14,1.0,0.6666666666666666,0.8235294117647058,1
T065,2025-03-17,11,,0,0,,13,0.6547472705434733,0.4255656678229133,0.5337983126184779,11,9,20,10,9,19,0.9090909090909091,1.0,0.95,1
T065,2025-03-24,12,,0,0,,13,0.6547472705434733,0.4255656678229133,0.5337983126184779,8,9,17,5,7,12,0.625,0.7777777777777778,0.7058823529411765,1
T065,2025-03-31,13,,0,0,,13,0.6547472705434733,0.4255656678229133,0.5337983126184779,6,5,11,5,5,10,0.8333333333333334,1.0,0.9090909090909091,1
T065,2025-04-07,14,,0,0,,13,0.6547472705434733,0.4255656678229133,0.5337983126184779,5,12,17,4,8,12,0.8,0.6666666666666666,0.7058823529411765,1
T065,2025-04-14,15,,0,0,,13,0.6547472705434733,0.4255656678229133,0.5337983126184779,5,5,10,4,5,9,0.8,1.0,0.9,1
T065,2025-04-21,16,,0,0,,13,0.6547472705434733,0.4255656678229133,0.5337983126184779,11,12,23,8,8,16,0.7272727272727273,0.6666666666666666,0.6956521739130435,1
T065,2025-04-28,17,,0,0,,13,0.6547472705434733,0.4255656678229133,0.5337983126184779,9,11,20,9,10,19,1.0,0.9090909090909091,0.95,1
T065,2025-05-05,18,,0,0,,13,0.6547472705434733,0.4255656678229133,0.5337983126184779,7,17,24,5,14,19,0.7142857142857143,0.8235294117647058,0.7916666666666666,1
T065,2025-05-12,19,,0,0,,13,0.6547472705434733,0.4255656678229133,0.5337983126184779,4,6,10,3,4,7,0.75,0.6666666666666666,0.7,1
T065,2025-05-19,20,,0,0,,13,0.6547472705434733,0.4255656678229133,0.5337983126184779,11,16,27,9,12,21,0.8181818181818182,0.75,0.7777777777777778,1
T065,2025-05-26,21,,0,0,,13,0.6547472705434733,0.4255656678229133,0.5337983126184779,5,12,17,5,12,17,1.0,1.0,1.0,1
T065,2025-06-02,22,,0,0,,13,0.6547472705434733,0.4255656678229133,0.5337983126184779,7,11,18,6,11,17,0.8571428571428571,1.0,0.9444444444444444,1
T065,2025-06-09,23,,0,0,,13,0.6547472705434733,0.4255656678229133,0.5337983126184779,13,19,32,11,15,26,0.8461538461538461,0.7894736842105263,0.8125,1
T065,2025-06-16,24,,0,0,,13,0.6547472705434733,0.4255656678229133,0.5337983126184779,7,12,19,7,12,19,1.0,1.0,1.0,1
T065,2025-06-23,25,,0,0,,13,0.6547472705434733,0.4255656678229133,0.5337983126184779,9,10,19,8,9,17,0.8888888888888888,0.9,0.8947368421052632,1
T065,2025-06-30,26,,0,0,,13,0.6547472705434733,0.4255656678229133,0.5337983126184779,5,13,18,5,10,15,1.0,0.7692307692307693,0.8333333333333334,1
T065,2025-07-07,27,,0,0,,13,0.6547472705434733,0.4255656678229133,0.5337983126184779,10,15,25,8,11,19,0.8,0.7333333333333333,0.76,1
T065,2025-07-14,28,,0,0,,13,0.6547472705434733,0.4255656678229133,0.5337983126184779,4,12,16,2,10,12,0.5,0.8333333333333334,0.75,1
T065,2025-07-21,29,,0,0,,13,0.6547472705434733,0.4255656678229133,0.5337983126184779,4,6,10,2,5,7,0.5,0.8333333333333334,0.7,1
T065,2025-07-28,30,,0,0,,13,0.6547472705434733,0.4255656678229133,0.5337983126184779,14,13,27,11,10,21,0.7857142857142857,0.7692307692307693,0.7777777777777778,1
T066,2025-01-06,1,7.0,0,0,-6.0,12,0.38218421816376835,0.5919200390613514,3.008001302995016,10,13,23,10,11,21,1.0,0.8461538461538461,0.9130434782608695,1
T066,2025-01-13,2,7.0,0,0,-5.0,12,0.38218421816376835,0.5919200390613514,3.008001302995016,12,19,31,11,17,28,0.9166666666666666,0.8947368421052632,0.9032258064516129,1
T066,2025-01-20,3,7.0,0,0,-4.0,12,0.38218421816376835,0.5919200390613514,3.008001302995016,12,22,34,11,21,32,0.9166666666666666,0.9545454545454546,0.9411764705882353,1
T066,2025-01-27,4,7.0,0,0,-3.0,12,0.38218421816376835,0.5919200390613514,3.008001302995016,11,10,21,11,10,21,1.0,1.0,1.0,1
T066,2025-02-03,5,7.0,0,0,-2.0,12,0.38218421816376835,0.5919200390613514,3.008001302995016,15,14,29,13,13,26,0.8666666666666667,0.9285714285714286,0.896551724137931,1
T066,2025-02-10,6,7.0,0,0,-1.0,12,0.38218421816376835,0.5919200390613514,3.008001302995016,17,14,31,14,13,27,0.8235294117647058,0.9285714285714286,0.8709677419354839,1
T066,2025-02-17,7,7.0,1,1,0.0,12,0.38218421816376835,0.5919200390613514,3.008001302995016,28,16,44,26,16,42,0.9285714285714286,1.0,0.9545454545454546,1
T066,2025-02-24,8,7.0,1,1,1.0,12,0.38218421816376835,0.5919200390613514,3.008001302995016,10,10,20,9,8,17,0.9,0.8,0.85,1
T066,2025-03-03,9,7.0,1,1,2.0,12,0.38218421816376835,0.5919200390613514,3.008001302995016,11,12,23,10,10,20,0.9090909090909091,0.8333333333333334,0.8695652173913043,1
T066,2025-03-10,10,7.0,1,1,3.0,12,0.38218421816376835,0.5919200390613514,3.008001302995016,18,20,38,17,18,35,0.9444444444444444,0.9,0.9210526315789473,1
T066,2025-03-17,11,7.0,1,1,4.0,12,0.38218421816376835,0.5919200390613514,3.008001302995016,22,16,38,20,12,32,0.9090909090909091,0.75,0.8421052631578947,1
T066,2025-03-24,12,7.0,1,1,5.0,12,0.38218421816376835,0.5919200390613514,3.008001302995016,7,8,15,7,7,14,1.0,0.875,0.9333333333333333,1
T066,2025-03-31,13,7.0,1,1,6.0,12,0.38218421816376835,0.5919200390613514,3.008001302995016,13,9,22,11,8,19,0.8461538461538461,0.8888888888888888,0.8636363636363636,1
T066,2025-04-07,14,7.0,1,1,7.0,12,0.38218421816376835,0.5919200390613514,3.008001302995016,27,29,56,24,27,51,0.8888888888888888,0.9310344827586207,0.9107142857142857,1
T066,2025-04-14,15,7.0,1,1,8.0,12,0.38218421816376835,0.5919200390613514,3.008001302995016,10,10,20,10,10,20,1.0,1.0,1.0,1
T066,2025-04-21,16,7.0,1,1,9.0,12,0.38218421816376835,0.5919200390613514,3.008001302995016,7,13,20,6,13,19,0.8571428571428571,1.0,0.95,1
T066,2025-04-28,17,7.0,1,1,10.0,12,0.38218421816376835,0.5919200390613514,3.008001302995016,18,13,31,18,11,29,1.0,0.8461538461538461,0.9354838709677419,1
T066,2025-05-05,18,7.0,1,1,11.0,12,0.38218421816376835,0.5919200390613514,3.008001302995016,21,24,45,19,23,42,0.9047619047619048,0.9583333333333334,0.9333333333333333,1
T066,2025-05-12,19,7.0,1,1,12.0,12,0.38218421816376835,0.5919200390613514,3.008001302995016,13,12,25,12,12,24,0.9230769230769231,1.0,0.96,1
T066,2025-05-19,20,7.0,1,1,13.0,12,0.38218421816376835,0.5919200390613514,3.008001302995016,15,14,29,14,13,27,0.9333333333333333,0.9285714285714286,0.9310344827586207,1
T066,2025-05-26,21,7.0,1,1,14.0,12,0.38218421816376835,0.5919200390613514,3.008001302995016,21,25,46,20,25,45,0.9523809523809523,1.0,0.9782608695652174,1
T066,2025-06-02,22,7.0,1,1,15.0,12,0.38218421816376835,0.5919200390613514,3.008001302995016,6,16,22,6,15,21,1.0,0.9375,0.9545454545454546,1
T066,2025-06-09,23,7.0,1,1,16.0,12,0.38218421816376835,0.5919200390613514,3.008001302995016,12,23,35,11,21,32,0.9166666666666666,0.9130434782608695,0.9142857142857143,1
T066,2025-06-16,24,7.0,1,1,17.0,12,0.38218421816376835,0.5919200390613514,3.008001302995016,16,14,30,15,11,26,0.9375,0.7857142857142857,0.8666666666666667,1
T066,2025-06-23,25,7.0,1,1,18.0,12,0.38218421816376835,0.5919200390613514,3.008001302995016,23,26,49,23,25,48,1.0,0.9615384615384616,0.9795918367346939,1
T066,2025-06-30,26,7.0,1,1,19.0,12,0.38218421816376835,0.5919200390613514,3.008001302995016,26,37,63,22,31,53,0.8461538461538461,0.8378378378378378,0.8412698412698413,1
T066,2025-07-07,27,7.0,1,1,20.0,12,0.38218421816376835,0.5919200390613514,3.008001302995016,14,19,33,13,18,31,0.9285714285714286,0.9473684210526315,0.9393939393939394,1
T066,2025-07-14,28,7.0,1,1,21.0,12,0.38218421816376835,0.5919200390613514,3.008001302995016,17,18,35,15,16,31,0.8823529411764706,0.8888888888888888,0.8857142857142857,1
T066,2025-07-21,29,7.0,1,1,22.0,12,0.38218421816376835,0.5919200390613514,3.008001302995016,24,18,42,21,15,36,0.875,0.8333333333333334,0.8571428571428571,1
T066,2025-07-28,30,7.0,1,1,23.0,12,0.38218421816376835,0.5919200390613514,3.008001302995016,13,16,29,13,16,29,1.0,1.0,1.0,1
T067,2025-01-06,1,8.0,0,0,-7.0,11,0.9469369759707903,0.6968184884682749,0.4639858642849928,7,13,20,7,12,19,1.0,0.9230769230769231,0.95,1
T067,2025-01-13,2,8.0,0,0,-6.0,11,0.9469369759707903,0.6968184884682749,0.4639858642849928,5,9,14,5,9,14,1.0,1.0,1.0,1
T067,2025-01-20,3,8.0,0,0,-5.0,11,0.9469369759707903,0.6968184884682749,0.4639858642849928,2,9,11,2,8,10,1.0,0.8888888888888888,0.9090909090909091,1
T067,2025-01-27,4,8.0,0,0,-4.0,11,0.9469369759707903,0.6968184884682749,0.4639858642849928,10,12,22,7,11,18,0.7,0.9166666666666666,0.8181818181818182,1
T067,2025-02-03,5,8.0,0,0,-3.0,11,0.9469369759707903,0.6968184884682749,0.4639858642849928,7,4,11,6,4,10,0.8571428571428571,1.0,0.9090909090909091,1
T067,2025-02-10,6,8.0,0,0,-2.0,11,0.9469369759707903,0.6968184884682749,0.4639858642849928,6,9,15,6,6,12,1.0,0.6666666666666666,0.8,1
T067,2025-02-17,7,8.0,0,0,-1.0,11,0.9469369759707903,0.6968184884682749,0.4639858642849928,10,14,24,9,13,22,0.9,0.9285714285714286,0.9166666666666666,1
T067,2025-02-24,8,8.0,1,1,0.0,11,0.9469369759707903,0.6968184884682749,0.4639858642849928,8,5,13,8,5,13,1.0,1.0,1.0,1
T067,2025-03-03,9,8.0,1,1,1.0,11,0.9469369759707903,0.6968184884682749,0.4639858642849928,10,8,18,10,5,15,1.0,0.625,0.8333333333333334,1
T067,2025-03-10,10,8.0,1,1,2.0,11,0.9469369759707903,0.6968184884682749,0.4639858642849928,12,7,19,9,6,15,0.75,0.8571428571428571,0.7894736842105263,1
T067,2025-03-17,11,8.0,1,1,3.0,11,0.9469369759707903,0.6968184884682749,0.4639858642849928,5,6,11,3,5,8,0.6,0.8333333333333334,0.7272727272727273,1
T067,2025-03-24,12,8.0,1,1,4.0,11,0.9469369759707903,0.6968184884682749,0.4639858642849928,10,6,16,6,4,10,0.6,0.6666666666666666,0.625,1
T067,2025-03-31,13,8.0,1,1,5.0,11,0.9469369759707903,0.6968184884682749,0.4639858642849928,9,4,13,9,4,13,1.0,1.0,1.0,1
T067,2025-04-07,14,8.0,1,1,6.0,11,0.9469369759707903,0.6968184884682749,0.4639858642849928,4,6,10,3,6,9,0.75,1.0,0.9,1
T067,2025-04-14,15,8.0,1,1,7.0,11,0.9469369759707903,0.6968184884682749,0.4639858642849928,8,13,21,7,12,19,0.875,0.9230769230769231,0.9047619047619048,1
T067,2025-04-21,16,8.0,1,1,8.0,11,0.9469369759707903,0.6968184884682749,0.4639858642849928,6,7,13,6,6,12,1.0,0.8571428571428571,0.9230769230769231,1
T067,2025-04-28,17,8.0,1,1,9.0,11,0.9469369759707903,0.6968184884682749,0.4639858642849928,6,2,8,5,2,7,0.8333333333333334,1.0,0.875,1
T067,2025-05-05,18,8.0,1,1,10.0,11,0.9469369759707903,0.6968184884682749,0.4639858642849928,7,13,20,7,12,19,1.0,0.9230769230769231,0.95,1
T067,2025-05-12,19,8.0,1,1,11.0,11,0.9469369759707903,0.6968184884682749,0.4639858642849928,6,5,11,6,5,11,1.0,1.0,1.0,1
T067,2025-05-19,20,8.0,1,1,12.0,11,0.9469369759707903,0.6968184884682749,0.4639858642849928,9,8,17,8,8,16,0.8888888888888888,1.0,0.9411764705882353,1
T067,2025-05-26,21,8.0,1,1,13.0,11,0.9469369759707903,0.6968184884682749,0.4639858642849928,4,8,12,3,8,11,0.75,1.0,0.9166666666666666,1
T067,2025-06-02,22,8.0,1,1,14.0,11,0.9469369759707903,0.6968184884682749,0.4639858642849928,9,6,15,8,5,13,0.8888888888888888,0.8333333333333334,0.8666666666666667,1
T067,2025-06-09,23,8.0,1,1,15.0,11,0.9469369759707903,0.6968184884682749,0.4639858642849928,14,11,25,13,11,24,0.9285714285714286,1.0,0.96,1
T067,2025-06-16,24,8.0,1,1,16.0,11,0.9469369759707903,0.6968184884682749,0.4639858642849928,3,6,9,3,6,9,1.0,1.0,1.0,1
T067,2025-06-23,25,8.0,1,1,17.0,11,0.9469369759707903,0.6968184884682749,0.4639858642849928,7,6,13,6,6,12,0.8571428571428571,1.0,0.9230769230769231,1
T067,2025-06-30,26,8.0,1,1,18.0,11,0.9469369759707903,0.6968184884682749,0.4639858642849928,6,6,12,6,6,12,1.0,1.0,1.0,1
T067,2025-07-07,27,8.0,1,1,19.0,11,0.9469369759707903,0.6968184884682749,0.4639858642849928,4,12,16,3,8,11,0.75,0.6666666666666666,0.6875,1
T067,2025-07-14,28,8.0,1,1,20.0,11,0.9469369759707903,0.6968184884682749,0.4639858642849928,4,4,8,3,4,7,0.75,1.0,0.875,1
T067,2025-07-21,29,8.0,1,1,21.0,11,0.9469369759707903,0.6968184884682749,0.4639858642849928,10,5,15,9,5,14,0.9,1.0,0.9333333333333333,1
T067,2025-07-28,30,8.0,1,1,22.0,11,0.9469369759707903,0.6968184884682749,0.4639858642849928,4,9,13,4,9,13,1.0,1.0,1.0,1
T068,2025-01-06,1,12.0,0,0,-11.0,14,0.581243126801528,0.8807363070853623,-2.037309138485071,4,7,11,4,6,10,1.0,0.8571428571428571,0.9090909090909091,1
T068,2025-01-13,2,12.0,0,0,-10.0,14,0.581243126801528,0.8807363070853623,-2.037309138485071,8,9,17,8,6,14,1.0,0.6666666666666666,0.8235294117647058,1
T068,2025-01-20,3,12.0,0,0,-9.0,14,0.581243126801528,0.8807363070853623,-2.037309138485071,5,4,9,5,4,9,1.0,1.0,1.0,1
T068,2025-01-27,4,12.0,0,0,-8.0,14,0.581243126801528,0.8807363070853623,-2.037309138485071,10,8,18,9,6,15,0.9,0.75,0.8333333333333334,1
T068,2025-02-03,5,12.0,0,0,-7.0,14,0.581243126801528,0.8807363070853623,-2.037309138485071,5,15,20,4,11,15,0.8,0.7333333333333333,0.75,1
T068,2025-02-10,6,12.0,0,0,-6.0,14,0.581243126801528,0.8807363070853623,-2.037309138485071,10,12,22,10,10,20,1.0,0.8333333333333334,0.9090909090909091,1
T068,2025-02-17,7,12.0,0,0,-5.0,14,0.581243126801528,0.8807363070853623,-2.037309138485071,10,6,16,8,3,11,0.8,0.5,0.6875,1
T068,2025-02-24,8,12.0,0,0,-4.0,14,0.581243126801528,0.8807363070853623,-2.037309138485071,5,2,7,5,1,6,1.0,0.5,0.8571428571428571,1
T068,2025-03-03,9,12.0,0,0,-3.0,14,0.581243126801528,0.8807363070853623,-2.037309138485071,15,13,28,12,9,21,0.8,0.6923076923076923,0.75,1
T068,2025-03-10,10,12.0,0,0,-2.0,14,0.581243126801528,0.8807363070853623,-2.037309138485071,7,3,10,6,3,9,0.8571428571428571,1.0,0.9,1
T068,2025-03-17,11,12.0,0,0,-1.0,14,0.581243126801528,0.8807363070853623,-2.037309138485071,9,4,13,8,2,10,0.8888888888888888,0.5,0.7692307692307693,1
T068,2025-03-24,12,12.0,1,1,0.0,14,0.581243126801528,0.8807363070853623,-2.037309138485071,6,5,11,5,5,10,0.8333333333333334,1.0,0.9090909090909091,1
T068,2025-03-31,13,12.0,1,1,1.0,14,0.581243126801528,0.8807363070853623,-2.037309138485071,2,9,11,2,7,9,1.0,0.7777777777777778,0.8181818181818182,1
T068,2025-04-07,14,12.0,1,1,2.0,14,0.581243126801528,0.8807363070853623,-2.037309138485071,3,4,7,1,4,5,0.3333333333333333,1.0,0.7142857142857143,1
T068,2025-04-14,15,12.0,1,1,3.0,14,0.581243126801528,0.8807363070853623,-2.037309138485071,5,4,9,4,4,8,0.8,1.0,0.8888888888888888,1
T068,2025-04-21,16,12.0,1,1,4.0,14,0.581243126801528,0.8807363070853623,-2.037309138485071,7,6,13,7,5,12,1.0,0.8333333333333334,0.9230769230769231,1
T068,2025-04-28,17,12.0,1,1,5.0,14,0.581243126801528,0.8807363070853623,-2.037309138485071,6,6,12,5,3,8,0.8333333333333334,0.5,0.6666666666666666,1
T068,2025-05-05,18,12.0,1,1,6.0,14,0.581243126801528,0.8807363070853623,-2.037309138485071,7,9,16,6,6,12,0.8571428571428571,0.6666666666666666,0.75,1
T068,2025-05-12,19,12.0,1,1,7.0,14,0.581243126801528,0.8807363070853623,-2.037309138485071,3,5,8,3,4,7,1.0,0.8,0.875,1
T068,2025-05-19,20,12.0,1,1,8.0,14,0.581243126801528,0.8807363070853623,-2.037309138485071,4,5,9,2,5,7,0.5,1.0,0.7777777777777778,1
T068,2025-05-26,21,12.0,1,1,9.0,14,0.581243126801528,0.8807363070853623,-2.037309138485071,8,9,17,8,7,15,1.0,0.7777777777777778,0.8823529411764706,1
T068,2025-06-02,22,12.0,1,1,10.0,14,0.581243126801528,0.8807363070853623,-2.037309138485071,2,6,8,2,5,7,1.0,0.8333333333333334,0.875,1
T068,2025-06-09,23,12.0,1,1,11.0,14,0.581243126801528,0.8807363070853623,-2.037309138485071,11,6,17,11,5,16,1.0,0.8333333333333334,0.9411764705882353,1
T068,2025-06-16,24,12.0,1,1,12.0,14,0.581243126801528,0.8807363070853623,-2.037309138485071,4,13,17,3,12,15,0.75,0.9230769230769231,0.8823529411764706,1
T068,2025-06-23,25,12.0,1,1,13.0,14,0.581243126801528,0.8807363070853623,-2.037309138485071,6,5,11,6,3,9,1.0,0.6,0.8181818181818182,1
T068,2025-06-30,26,12.0,1,1,14.0,14,0.581243126801528,0.8807363070853623,-2.037309138485071,4,5,9,2,5,7,0.5,1.0,0.7777777777777778,1
T068,2025-07-07,27,12.0,1,1,15.0,14,0.581243126801528,0.8807363070853623,-2.037309138485071,5,10,15,5,9,14,1.0,0.9,0.9333333333333333,1
T068,2025-07-14,28,12.0,1,1,16.0,14,0.581243126801528,0.8807363070853623,-2.037309138485071,13,8,21,9,4,13,0.6923076923076923,0.5,0.6190476190476191,1
T068,2025-07-21,29,12.0,1,1,17.0,14,0.581243126801528,0.8807363070853623,-2.037309138485071,1,7,8,1,7,8,1.0,1.0,1.0,1
T068,2025-07-28,30,12.0,1,1,18.0,14,0.581243126801528,0.8807363070853623,-2.037309138485071,14,10,24,11,8,19,0.7857142857142857,0.8,0.7916666666666666,1
T069,2025-01-06,1,14.0,0,0,-13.0,5,0.7217379473958389,0.8923031048730422,-1.0008092801297654,3,2,5,2,2,4,0.6666666666666666,1.0,0.8,1
T069,2025-01-13,2,14.0,0,0,-12.0,5,0.7217379473958389,0.8923031048730422,-1.0008092801297654,4,4,8,2,3,5,0.5,0.75,0.625,1
T069,2025-01-20,3,14.0,0,0,-11.0,5,0.7217379473958389,0.8923031048730422,-1.0008092801297654,3,2,5,3,2,5,1.0,1.0,1.0,1
T069,2025-01-27,4,14.0,0,0,-10.0,5,0.7217379473958389,0.8923031048730422,-1.0008092801297654,3,2,5,3,2,5,1.0,1.0,1.0,1
T069,2025-02-03,5,14.0,0,0,-9.0,5,0.7217379473958389,0.8923031048730422,-1.0008092801297654,7,4,11,4,2,6,0.5714285714285714,0.5,0.5454545454545454,1
T069,2025-02-10,6,14.0,0,0,-8.0,5,0.7217379473958389,0.8923031048730422,-1.0008092801297654,2,6,8,2,6,8,1.0,1.0,1.0,1
T069,2025-02-17,7,14.0,0,0,-7.0,5,0.7217379473958389,0.8923031048730422,-1.0008092801297654,1,4,5,1,4,5,1.0,1.0,1.0,1
T069,2025-02-24,8,14.0,0,0,-6.0,5,0.7217379473958389,0.8923031048730422,-1.0008092801297654,3,1,4,2,1,3,0.6666666666666666,1.0,0.75,1
T069,2025-03-03,9,14.0,0,0,-5.0,5,0.7217379473958389,0.8923031048730422,-1.0008092801297654,6,4,10,4,2,6,0.6666666666666666,0.5,0.6,1
T069,2025-03-10,10,14.0,0,0,-4.0,5,0.7217379473958389,0.8923031048730422,-1.0008092801297654,3,2,5,2,2,4,0.6666666666666666,1.0,0.8,1
T069,2025-03-17,11,14.0,0,0,-3.0,5,0.7217379473958389,0.8923031048730422,-1.0008092801297654,2,2,4,2,1,3,1.0,0.5,0.75,1
T069,2025-03-24,12,14.0,0,0,-2.0,5,0.7217379473958389,0.8923031048730422,-1.0008092801297654,5,3,8,5,3,8,1.0,1.0,1.0,1
T069,2025-03-31,13,14.0,0,0,-1.0,5,0.7217379473958389,0.8923031048730422,-1.0008092801297654,4,4,8,4,4,8,1.0,1.0,1.0,1
T069,2025-04-07,14,14.0,1,1,0.0,5,0.7217379473958389,0.8923031048730422,-1.0008092801297654,2,5,7,2,5,7,1.0,1.0,1.0,1
T069,2025-04-14,15,14.0,1,1,1.0,5,0.7217379473958389,0.8923031048730422,-1.0008092801297654,1,3,4,1,3,4,1.0,1.0,1.0,1
T069,2025-04-21,16,14.0,1,1,2.0,5,0.7217379473958389,0.8923031048730422,-1.0008092801297654,5,6,11,5,6,11,1.0,1.0,1.0,1
T069,2025-04-28,17,14.0,1,1,3.0,5,0.7217379473958389,0.8923031048730422,-1.0008092801297654,3,3,6,3,3,6,1.0,1.0,1.0,1
T069,2025-05-05,18,14.0,1,1,4.0,5,0.7217379473958389,0.8923031048730422,-1.0008092801297654,3,6,9,2,5,7,0.6666666666666666,0.8333333333333334,0.7777777777777778,1
T069,2025-05-12,19,14.0,1,1,5.0,5,0.7217379473958389,0.8923031048730422,-1.0008092801297654,0,1,1,0,1,1,,1.0,1.0,0
T069,2025-05-19,20,14.0,1,1,6.0,5,0.7217379473958389,0.8923031048730422,-1.0008092801297654,6,6,12,6,6,12,1.0,1.0,1.0,1
T069,2025-05-26,21,14.0,1,1,7.0,5,0.7217379473958389,0.8923031048730422,-1.0008092801297654,3,5,8,2,3,5,0.6666666666666666,0.6,0.625,1
T069,2025-06-02,22,14.0,1,1,8.0,5,0.7217379473958389,0.8923031048730422,-1.0008092801297654,2,6,8,2,6,8,1.0,1.0,1.0,1
T069,2025-06-09,23,14.0,1,1,9.0,5,0.7217379473958389,0.8923031048730422,-1.0008092801297654,4,3,7,3,3,6,0.75,1.0,0.8571428571428571,1
T069,2025-06-16,24,14.0,1,1,10.0,5,0.7217379473958389,0.8923031048730422,-1.0008092801297654,2,1,3,2,1,3,1.0,1.0,1.0,1
T069,2025-06-23,25,14.0,1,1,11.0,5,0.7217379473958389,0.8923031048730422,-1.0008092801297654,2,5,7,2,5,7,1.0,1.0,1.0,1
T069,2025-06-30,26,14.0,1,1,12.0,5,0.7217379473958389,0.8923031048730422,-1.0008092801297654,4,4,8,4,4,8,1.0,1.0,1.0,1
T069,2025-07-07,27,14.0,1,1,13.0,5,0.7217379473958389,0.8923031048730422,-1.0008092801297654,1,5,6,1,5,6,1.0,1.0,1.0,1
T069,2025-07-14,28,14.0,1,1,14.0,5,0.7217379473958389,0.8923031048730422,-1.0008092801297654,3,3,6,3,3,6,1.0,1.0,1.0,1
T069,2025-07-21,29,14.0,1,1,15.0,5,0.7217379473958389,0.8923031048730422,-1.0008092801297654,3,7,10,3,7,10,1.0,1.0,1.0,1
T069,2025-07-28,30,14.0,1,1,16.0,5,0.7217379473958389,0.8923031048730422,-1.0008092801297654,7,6,13,7,6,13,1.0,1.0,1.0,1
T070,2025-01-06,1,,0,0,,12,0.2806469236123955,0.3541233351015699,-1.3710740073450935,7,9,16,7,6,13,1.0,0.6666666666666666,0.8125,1
T070,2025-01-13,2,,0,0,,12,0.2806469236123955,0.3541233351015699,-1.3710740073450935,8,10,18,6,8,14,0.75,0.8,0.7777777777777778,1
T070,2025-01-20,3,,0,0,,12,0.2806469236123955,0.3541233351015699,-1.3710740073450935,9,10,19,7,6,13,0.7777777777777778,0.6,0.6842105263157895,1
T070,2025-01-27,4,,0,0,,12,0.2806469236123955,0.3541233351015699,-1.3710740073450935,5,9,14,4,8,12,0.8,0.8888888888888888,0.8571428571428571,1
T070,2025-02-03,5,,0,0,,12,0.2806469236123955,0.3541233351015699,-1.3710740073450935,7,5,12,4,3,7,0.5714285714285714,0.6,0.5833333333333334,1
T070,2025-02-10,6,,0,0,,12,0.2806469236123955,0.3541233351015699,-1.3710740073450935,5,4,9,4,3,7,0.8,0.75,0.7777777777777778,1
T070,2025-02-17,7,,0,0,,12,0.2806469236123955,0.3541233351015699,-1.3710740073450935,9,3,12,7,1,8,0.7777777777777778,0.3333333333333333,0.6666666666666666,1
T070,2025-02-24,8,,0,0,,12,0.2806469236123955,0.3541233351015699,-1.3710740073450935,9,11,20,7,8,15,0.7777777777777778,0.7272727272727273,0.75,1
T070,2025-03-03,9,,0,0,,12,0.2806469236123955,0.3541233351015699,-1.3710740073450935,5,2,7,3,0,3,0.6,0.0,0.42857142857142855,1
T070,2025-03-10,10,,0,0,,12,0.2806469236123955,0.3541233351015699,-1.3710740073450935,11,5,16,10,4,14,0.9090909090909091,0.8,0.875,1
T070,2025-03-17,11,,0,0,,12,0.2806469236123955,0.3541233351015699,-1.3710740073450935,7,16,23,4,12,16,0.5714285714285714,0.75,0.6956521739130435,1
T070,2025-03-24,12,,0,0,,12,0.2806469236123955,0.3541233351015699,-1.3710740073450935,8,7,15,6,6,12,0.75,0.8571428571428571,0.8,1
T070,2025-03-31,13,,0,0,,12,0.2806469236123955,0.3541233351015699,-1.3710740073450935,3,4,7,3,3,6,1.0,0.75,0.8571428571428571,1
T070,2025-04-07,14,,0,0,,12,0.2806469236123955,0.3541233351015699,-1.3710740073450935,4,6,10,4,2,6,1.0,0.3333333333333333,0.6,1
T070,2025-04-14,15,,0,0,,12,0.2806469236123955,0.3541233351015699,-1.3710740073450935,10,6,16,8,3,11,0.8,0.5,0.6875,1
T070,2025-04-21,16,,0,0,,12,0.2806469236123955,0.3541233351015699,-1.3710740073450935,4,8,12,4,4,8,1.0,0.5,0.6666666666666666,1
T070,2025-04-28,17,,0,0,,12,0.2806469236123955,0.3541233351015699,-1.3710740073450935,7,9,16,6,7,13,0.8571428571428571,0.7777777777777778,0.8125,1
T070,2025-05-05,18,,0,0,,12,0.2806469236123955,0.3541233351015699,-1.3710740073450935,4,9,13,2,9,11,0.5,1.0,0.8461538461538461,1
T070,2025-05-12,19,,0,0,,12,0.2806469236123955,0.3541233351015699,-1.3710740073450935,13,5,18,12,4,16,0.9230769230769231,0.8,0.8888888888888888,1
T070,2025-05-19,20,,0,0,,12,0.2806469236123955,0.3541233351015699,-1.3710740073450935,8,6,14,6,5,11,0.75,0.8333333333333334,0.7857142857142857,1
T070,2025-05-26,21,,0,0,,12,0.2806469236123955,0.3541233351015699,-1.3710740073450935,7,5,12,6,4,10,0.8571428571428571,0.8,0.8333333333333334,1
T070,2025-06-02,22,,0,0,,12,0.2806469236123955,0.3541233351015699,-1.3710740073450935,5,5,10,5,3,8,1.0,0.6,0.8,1
T070,2025-06-09,23,,0,0,,12,0.2806469236123955,0.3541233351015699,-1.3710740073450935,8,11,19,7,7,14,0.875,0.6363636363636364,0.7368421052631579,1
T070,2025-06-16,24,,0,0,,12,0.2806469236123955,0.3541233351015699,-1.3710740073450935,7,7,14,6,5,11,0.8571428571428571,0.7142857142857143,0.7857142857142857,1
T070,2025-06-23,25,,0,0,,12,0.2806469236123955,0.3541233351015699,-1.3710740073450935,6,6,12,6,6,12,1.0,1.0,1.0,1
T070,2025-06-30,26,,0,0,,12,0.2806469236123955,0.3541233351015699,-1.3710740073450935,7,5,12,7,5,12,1.0,1.0,1.0,1
T070,2025-07-07,27,,0,0,,12,0.2806469236123955,0.3541233351015699,-1.3710740073450935,8,18,26,5,15,20,0.625,0.8333333333333334,0.7692307692307693,1
T070,2025-07-14,28,,0,0,,12,0.2806469236123955,0.3541233351015699,-1.3710740073450935,10,6,16,10,6,16,1.0,1.0,1.0,1
T070,2025-07-21,29,,0,0,,12,0.2806469236123955,0.3541233351015699,-1.3710740073450935,5,7,12,5,5,10,1.0,0.7142857142857143,0.8333333333333334,1
T070,2025-07-28,30,,0,0,,12,0.2806469236123955,0.3541233351015699,-1.3710740073450935,15,19,34,8,13,21,0.5333333333333333,0.6842105263157895,0.6176470588235294,1
T071,2025-01-06,1,,0,0,,5,0.39892699494923234,0.4606953607122907,1.0757748545521266,12,11,23,12,10,22,1.0,0.9090909090909091,0.9565217391304348,1
T071,2025-01-13,2,,0,0,,5,0.39892699494923234,0.4606953607122907,1.0757748545521266,4,11,15,4,10,14,1.0,0.9090909090909091,0.9333333333333333,1
T071,2025-01-20,3,,0,0,,5,0.39892699494923234,0.4606953607122907,1.0757748545521266,6,10,16,5,10,15,0.8333333333333334,1.0,0.9375,1
T071,2025-01-27,4,,0,0,,5,0.39892699494923234,0.4606953607122907,1.0757748545521266,3,5,8,3,4,7,1.0,0.8,0.875,1
T071,2025-02-03,5,,0,0,,5,0.39892699494923234,0.4606953607122907,1.0757748545521266,2,5,7,2,5,7,1.0,1.0,1.0,1
T071,2025-02-10,6,,0,0,,5,0.39892699494923234,0.4606953607122907,1.0757748545521266,3,10,13,3,10,13,1.0,1.0,1.0,1
T071,2025-02-17,7,,0,0,,5,0.39892699494923234,0.4606953607122907,1.0757748545521266,4,3,7,4,3,7,1.0,1.0,1.0,1
T071,2025-02-24,8,,0,0,,5,0.39892699494923234,0.4606953607122907,1.0757748545521266,6,2,8,5,2,7,0.8333333333333334,1.0,0.875,1
T071,2025-03-03,9,,0,0,,5,0.39892699494923234,0.4606953607122907,1.0757748545521266,8,4,12,8,3,11,1.0,0.75,0.9166666666666666,1
T071,2025-03-10,10,,0,0,,5,0.39892699494923234,0.4606953607122907,1.0757748545521266,9,8,17,9,5,14,1.0,0.625,0.8235294117647058,1
T071,2025-03-17,11,,0,0,,5,0.39892699494923234,0.4606953607122907,1.0757748545521266,2,3,5,2,2,4,1.0,0.6666666666666666,0.8,1
T071,2025-03-24,12,,0,0,,5,0.39892699494923234,0.4606953607122907,1.0757748545521266,4,5,9,3,4,7,0.75,0.8,0.7777777777777778,1
T071,2025-03-31,13,,0,0,,5,0.39892699494923234,0.4606953607122907,1.0757748545521266,4,4,8,3,2,5,0.75,0.5,0.625,1
T071,2025-04-07,14,,0,0,,5,0.39892699494923234,0.4606953607122907,1.0757748545521266,2,11,13,2,10,12,1.0,0.9090909090909091,0.9230769230769231,1
T071,2025-04-14,15,,0,0,,5,0.39892699494923234,0.4606953607122907,1.0757748545521266,1,7,8,1,7,8,1.0,1.0,1.0,1
T071,2025-04-21,16,,0,0,,5,0.39892699494923234,0.4606953607122907,1.0757748545521266,3,3,6,1,3,4,0.3333333333333333,1.0,0.6666666666666666,1
T071,2025-04-28,17,,0,0,,5,0.39892699494923234,0.4606953607122907,1.0757748545521266,6,4,10,4,3,7,0.6666666666666666,0.75,0.7,1
T071,2025-05-05,18,,0,0,,5,0.39892699494923234,0.4606953607122907,1.0757748545521266,2,8,10,2,5,7,1.0,0.625,0.7,1
T071,2025-05-12,19,,0,0,,5,0.39892699494923234,0.4606953607122907,1.0757748545521266,4,6,10,4,6,10,1.0,1.0,1.0,1
T071,2025-05-19,20,,0,0,,5,0.39892699494923234,0.4606953607122907,1.0757748545521266,3,4,7,2,4,6,0.6666666666666666,1.0,0.8571428571428571,1
T071,2025-05-26,21,,0,0,,5,0.39892699494923234,0.4606953607122907,1.0757748545521266,5,8,13,5,7,12,1.0,0.875,0.9230769230769231,1
T071,2025-06-02,22,,0,0,,5,0.39892699494923234,0.4606953607122907,1.0757748545521266,3,4,7,3,3,6,1.0,0.75,0.8571428571428571,1
T071,2025-06-09,23,,0,0,,5,0.39892699494923234,0.4606953607122907,1.0757748545521266,4,2,6,4,2,6,1.0,1.0,1.0,1
T071,2025-06-16,24,,0,0,,5,0.39892699494923234,0.4606953607122907,1.0757748545521266,3,8,11,3,8,11,1.0,1.0,1.0,1
T071,2025-06-23,25,,0,0,,5,0.39892699494923234,0.4606953607122907,1.0757748545521266,2,3,5,1,2,3,0.5,0.6666666666666666,0.6,1
T071,2025-06-30,26,,0,0,,5,0.39892699494923234,0.4606953607122907,1.0757748545521266,2,5,7,2,5,7,1.0,1.0,1.0,1
T071,2025-07-07,27,,0,0,,5,0.39892699494923234,0.4606953607122907,1.0757748545521266,3,2,5,3,2,5,1.0,1.0,1.0,1
T071,2025-07-14,28,,0,0,,5,0.39892699494923234,0.4606953607122907,1.0757748545521266,4,6,10,4,6,10,1.0,1.0,1.0,1
T071,2025-07-21,29,,0,0,,5,0.39892699494923234,0.4606953607122907,1.0757748545521266,10,2,12,7,2,9,0.7,1.0,0.75,1
T071,2025-07-28,30,,0,0,,5,0.39892699494923234,0.4606953607122907,1.0757748545521266,2,3,5,2,3,5,1.0,1.0,1.0,1
T072,2025-01-06,1,,0,0,,4,0.6933831458074432,0.6228727970506648,0.9932716303910435,6,2,8,5,2,7,0.8333333333333334,1.0,0.875,1
T072,2025-01-13,2,,0,0,,4,0.6933831458074432,0.6228727970506648,0.9932716303910435,4,5,9,3,5,8,0.75,1.0,0.8888888888888888,1
T072,2025-01-20,3,,0,0,,4,0.6933831458074432,0.6228727970506648,0.9932716303910435,3,1,4,3,1,4,1.0,1.0,1.0,1
T072,2025-01-27,4,,0,0,,4,0.6933831458074432,0.6228727970506648,0.9932716303910435,5,4,9,4,4,8,0.8,1.0,0.8888888888888888,1
T072,2025-02-03,5,,0,0,,4,0.6933831458074432,0.6228727970506648,0.9932716303910435,1,6,7,1,6,7,1.0,1.0,1.0,1
T072,2025-02-10,6,,0,0,,4,0.6933831458074432,0.6228727970506648,0.9932716303910435,5,8,13,5,8,13,1.0,1.0,1.0,1
T072,2025-02-17,7,,0,0,,4,0.6933831458074432,0.6228727970506648,0.9932716303910435,1,4,5,1,4,5,1.0,1.0,1.0,1
T072,2025-02-24,8,,0,0,,4,0.6933831458074432,0.6228727970506648,0.9932716303910435,2,2,4,1,2,3,0.5,1.0,0.75,1
T072,2025-03-03,9,,0,0,,4,0.6933831458074432,0.6228727970506648,0.9932716303910435,4,6,10,4,6,10,1.0,1.0,1.0,1
T072,2025-03-10,10,,0,0,,4,0.6933831458074432,0.6228727970506648,0.9932716303910435,5,3,8,4,2,6,0.8,0.6666666666666666,0.75,1
T072,2025-03-17,11,,0,0,,4,0.6933831458074432,0.6228727970506648,0.9932716303910435,4,4,8,3,3,6,0.75,0.75,0.75,1
T072,2025-03-24,12,,0,0,,4,0.6933831458074432,0.6228727970506648,0.9932716303910435,6,5,11,3,3,6,0.5,0.6,0.5454545454545454,1
T072,2025-03-31,13,,0,0,,4,0.6933831458074432,0.6228727970506648,0.9932716303910435,2,2,4,2,2,4,1.0,1.0,1.0,1
T072,2025-04-07,14,,0,0,,4,0.6933831458074432,0.6228727970506648,0.9932716303910435,5,7,12,4,7,11,0.8,1.0,0.9166666666666666,1
T072,2025-04-14,15,,0,0,,4,0.6933831458074432,0.6228727970506648,0.9932716303910435,1,7,8,1,6,7,1.0,0.8571428571428571,0.875,1
T072,2025-04-21,16,,0,0,,4,0.6933831458074432,0.6228727970506648,0.9932716303910435,6,7,13,6,6,12,1.0,0.8571428571428571,0.9230769230769231,1
T072,2025-04-28,17,,0,0,,4,0.6933831458074432,0.6228727970506648,0.9932716303910435,2,4,6,1,4,5,0.5,1.0,0.8333333333333334,1
T072,2025-05-05,18,,0,0,,4,0.6933831458074432,0.6228727970506648,0.9932716303910435,6,1,7,4,1,5,0.6666666666666666,1.0,0.7142857142857143,1
T072,2025-05-12,19,,0,0,,4,0.6933831458074432,0.6228727970506648,0.9932716303910435,3,6,9,2,6,8,0.6666666666666666,1.0,0.8888888888888888,1
T072,2025-05-19,20,,0,0,,4,0.6933831458074432,0.6228727970506648,0.9932716303910435,8,7,15,6,6,12,0.75,0.8571428571428571,0.8,1
T072,2025-05-26,21,,0,0,,4,0.6933831458074432,0.6228727970506648,0.9932716303910435,1,4,5,1,4,5,1.0,1.0,1.0,1
T072,2025-06-02,22,,0,0,,4,0.6933831458074432,0.6228727970506648,0.9932716303910435,4,4,8,4,3,7,1.0,0.75,0.875,1
T072,2025-06-09,23,,0,0,,4,0.6933831458074432,0.6228727970506648,0.9932716303910435,7,8,15,7,6,13,1.0,0.75,0.8666666666666667,1
T072,2025-06-16,24,,0,0,,4,0.6933831458074432,0.6228727970506648,0.9932716303910435,7,6,13,3,5,8,0.42857142857142855,0.8333333333333334,0.6153846153846154,1
T072,2025-06-23,25,,0,0,,4,0.6933831458074432,0.6228727970506648,0.9932716303910435,4,8,12,3,7,10,0.75,0.875,0.8333333333333334,1
T072,2025-06-30,26,,0,0,,4,0.6933831458074432,0.6228727970506648,0.9932716303910435,1,5,6,1,4,5,1.0,0.8,0.8333333333333334,1
T072,2025-07-07,27,,0,0,,4,0.6933831458074432,0.6228727970506648,0.9932716303910435,1,6,7,1,5,6,1.0,0.8333333333333334,0.8571428571428571,1
T072,2025-07-14,28,,0,0,,4,0.6933831458074432,0.6228727970506648,0.9932716303910435,3,4,7,3,3,6,1.0,0.75,0.8571428571428571,1
T072,2025-07-21,29,,0,0,,4,0.6933831458074432,0.6228727970506648,0.9932716303910435,6,3,9,4,3,7,0.6666666666666666,1.0,0.7777777777777778,1
T072,2025-07-28,30,,0,0,,4,0.6933831458074432,0.6228727970506648,0.9932716303910435,4,3,7,3,3,6,0.75,1.0,0.8571428571428571,1
