team_id,calendar_week,week_index,adoption_week,treated,total_merged_prs,total_completed_tickets,total_output,junior_merged_prs,junior_completed_tickets,junior_output,junior_merged_pr_share,junior_ticket_share,junior_output_share,event_time,post_period,analysis_sample
T001,2026-01-05,1,9.0,0,10,22,32,6,14,20,0.6,0.6363636363636364,0.625,-8.0,0,1
T001,2026-01-12,2,9.0,0,8,11,19,4,6,10,0.5,0.5454545454545454,0.5263157894736842,-7.0,0,1
T001,2026-01-19,3,9.0,0,15,14,29,6,10,16,0.4,0.7142857142857143,0.5517241379310345,-6.0,0,1
T001,2026-01-26,4,9.0,0,14,14,28,8,9,17,0.5714285714285714,0.6428571428571429,0.6071428571428571,-5.0,0,1
T001,2026-02-02,5,9.0,0,9,17,26,4,10,14,0.4444444444444444,0.5882352941176471,0.5384615384615384,-4.0,0,1
T001,2026-02-09,6,9.0,0,9,15,24,6,6,12,0.6666666666666666,0.4,0.5,-3.0,0,1
T001,2026-02-16,7,9.0,0,8,9,17,3,5,8,0.375,0.5555555555555556,0.47058823529411764,-2.0,0,1
T001,2026-02-23,8,9.0,0,13,14,27,6,10,16,0.46153846153846156,0.7142857142857143,0.5925925925925926,-1.0,0,1
T001,2026-03-02,9,9.0,1,11,21,32,6,11,17,0.5454545454545454,0.5238095238095238,0.53125,0.0,1,1
T001,2026-03-09,10,9.0,1,6,14,20,3,6,9,0.5,0.42857142857142855,0.45,1.0,1,1
T001,2026-03-16,11,9.0,1,5,17,22,2,11,13,0.4,0.6470588235294118,0.5909090909090909,2.0,1,1
T001,2026-03-23,12,9.0,1,11,10,21,7,6,13,0.6363636363636364,0.6,0.6190476190476191,3.0,1,1
T001,2026-03-30,13,9.0,1,18,24,42,10,5,15,0.5555555555555556,0.20833333333333334,0.35714285714285715,4.0,1,1
T001,2026-04-06,14,9.0,1,12,16,28,2,8,10,0.16666666666666666,0.5,0.35714285714285715,5.0,1,1
T001,2026-04-13,15,9.0,1,12,16,28,6,7,13,0.5,0.4375,0.4642857142857143,6.0,1,1
T001,2026-04-20,16,9.0,1,11,16,27,5,11,16,0.45454545454545453,0.6875,0.5925925925925926,7.0,1,1
T001,2026-04-27,17,9.0,1,15,15,30,11,10,21,0.7333333333333333,0.6666666666666666,0.7,8.0,1,1
T001,2026-05-04,18,9.0,1,12,17,29,7,9,16,0.5833333333333334,0.5294117647058824,0.5517241379310345,9.0,1,1
T001,2026-05-11,19,9.0,1,14,14,28,8,6,14,0.5714285714285714,0.42857142857142855,0.5,10.0,1,1
T001,2026-05-18,20,9.0,1,9,18,27,6,9,15,0.6666666666666666,0.5,0.5555555555555556,11.0,1,1
T001,2026-05-25,21,9.0,1,7,15,22,4,11,15,0.5714285714285714,0.7333333333333333,0.6818181818181818,12.0,1,1
T001,2026-06-01,22,9.0,1,13,16,29,12,11,23,0.9230769230769231,0.6875,0.7931034482758621,13.0,1,1
T001,2026-06-08,23,9.0,1,10,13,23,4,7,11,0.4,0.5384615384615384,0.4782608695652174,14.0,1,1
T001,2026-06-15,24,9.0,1,18,18,36,8,11,19,0.4444444444444444,0.6111111111111112,0.5277777777777778,15.0,1,1
T001,2026-06-22,25,9.0,1,25,21,46,16,13,29,0.64,0.6190476190476191,0.6304347826086957,16.0,1,1
T001,2026-06-29,26,9.0,1,16,18,34,7,12,19,0.4375,0.6666666666666666,0.5588235294117647,17.0,1,1
T001,2026-07-06,27,9.0,1,7,12,19,5,8,13,0.7142857142857143,0.6666666666666666,0.6842105263157895,18.0,1,1
T001,2026-07-13,28,9.0,1,9,12,21,6,3,9,0.6666666666666666,0.25,0.42857142857142855,19.0,1,1
T001,2026-07-20,29,9.0,1,10,14,24,8,6,14,0.8,0.42857142857142855,0.5833333333333334,20.0,1,1
T001,2026-07-27,30,9.0,1,9,7,16,5,4,9,0.5555555555555556,0.5714285714285714,0.5625,21.0,1,1
T002,2026-01-05,1,22.0,0,25,22,47,14,11,25,0.56,0.5,0.5319148936170213,-21.0,0,1
T002,2026-01-12,2,22.0,0,18,19,37,8,11,19,0.4444444444444444,0.5789473684210527,0.5135135135135135,-20.0,0,1
T002,2026-01-19,3,22.0,0,17,36,53,16,29,45,0.9411764705882353,0.8055555555555556,0.8490566037735849,-19.0,0,1
T002,2026-01-26,4,22.0,0,11,25,36,5,15,20,0.45454545454545453,0.6,0.5555555555555556,-18.0,0,1
T002,2026-02-02,5,22.0,0,20,18,38,14,10,24,0.7,0.5555555555555556,0.631578947368421,-17.0,0,1
T002,2026-02-09,6,22.0,0,24,22,46,14,14,28,0.5833333333333334,0.6363636363636364,0.6086956521739131,-16.0,0,1
T002,2026-02-16,7,22.0,0,25,26,51,17,15,32,0.68,0.5769230769230769,0.6274509803921569,-15.0,0,1
T002,2026-02-23,8,22.0,0,23,27,50,16,20,36,0.6956521739130435,0.7407407407407407,0.72,-14.0,0,1
T002,2026-03-02,9,22.0,0,23,31,54,19,23,42,0.8260869565217391,0.7419354838709677,0.7777777777777778,-13.0,0,1
T002,2026-03-09,10,22.0,0,14,21,35,10,10,20,0.7142857142857143,0.47619047619047616,0.5714285714285714,-12.0,0,1
T002,2026-03-16,11,22.0,0,14,22,36,7,9,16,0.5,0.4090909090909091,0.4444444444444444,-11.0,0,1
T002,2026-03-23,12,22.0,0,10,24,34,5,20,25,0.5,0.8333333333333334,0.7352941176470589,-10.0,0,1
T002,2026-03-30,13,22.0,0,15,24,39,13,19,32,0.8666666666666667,0.7916666666666666,0.8205128205128205,-9.0,0,1
T002,2026-04-06,14,22.0,0,16,27,43,10,18,28,0.625,0.6666666666666666,0.6511627906976745,-8.0,0,1
T002,2026-04-13,15,22.0,0,19,16,35,12,11,23,0.631578947368421,0.6875,0.6571428571428571,-7.0,0,1
T002,2026-04-20,16,22.0,0,21,30,51,10,21,31,0.47619047619047616,0.7,0.6078431372549019,-6.0,0,1
T002,2026-04-27,17,22.0,0,21,26,47,12,20,32,0.5714285714285714,0.7692307692307693,0.6808510638297872,-5.0,0,1
T002,2026-05-04,18,22.0,0,27,25,52,22,17,39,0.8148148148148148,0.68,0.75,-4.0,0,1
T002,2026-05-11,19,22.0,0,25,20,45,16,15,31,0.64,0.75,0.6888888888888889,-3.0,0,1
T002,2026-05-18,20,22.0,0,19,28,47,17,18,35,0.8947368421052632,0.6428571428571429,0.7446808510638298,-2.0,0,1
T002,2026-05-25,21,22.0,0,17,22,39,15,16,31,0.8823529411764706,0.7272727272727273,0.7948717948717948,-1.0,0,1
T002,2026-06-01,22,22.0,1,25,24,49,19,19,38,0.76,0.7916666666666666,0.7755102040816326,0.0,1,1
T002,2026-06-08,23,22.0,1,19,22,41,15,13,28,0.7894736842105263,0.5909090909090909,0.6829268292682927,1.0,1,1
T002,2026-06-15,24,22.0,1,36,27,63,25,21,46,0.6944444444444444,0.7777777777777778,0.7301587301587301,2.0,1,1
T002,2026-06-22,25,22.0,1,19,20,39,12,13,25,0.631578947368421,0.65,0.6410256410256411,3.0,1,1
T002,2026-06-29,26,22.0,1,22,36,58,17,31,48,0.7727272727272727,0.8611111111111112,0.8275862068965517,4.0,1,1
T002,2026-07-06,27,22.0,1,12,27,39,7,19,26,0.5833333333333334,0.7037037037037037,0.6666666666666666,5.0,1,1
T002,2026-07-13,28,22.0,1,18,23,41,11,16,27,0.6111111111111112,0.6956521739130435,0.6585365853658537,6.0,1,1
T002,2026-07-20,29,22.0,1,23,21,44,13,17,30,0.5652173913043478,0.8095238095238095,0.6818181818181818,7.0,1,1
T002,2026-07-27,30,22.0,1,25,27,52,16,20,36,0.64,0.7407407407407407,0.6923076923076923,8.0,1,1
T003,2026-01-05,1,16.0,0,15,21,36,10,14,24,0.6666666666666666,0.6666666666666666,0.6666666666666666,-15.0,0,1
T003,2026-01-12,2,16.0,0,9,19,28,6,11,17,0.6666666666666666,0.5789473684210527,0.6071428571428571,-14.0,0,1
T003,2026-01-19,3,16.0,0,14,17,31,11,10,21,0.7857142857142857,0.5882352941176471,0.6774193548387096,-13.0,0,1
T003,2026-01-26,4,16.0,0,17,19,36,4,13,17,0.23529411764705882,0.6842105263157895,0.4722222222222222,-12.0,0,1
T003,2026-02-02,5,16.0,0,16,21,37,9,17,26,0.5625,0.8095238095238095,0.7027027027027027,-11.0,0,1
T003,2026-02-09,6,16.0,0,23,19,42,15,16,31,0.6521739130434783,0.8421052631578947,0.7380952380952381,-10.0,0,1
T003,2026-02-16,7,16.0,0,13,12,25,8,5,13,0.6153846153846154,0.4166666666666667,0.52,-9.0,0,1
T003,2026-02-23,8,16.0,0,12,11,23,7,9,16,0.5833333333333334,0.8181818181818182,0.6956521739130435,-8.0,0,1
T003,2026-03-02,9,16.0,0,13,16,29,8,9,17,0.6153846153846154,0.5625,0.5862068965517241,-7.0,0,1
T003,2026-03-09,10,16.0,0,12,18,30,4,9,13,0.3333333333333333,0.5,0.43333333333333335,-6.0,0,1
T003,2026-03-16,11,16.0,0,9,11,20,5,5,10,0.5555555555555556,0.45454545454545453,0.5,-5.0,0,1
T003,2026-03-23,12,16.0,0,18,17,35,12,9,21,0.6666666666666666,0.5294117647058824,0.6,-4.0,0,1
T003,2026-03-30,13,16.0,0,13,12,25,9,8,17,0.6923076923076923,0.6666666666666666,0.68,-3.0,0,1
T003,2026-04-06,14,16.0,0,12,13,25,4,5,9,0.3333333333333333,0.38461538461538464,0.36,-2.0,0,1
T003,2026-04-13,15,16.0,0,13,18,31,9,13,22,0.6923076923076923,0.7222222222222222,0.7096774193548387,-1.0,0,1
T003,2026-04-20,16,16.0,1,20,12,32,11,8,19,0.55,0.6666666666666666,0.59375,0.0,1,1
T003,2026-04-27,17,16.0,1,26,22,48,16,11,27,0.6153846153846154,0.5,0.5625,1.0,1,1
T003,2026-05-04,18,16.0,1,14,24,38,11,20,31,0.7857142857142857,0.8333333333333334,0.8157894736842105,2.0,1,1
T003,2026-05-11,19,16.0,1,13,19,32,7,15,22,0.5384615384615384,0.7894736842105263,0.6875,3.0,1,1
T003,2026-05-18,20,16.0,1,22,19,41,13,14,27,0.5909090909090909,0.7368421052631579,0.6585365853658537,4.0,1,1
T003,2026-05-25,21,16.0,1,12,16,28,12,14,26,1.0,0.875,0.9285714285714286,5.0,1,1
T003,2026-06-01,22,16.0,1,10,18,28,7,15,22,0.7,0.8333333333333334,0.7857142857142857,6.0,1,1
T003,2026-06-08,23,16.0,1,19,23,42,14,17,31,0.7368421052631579,0.7391304347826086,0.7380952380952381,7.0,1,1
T003,2026-06-15,24,16.0,1,12,16,28,8,10,18,0.6666666666666666,0.625,0.6428571428571429,8.0,1,1
T003,2026-06-22,25,16.0,1,16,27,43,12,18,30,0.75,0.6666666666666666,0.6976744186046512,9.0,1,1
T003,2026-06-29,26,16.0,1,10,21,31,9,17,26,0.9,0.8095238095238095,0.8387096774193549,10.0,1,1
T003,2026-07-06,27,16.0,1,6,24,30,4,15,19,0.6666666666666666,0.625,0.6333333333333333,11.0,1,1
T003,2026-07-13,28,16.0,1,18,24,42,10,18,28,0.5555555555555556,0.75,0.6666666666666666,12.0,1,1
T003,2026-07-20,29,16.0,1,12,23,35,8,13,21,0.6666666666666666,0.5652173913043478,0.6,13.0,1,1
T003,2026-07-27,30,16.0,1,17,18,35,8,13,21,0.47058823529411764,0.7222222222222222,0.6,14.0,1,1
T004,2026-01-05,1,14.0,0,13,13,26,8,6,14,0.6153846153846154,0.46153846153846156,0.5384615384615384,-13.0,0,1
T004,2026-01-12,2,14.0,0,11,13,24,7,6,13,0.6363636363636364,0.46153846153846156,0.5416666666666666,-12.0,0,1
T004,2026-01-19,3,14.0,0,15,12,27,11,7,18,0.7333333333333333,0.5833333333333334,0.6666666666666666,-11.0,0,1
T004,2026-01-26,4,14.0,0,14,17,31,12,11,23,0.8571428571428571,0.6470588235294118,0.7419354838709677,-10.0,0,1
T004,2026-02-02,5,14.0,0,10,16,26,5,7,12,0.5,0.4375,0.46153846153846156,-9.0,0,1
T004,2026-02-09,6,14.0,0,10,10,20,7,5,12,0.7,0.5,0.6,-8.0,0,1
T004,2026-02-16,7,14.0,0,18,16,34,8,8,16,0.4444444444444444,0.5,0.47058823529411764,-7.0,0,1
T004,2026-02-23,8,14.0,0,14,19,33,8,10,18,0.5714285714285714,0.5263157894736842,0.5454545454545454,-6.0,0,1
T004,2026-03-02,9,14.0,0,11,13,24,4,4,8,0.36363636363636365,0.3076923076923077,0.3333333333333333,-5.0,0,1
T004,2026-03-09,10,14.0,0,16,19,35,11,9,20,0.6875,0.47368421052631576,0.5714285714285714,-4.0,0,1
T004,2026-03-16,11,14.0,0,11,14,25,3,5,8,0.2727272727272727,0.35714285714285715,0.32,-3.0,0,1
T004,2026-03-23,12,14.0,0,11,13,24,8,8,16,0.7272727272727273,0.6153846153846154,0.6666666666666666,-2.0,0,1
T004,2026-03-30,13,14.0,0,9,19,28,4,13,17,0.4444444444444444,0.6842105263157895,0.6071428571428571,-1.0,0,1
T004,2026-04-06,14,14.0,1,18,10,28,13,3,16,0.7222222222222222,0.3,0.5714285714285714,0.0,1,1
T004,2026-04-13,15,14.0,1,12,16,28,10,12,22,0.8333333333333334,0.75,0.7857142857142857,1.0,1,1
T004,2026-04-20,16,14.0,1,14,10,24,8,8,16,0.5714285714285714,0.8,0.6666666666666666,2.0,1,1
T004,2026-04-27,17,14.0,1,20,15,35,17,9,26,0.85,0.6,0.7428571428571429,3.0,1,1
T004,2026-05-04,18,14.0,1,11,15,26,6,11,17,0.5454545454545454,0.7333333333333333,0.6538461538461539,4.0,1,1
T004,2026-05-11,19,14.0,1,13,13,26,8,8,16,0.6153846153846154,0.6153846153846154,0.6153846153846154,5.0,1,1
T004,2026-05-18,20,14.0,1,9,19,28,6,13,19,0.6666666666666666,0.6842105263157895,0.6785714285714286,6.0,1,1
T004,2026-05-25,21,14.0,1,13,9,22,12,7,19,0.9230769230769231,0.7777777777777778,0.8636363636363636,7.0,1,1
T004,2026-06-01,22,14.0,1,12,19,31,9,12,21,0.75,0.631578947368421,0.6774193548387096,8.0,1,1
T004,2026-06-08,23,14.0,1,11,13,24,8,6,14,0.7272727272727273,0.46153846153846156,0.5833333333333334,9.0,1,1
T004,2026-06-15,24,14.0,1,18,16,34,13,8,21,0.7222222222222222,0.5,0.6176470588235294,10.0,1,1
T004,2026-06-22,25,14.0,1,10,21,31,5,12,17,0.5,0.5714285714285714,0.5483870967741935,11.0,1,1
T004,2026-06-29,26,14.0,1,10,23,33,6,15,21,0.6,0.6521739130434783,0.6363636363636364,12.0,1,1
T004,2026-07-06,27,14.0,1,13,18,31,9,11,20,0.6923076923076923,0.6111111111111112,0.6451612903225806,13.0,1,1
T004,2026-07-13,28,14.0,1,14,22,36,12,11,23,0.8571428571428571,0.5,0.6388888888888888,14.0,1,1
T004,2026-07-20,29,14.0,1,17,18,35,7,10,17,0.4117647058823529,0.5555555555555556,0.4857142857142857,15.0,1,1
T004,2026-07-27,30,14.0,1,17,26,43,7,14,21,0.4117647058823529,0.5384615384615384,0.4883720930232558,16.0,1,1
T005,2026-01-05,1,15.0,0,10,15,25,4,8,12,0.4,0.5333333333333333,0.48,-14.0,0,1
T005,2026-01-12,2,15.0,0,7,8,15,1,3,4,0.14285714285714285,0.375,0.26666666666666666,-13.0,0,1
T005,2026-01-19,3,15.0,0,7,7,14,3,4,7,0.42857142857142855,0.5714285714285714,0.5,-12.0,0,1
T005,2026-01-26,4,15.0,0,5,12,17,2,9,11,0.4,0.75,0.6470588235294118,-11.0,0,1
T005,2026-02-02,5,15.0,0,7,12,19,4,5,9,0.5714285714285714,0.4166666666666667,0.47368421052631576,-10.0,0,1
T005,2026-02-09,6,15.0,0,7,11,18,3,6,9,0.42857142857142855,0.5454545454545454,0.5,-9.0,0,1
T005,2026-02-16,7,15.0,0,6,6,12,2,4,6,0.3333333333333333,0.6666666666666666,0.5,-8.0,0,1
T005,2026-02-23,8,15.0,0,11,8,19,7,3,10,0.6363636363636364,0.375,0.5263157894736842,-7.0,0,1
T005,2026-03-02,9,15.0,0,5,6,11,1,2,3,0.2,0.3333333333333333,0.2727272727272727,-6.0,0,1
T005,2026-03-09,10,15.0,0,13,10,23,8,6,14,0.6153846153846154,0.6,0.6086956521739131,-5.0,0,1
T005,2026-03-16,11,15.0,0,9,12,21,2,6,8,0.2222222222222222,0.5,0.38095238095238093,-4.0,0,1
T005,2026-03-23,12,15.0,0,4,10,14,2,4,6,0.5,0.4,0.42857142857142855,-3.0,0,1
T005,2026-03-30,13,15.0,0,6,10,16,1,5,6,0.16666666666666666,0.5,0.375,-2.0,0,1
T005,2026-04-06,14,15.0,0,5,12,17,1,7,8,0.2,0.5833333333333334,0.47058823529411764,-1.0,0,1
T005,2026-04-13,15,15.0,1,13,12,25,9,7,16,0.6923076923076923,0.5833333333333334,0.64,0.0,1,1
T005,2026-04-20,16,15.0,1,10,14,24,8,7,15,0.8,0.5,0.625,1.0,1,1
T005,2026-04-27,17,15.0,1,12,18,30,6,10,16,0.5,0.5555555555555556,0.5333333333333333,2.0,1,1
T005,2026-05-04,18,15.0,1,11,15,26,7,11,18,0.6363636363636364,0.7333333333333333,0.6923076923076923,3.0,1,1
T005,2026-05-11,19,15.0,1,4,8,12,3,3,6,0.75,0.375,0.5,4.0,1,1
T005,2026-05-18,20,15.0,1,10,15,25,4,12,16,0.4,0.8,0.64,5.0,1,1
T005,2026-05-25,21,15.0,1,7,13,20,3,6,9,0.42857142857142855,0.46153846153846156,0.45,6.0,1,1
T005,2026-06-01,22,15.0,1,6,12,18,1,8,9,0.16666666666666666,0.6666666666666666,0.5,7.0,1,1
T005,2026-06-08,23,15.0,1,7,6,13,5,6,11,0.7142857142857143,1.0,0.8461538461538461,8.0,1,1
T005,2026-06-15,24,15.0,1,7,15,22,3,5,8,0.42857142857142855,0.3333333333333333,0.36363636363636365,9.0,1,1
T005,2026-06-22,25,15.0,1,10,12,22,4,5,9,0.4,0.4166666666666667,0.4090909090909091,10.0,1,1
T005,2026-06-29,26,15.0,1,5,10,15,3,5,8,0.6,0.5,0.5333333333333333,11.0,1,1
T005,2026-07-06,27,15.0,1,10,6,16,4,2,6,0.4,0.3333333333333333,0.375,12.0,1,1
T005,2026-07-13,28,15.0,1,9,11,20,5,4,9,0.5555555555555556,0.36363636363636365,0.45,13.0,1,1
T005,2026-07-20,29,15.0,1,5,7,12,3,5,8,0.6,0.7142857142857143,0.6666666666666666,14.0,1,1
T005,2026-07-27,30,15.0,1,7,8,15,4,5,9,0.5714285714285714,0.625,0.6,15.0,1,1
T006,2026-01-05,1,9.0,0,11,10,21,3,2,5,0.2727272727272727,0.2,0.23809523809523808,-8.0,0,1
T006,2026-01-12,2,9.0,0,9,8,17,1,3,4,0.1111111111111111,0.375,0.23529411764705882,-7.0,0,1
T006,2026-01-19,3,9.0,0,6,11,17,1,5,6,0.16666666666666666,0.45454545454545453,0.35294117647058826,-6.0,0,1
T006,2026-01-26,4,9.0,0,4,7,11,2,3,5,0.5,0.42857142857142855,0.45454545454545453,-5.0,0,1
T006,2026-02-02,5,9.0,0,11,8,19,5,2,7,0.45454545454545453,0.25,0.3684210526315789,-4.0,0,1
T006,2026-02-09,6,9.0,0,8,6,14,1,4,5,0.125,0.6666666666666666,0.35714285714285715,-3.0,0,1
T006,2026-02-16,7,9.0,0,6,11,17,4,3,7,0.6666666666666666,0.2727272727272727,0.4117647058823529,-2.0,0,1
T006,2026-02-23,8,9.0,0,9,7,16,3,0,3,0.3333333333333333,0.0,0.1875,-1.0,0,1
T006,2026-03-02,9,9.0,1,4,10,14,1,3,4,0.25,0.3,0.2857142857142857,0.0,1,1
T006,2026-03-09,10,9.0,1,10,6,16,4,1,5,0.4,0.16666666666666666,0.3125,1.0,1,1
T006,2026-03-16,11,9.0,1,8,7,15,5,2,7,0.625,0.2857142857142857,0.4666666666666667,2.0,1,1
T006,2026-03-23,12,9.0,1,4,6,10,2,2,4,0.5,0.3333333333333333,0.4,3.0,1,1
T006,2026-03-30,13,9.0,1,13,12,25,5,4,9,0.38461538461538464,0.3333333333333333,0.36,4.0,1,1
T006,2026-04-06,14,9.0,1,9,6,15,1,1,2,0.1111111111111111,0.16666666666666666,0.13333333333333333,5.0,1,1
T006,2026-04-13,15,9.0,1,6,6,12,1,5,6,0.16666666666666666,0.8333333333333334,0.5,6.0,1,1
T006,2026-04-20,16,9.0,1,8,9,17,4,3,7,0.5,0.3333333333333333,0.4117647058823529,7.0,1,1
T006,2026-04-27,17,9.0,1,7,8,15,4,3,7,0.5714285714285714,0.375,0.4666666666666667,8.0,1,1
T006,2026-05-04,18,9.0,1,9,9,18,2,3,5,0.2222222222222222,0.3333333333333333,0.2777777777777778,9.0,1,1
T006,2026-05-11,19,9.0,1,9,10,19,5,3,8,0.5555555555555556,0.3,0.42105263157894735,10.0,1,1
T006,2026-05-18,20,9.0,1,11,12,23,1,5,6,0.09090909090909091,0.4166666666666667,0.2608695652173913,11.0,1,1
T006,2026-05-25,21,9.0,1,6,10,16,4,4,8,0.6666666666666666,0.4,0.5,12.0,1,1
T006,2026-06-01,22,9.0,1,6,6,12,1,3,4,0.16666666666666666,0.5,0.3333333333333333,13.0,1,1
T006,2026-06-08,23,9.0,1,10,6,16,7,4,11,0.7,0.6666666666666666,0.6875,14.0,1,1
T006,2026-06-15,24,9.0,1,5,8,13,1,5,6,0.2,0.625,0.46153846153846156,15.0,1,1
T006,2026-06-22,25,9.0,1,6,6,12,3,2,5,0.5,0.3333333333333333,0.4166666666666667,16.0,1,1
T006,2026-06-29,26,9.0,1,7,9,16,1,3,4,0.14285714285714285,0.3333333333333333,0.25,17.0,1,1
T006,2026-07-06,27,9.0,1,5,6,11,1,3,4,0.2,0.5,0.36363636363636365,18.0,1,1
T006,2026-07-13,28,9.0,1,5,7,12,2,1,3,0.4,0.14285714285714285,0.25,19.0,1,1
T006,2026-07-20,29,9.0,1,6,6,12,0,4,4,0.0,0.6666666666666666,0.3333333333333333,20.0,1,1
T006,2026-07-27,30,9.0,1,8,10,18,0,6,6,0.0,0.6,0.3333333333333333,21.0,1,1
T007,2026-01-05,1,18.0,0,12,24,36,6,12,18,0.5,0.5,0.5,-17.0,0,1
T007,2026-01-12,2,18.0,0,26,14,40,17,9,26,0.6538461538461539,0.6428571428571429,0.65,-16.0,0,1
T007,2026-01-19,3,18.0,0,22,21,43,15,10,25,0.6818181818181818,0.47619047619047616,0.5813953488372093,-15.0,0,1
T007,2026-01-26,4,18.0,0,16,23,39,10,10,20,0.625,0.43478260869565216,0.5128205128205128,-14.0,0,1
T007,2026-02-02,5,18.0,0,17,17,34,8,11,19,0.47058823529411764,0.6470588235294118,0.5588235294117647,-13.0,0,1
T007,2026-02-09,6,18.0,0,13,12,25,8,6,14,0.6153846153846154,0.5,0.56,-12.0,0,1
T007,2026-02-16,7,18.0,0,13,11,24,9,7,16,0.6923076923076923,0.6363636363636364,0.6666666666666666,-11.0,0,1
T007,2026-02-23,8,18.0,0,10,17,27,6,8,14,0.6,0.47058823529411764,0.5185185185185185,-10.0,0,1
T007,2026-03-02,9,18.0,0,5,30,35,1,12,13,0.2,0.4,0.37142857142857144,-9.0,0,1
T007,2026-03-09,10,18.0,0,12,6,18,4,1,5,0.3333333333333333,0.16666666666666666,0.2777777777777778,-8.0,0,1
T007,2026-03-16,11,18.0,0,21,26,47,8,11,19,0.38095238095238093,0.4230769230769231,0.40425531914893614,-7.0,0,1
T007,2026-03-23,12,18.0,0,15,15,30,7,6,13,0.4666666666666667,0.4,0.43333333333333335,-6.0,0,1
T007,2026-03-30,13,18.0,0,16,16,32,8,6,14,0.5,0.375,0.4375,-5.0,0,1
T007,2026-04-06,14,18.0,0,11,17,28,2,4,6,0.18181818181818182,0.23529411764705882,0.21428571428571427,-4.0,0,1
T007,2026-04-13,15,18.0,0,6,12,18,3,6,9,0.5,0.5,0.5,-3.0,0,1
T007,2026-04-20,16,18.0,0,12,30,42,4,8,12,0.3333333333333333,0.26666666666666666,0.2857142857142857,-2.0,0,1
T007,2026-04-27,17,18.0,0,9,12,21,5,4,9,0.5555555555555556,0.3333333333333333,0.42857142857142855,-1.0,0,1
T007,2026-05-04,18,18.0,1,18,19,37,13,9,22,0.7222222222222222,0.47368421052631576,0.5945945945945946,0.0,1,1
T007,2026-05-11,19,18.0,1,17,10,27,7,4,11,0.4117647058823529,0.4,0.4074074074074074,1.0,1,1
T007,2026-05-18,20,18.0,1,13,15,28,8,12,20,0.6153846153846154,0.8,0.7142857142857143,2.0,1,1
T007,2026-05-25,21,18.0,1,22,21,43,6,11,17,0.2727272727272727,0.5238095238095238,0.3953488372093023,3.0,1,1
T007,2026-06-01,22,18.0,1,16,19,35,9,13,22,0.5625,0.6842105263157895,0.6285714285714286,4.0,1,1
T007,2026-06-08,23,18.0,1,13,20,33,6,11,17,0.46153846153846156,0.55,0.5151515151515151,5.0,1,1
T007,2026-06-15,24,18.0,1,13,25,38,6,12,18,0.46153846153846156,0.48,0.47368421052631576,6.0,1,1
T007,2026-06-22,25,18.0,1,14,21,35,7,9,16,0.5,0.42857142857142855,0.45714285714285713,7.0,1,1
T007,2026-06-29,26,18.0,1,8,10,18,5,5,10,0.625,0.5,0.5555555555555556,8.0,1,1
T007,2026-07-06,27,18.0,1,18,20,38,11,14,25,0.6111111111111112,0.7,0.6578947368421053,9.0,1,1
T007,2026-07-13,28,18.0,1,17,18,35,9,5,14,0.5294117647058824,0.2777777777777778,0.4,10.0,1,1
T007,2026-07-20,29,18.0,1,13,20,33,6,10,16,0.46153846153846156,0.5,0.48484848484848486,11.0,1,1
T007,2026-07-27,30,18.0,1,15,19,34,7,8,15,0.4666666666666667,0.42105263157894735,0.4411764705882353,12.0,1,1
T008,2026-01-05,1,16.0,0,18,17,35,4,6,10,0.2222222222222222,0.35294117647058826,0.2857142857142857,-15.0,0,1
T008,2026-01-12,2,16.0,0,7,19,26,3,8,11,0.42857142857142855,0.42105263157894735,0.4230769230769231,-14.0,0,1
T008,2026-01-19,3,16.0,0,13,10,23,6,3,9,0.46153846153846156,0.3,0.391304347826087,-13.0,0,1
T008,2026-01-26,4,16.0,0,16,15,31,7,7,14,0.4375,0.4666666666666667,0.45161290322580644,-12.0,0,1
T008,2026-02-02,5,16.0,0,7,10,17,2,6,8,0.2857142857142857,0.6,0.47058823529411764,-11.0,0,1
T008,2026-02-09,6,16.0,0,20,17,37,7,2,9,0.35,0.11764705882352941,0.24324324324324326,-10.0,0,1
T008,2026-02-16,7,16.0,0,14,11,25,6,5,11,0.42857142857142855,0.45454545454545453,0.44,-9.0,0,1
T008,2026-02-23,8,16.0,0,15,14,29,7,5,12,0.4666666666666667,0.35714285714285715,0.41379310344827586,-8.0,0,1
T008,2026-03-02,9,16.0,0,16,14,30,5,5,10,0.3125,0.35714285714285715,0.3333333333333333,-7.0,0,1
T008,2026-03-09,10,16.0,0,17,15,32,4,8,12,0.23529411764705882,0.5333333333333333,0.375,-6.0,0,1
T008,2026-03-16,11,16.0,0,18,14,32,5,4,9,0.2777777777777778,0.2857142857142857,0.28125,-5.0,0,1
T008,2026-03-23,12,16.0,0,8,15,23,2,5,7,0.25,0.3333333333333333,0.30434782608695654,-4.0,0,1
T008,2026-03-30,13,16.0,0,6,8,14,4,4,8,0.6666666666666666,0.5,0.5714285714285714,-3.0,0,1
T008,2026-04-06,14,16.0,0,8,12,20,2,6,8,0.25,0.5,0.4,-2.0,0,1
T008,2026-04-13,15,16.0,0,7,13,20,1,7,8,0.14285714285714285,0.5384615384615384,0.4,-1.0,0,1
T008,2026-04-20,16,16.0,1,13,12,25,2,3,5,0.15384615384615385,0.25,0.2,0.0,1,1
T008,2026-04-27,17,16.0,1,10,13,23,6,2,8,0.6,0.15384615384615385,0.34782608695652173,1.0,1,1
T008,2026-05-04,18,16.0,1,10,16,26,3,6,9,0.3,0.375,0.34615384615384615,2.0,1,1
T008,2026-05-11,19,16.0,1,11,18,29,5,7,12,0.45454545454545453,0.3888888888888889,0.41379310344827586,3.0,1,1
T008,2026-05-18,20,16.0,1,11,16,27,5,6,11,0.45454545454545453,0.375,0.4074074074074074,4.0,1,1
T008,2026-05-25,21,16.0,1,16,16,32,5,4,9,0.3125,0.25,0.28125,5.0,1,1
T008,2026-06-01,22,16.0,1,6,17,23,0,3,3,0.0,0.17647058823529413,0.13043478260869565,6.0,1,1
T008,2026-06-08,23,16.0,1,17,18,35,8,6,14,0.47058823529411764,0.3333333333333333,0.4,7.0,1,1
T008,2026-06-15,24,16.0,1,12,13,25,5,4,9,0.4166666666666667,0.3076923076923077,0.36,8.0,1,1
T008,2026-06-22,25,16.0,1,12,8,20,10,1,11,0.8333333333333334,0.125,0.55,9.0,1,1
T008,2026-06-29,26,16.0,1,14,18,32,6,6,12,0.42857142857142855,0.3333333333333333,0.375,10.0,1,1
T008,2026-07-06,27,16.0,1,12,14,26,6,5,11,0.5,0.35714285714285715,0.4230769230769231,11.0,1,1
T008,2026-07-13,28,16.0,1,8,9,17,0,3,3,0.0,0.3333333333333333,0.17647058823529413,12.0,1,1
T008,2026-07-20,29,16.0,1,13,20,33,4,9,13,0.3076923076923077,0.45,0.3939393939393939,13.0,1,1
T008,2026-07-27,30,16.0,1,16,14,30,10,7,17,0.625,0.5,0.5666666666666667,14.0,1,1
T009,2026-01-05,1,12.0,0,12,12,24,5,4,9,0.4166666666666667,0.3333333333333333,0.375,-11.0,0,1
T009,2026-01-12,2,12.0,0,8,6,14,4,2,6,0.5,0.3333333333333333,0.42857142857142855,-10.0,0,1
T009,2026-01-19,3,12.0,0,12,6,18,4,2,6,0.3333333333333333,0.3333333333333333,0.3333333333333333,-9.0,0,1
T009,2026-01-26,4,12.0,0,12,14,26,3,9,12,0.25,0.6428571428571429,0.46153846153846156,-8.0,0,1
T009,2026-02-02,5,12.0,0,6,17,23,1,6,7,0.16666666666666666,0.35294117647058826,0.30434782608695654,-7.0,0,1
T009,2026-02-09,6,12.0,0,14,20,34,6,5,11,0.42857142857142855,0.25,0.3235294117647059,-6.0,0,1
T009,2026-02-16,7,12.0,0,15,9,24,2,3,5,0.13333333333333333,0.3333333333333333,0.20833333333333334,-5.0,0,1
T009,2026-02-23,8,12.0,0,11,12,23,3,4,7,0.2727272727272727,0.3333333333333333,0.30434782608695654,-4.0,0,1
T009,2026-03-02,9,12.0,0,8,9,17,5,1,6,0.625,0.1111111111111111,0.35294117647058826,-3.0,0,1
T009,2026-03-09,10,12.0,0,7,12,19,1,4,5,0.14285714285714285,0.3333333333333333,0.2631578947368421,-2.0,0,1
T009,2026-03-16,11,12.0,0,11,7,18,4,1,5,0.36363636363636365,0.14285714285714285,0.2777777777777778,-1.0,0,1
T009,2026-03-23,12,12.0,1,10,11,21,2,2,4,0.2,0.18181818181818182,0.19047619047619047,0.0,1,1
T009,2026-03-30,13,12.0,1,7,16,23,4,4,8,0.5714285714285714,0.25,0.34782608695652173,1.0,1,1
T009,2026-04-06,14,12.0,1,14,13,27,4,2,6,0.2857142857142857,0.15384615384615385,0.2222222222222222,2.0,1,1
T009,2026-04-13,15,12.0,1,5,9,14,2,1,3,0.4,0.1111111111111111,0.21428571428571427,3.0,1,1
T009,2026-04-20,16,12.0,1,7,13,20,1,2,3,0.14285714285714285,0.15384615384615385,0.15,4.0,1,1
T009,2026-04-27,17,12.0,1,11,10,21,4,4,8,0.36363636363636365,0.4,0.38095238095238093,5.0,1,1
T009,2026-05-04,18,12.0,1,14,13,27,4,6,10,0.2857142857142857,0.46153846153846156,0.37037037037037035,6.0,1,1
T009,2026-05-11,19,12.0,1,12,8,20,2,1,3,0.16666666666666666,0.125,0.15,7.0,1,1
T009,2026-05-18,20,12.0,1,17,7,24,7,3,10,0.4117647058823529,0.42857142857142855,0.4166666666666667,8.0,1,1
T009,2026-05-25,21,12.0,1,12,13,25,4,1,5,0.3333333333333333,0.07692307692307693,0.2,9.0,1,1
T009,2026-06-01,22,12.0,1,6,11,17,4,6,10,0.6666666666666666,0.5454545454545454,0.5882352941176471,10.0,1,1
T009,2026-06-08,23,12.0,1,10,11,21,4,2,6,0.4,0.18181818181818182,0.2857142857142857,11.0,1,1
T009,2026-06-15,24,12.0,1,11,14,25,7,7,14,0.6363636363636364,0.5,0.56,12.0,1,1
T009,2026-06-22,25,12.0,1,14,18,32,3,3,6,0.21428571428571427,0.16666666666666666,0.1875,13.0,1,1
T009,2026-06-29,26,12.0,1,16,13,29,6,5,11,0.375,0.38461538461538464,0.3793103448275862,14.0,1,1
T009,2026-07-06,27,12.0,1,13,16,29,7,5,12,0.5384615384615384,0.3125,0.41379310344827586,15.0,1,1
T009,2026-07-13,28,12.0,1,8,9,17,2,2,4,0.25,0.2222222222222222,0.23529411764705882,16.0,1,1
T009,2026-07-20,29,12.0,1,8,13,21,4,2,6,0.5,0.15384615384615385,0.2857142857142857,17.0,1,1
T009,2026-07-27,30,12.0,1,13,7,20,5,3,8,0.38461538461538464,0.42857142857142855,0.4,18.0,1,1
T010,2026-01-05,1,,0,17,27,44,11,18,29,0.6470588235294118,0.6666666666666666,0.6590909090909091,,0,1
T010,2026-01-12,2,,0,13,16,29,8,11,19,0.6153846153846154,0.6875,0.6551724137931034,,0,1
T010,2026-01-19,3,,0,11,19,30,5,12,17,0.45454545454545453,0.631578947368421,0.5666666666666667,,0,1
T010,2026-01-26,4,,0,18,12,30,9,8,17,0.5,0.6666666666666666,0.5666666666666667,,0,1
T010,2026-02-02,5,,0,13,32,45,2,18,20,0.15384615384615385,0.5625,0.4444444444444444,,0,1
T010,2026-02-09,6,,0,16,24,40,8,12,20,0.5,0.5,0.5,,0,1
T010,2026-02-16,7,,0,9,21,30,3,14,17,0.3333333333333333,0.6666666666666666,0.5666666666666667,,0,1
T010,2026-02-23,8,,0,10,6,16,7,5,12,0.7,0.8333333333333334,0.75,,0,1
T010,2026-03-02,9,,0,13,12,25,5,8,13,0.38461538461538464,0.6666666666666666,0.52,,0,1
T010,2026-03-09,10,,0,10,20,30,4,6,10,0.4,0.3,0.3333333333333333,,0,1
T010,2026-03-16,11,,0,15,16,31,6,8,14,0.4,0.5,0.45161290322580644,,0,1
T010,2026-03-23,12,,0,11,11,22,6,2,8,0.5454545454545454,0.18181818181818182,0.36363636363636365,,0,1
T010,2026-03-30,13,,0,11,13,24,6,7,13,0.5454545454545454,0.5384615384615384,0.5416666666666666,,0,1
T010,2026-04-06,14,,0,15,16,31,8,13,21,0.5333333333333333,0.8125,0.6774193548387096,,0,1
T010,2026-04-13,15,,0,12,18,30,5,8,13,0.4166666666666667,0.4444444444444444,0.43333333333333335,,0,1
T010,2026-04-20,16,,0,17,17,34,11,7,18,0.6470588235294118,0.4117647058823529,0.5294117647058824,,0,1
T010,2026-04-27,17,,0,11,19,30,5,13,18,0.45454545454545453,0.6842105263157895,0.6,,0,1
T010,2026-05-04,18,,0,12,11,23,8,7,15,0.6666666666666666,0.6363636363636364,0.6521739130434783,,0,1
T010,2026-05-11,19,,0,12,13,25,8,8,16,0.6666666666666666,0.6153846153846154,0.64,,0,1
T010,2026-05-18,20,,0,17,22,39,12,13,25,0.7058823529411765,0.5909090909090909,0.6410256410256411,,0,1
T010,2026-05-25,21,,0,9,21,30,6,15,21,0.6666666666666666,0.7142857142857143,0.7,,0,1
T010,2026-06-01,22,,0,9,12,21,5,8,13,0.5555555555555556,0.6666666666666666,0.6190476190476191,,0,1
T010,2026-06-08,23,,0,14,15,29,10,10,20,0.7142857142857143,0.6666666666666666,0.6896551724137931,,0,1
T010,2026-06-15,24,,0,10,20,30,8,9,17,0.8,0.45,0.5666666666666667,,0,1
T010,2026-06-22,25,,0,24,26,50,14,18,32,0.5833333333333334,0.6923076923076923,0.64,,0,1
T010,2026-06-29,26,,0,8,10,18,4,6,10,0.5,0.6,0.5555555555555556,,0,1
T010,2026-07-06,27,,0,19,17,36,14,6,20,0.7368421052631579,0.35294117647058826,0.5555555555555556,,0,1
T010,2026-07-13,28,,0,17,22,39,8,8,16,0.47058823529411764,0.36363636363636365,0.41025641025641024,,0,1
T010,2026-07-20,29,,0,10,16,26,4,8,12,0.4,0.5,0.46153846153846156,,0,1
T010,2026-07-27,30,,0,13,12,25,4,6,10,0.3076923076923077,0.5,0.4,,0,1
T011,2026-01-05,1,16.0,0,11,22,33,2,6,8,0.18181818181818182,0.2727272727272727,0.24242424242424243,-15.0,0,1
T011,2026-01-12,2,16.0,0,12,15,27,3,5,8,0.25,0.3333333333333333,0.2962962962962963,-14.0,0,1
T011,2026-01-19,3,16.0,0,14,23,37,2,10,12,0.14285714285714285,0.43478260869565216,0.32432432432432434,-13.0,0,1
T011,2026-01-26,4,16.0,0,6,10,16,1,1,2,0.16666666666666666,0.1,0.125,-12.0,0,1
T011,2026-02-02,5,16.0,0,11,19,30,6,11,17,0.5454545454545454,0.5789473684210527,0.5666666666666667,-11.0,0,1
T011,2026-02-09,6,16.0,0,11,11,22,3,4,7,0.2727272727272727,0.36363636363636365,0.3181818181818182,-10.0,0,1
T011,2026-02-16,7,16.0,0,7,18,25,0,4,4,0.0,0.2222222222222222,0.16,-9.0,0,1
T011,2026-02-23,8,16.0,0,8,20,28,4,7,11,0.5,0.35,0.39285714285714285,-8.0,0,1
T011,2026-03-02,9,16.0,0,13,25,38,4,9,13,0.3076923076923077,0.36,0.34210526315789475,-7.0,0,1
T011,2026-03-09,10,16.0,0,22,15,37,5,4,9,0.22727272727272727,0.26666666666666666,0.24324324324324326,-6.0,0,1
T011,2026-03-16,11,16.0,0,5,23,28,5,7,12,1.0,0.30434782608695654,0.42857142857142855,-5.0,0,1
T011,2026-03-23,12,16.0,0,11,10,21,5,2,7,0.45454545454545453,0.2,0.3333333333333333,-4.0,0,1
T011,2026-03-30,13,16.0,0,13,12,25,3,4,7,0.23076923076923078,0.3333333333333333,0.28,-3.0,0,1
T011,2026-04-06,14,16.0,0,14,25,39,7,4,11,0.5,0.16,0.28205128205128205,-2.0,0,1
T011,2026-04-13,15,16.0,0,8,14,22,0,4,4,0.0,0.2857142857142857,0.18181818181818182,-1.0,0,1
T011,2026-04-20,16,16.0,1,17,9,26,6,5,11,0.35294117647058826,0.5555555555555556,0.4230769230769231,0.0,1,1
T011,2026-04-27,17,16.0,1,17,20,37,5,9,14,0.29411764705882354,0.45,0.3783783783783784,1.0,1,1
T011,2026-05-04,18,16.0,1,14,16,30,4,4,8,0.2857142857142857,0.25,0.26666666666666666,2.0,1,1
T011,2026-05-11,19,16.0,1,11,16,27,6,12,18,0.5454545454545454,0.75,0.6666666666666666,3.0,1,1
T011,2026-05-18,20,16.0,1,17,25,42,6,7,13,0.35294117647058826,0.28,0.30952380952380953,4.0,1,1
T011,2026-05-25,21,16.0,1,19,22,41,8,6,14,0.42105263157894735,0.2727272727272727,0.34146341463414637,5.0,1,1
T011,2026-06-01,22,16.0,1,10,20,30,3,9,12,0.3,0.45,0.4,6.0,1,1
T011,2026-06-08,23,16.0,1,8,17,25,4,7,11,0.5,0.4117647058823529,0.44,7.0,1,1
T011,2026-06-15,24,16.0,1,17,18,35,6,8,14,0.35294117647058826,0.4444444444444444,0.4,8.0,1,1
T011,2026-06-22,25,16.0,1,12,13,25,4,6,10,0.3333333333333333,0.46153846153846156,0.4,9.0,1,1
T011,2026-06-29,26,16.0,1,14,8,22,2,1,3,0.14285714285714285,0.125,0.13636363636363635,10.0,1,1
T011,2026-07-06,27,16.0,1,13,17,30,5,6,11,0.38461538461538464,0.35294117647058826,0.36666666666666664,11.0,1,1
T011,2026-07-13,28,16.0,1,12,18,30,3,7,10,0.25,0.3888888888888889,0.3333333333333333,12.0,1,1
T011,2026-07-20,29,16.0,1,16,12,28,9,2,11,0.5625,0.16666666666666666,0.39285714285714285,13.0,1,1
T011,2026-07-27,30,16.0,1,10,23,33,3,10,13,0.3,0.43478260869565216,0.3939393939393939,14.0,1,1
T012,2026-01-05,1,20.0,0,20,20,40,14,14,28,0.7,0.7,0.7,-19.0,0,1
T012,2026-01-12,2,20.0,0,18,19,37,13,12,25,0.7222222222222222,0.631578947368421,0.6756756756756757,-18.0,0,1
T012,2026-01-19,3,20.0,0,22,34,56,12,23,35,0.5454545454545454,0.6764705882352942,0.625,-17.0,0,1
T012,2026-01-26,4,20.0,0,12,26,38,7,14,21,0.5833333333333334,0.5384615384615384,0.5526315789473685,-16.0,0,1
T012,2026-02-02,5,20.0,0,24,20,44,10,9,19,0.4166666666666667,0.45,0.4318181818181818,-15.0,0,1
T012,2026-02-09,6,20.0,0,19,25,44,8,15,23,0.42105263157894735,0.6,0.5227272727272727,-14.0,0,1
T012,2026-02-16,7,20.0,0,15,24,39,9,13,22,0.6,0.5416666666666666,0.5641025641025641,-13.0,0,1
T012,2026-02-23,8,20.0,0,11,16,27,8,11,19,0.7272727272727273,0.6875,0.7037037037037037,-12.0,0,1
T012,2026-03-02,9,20.0,0,21,19,40,11,9,20,0.5238095238095238,0.47368421052631576,0.5,-11.0,0,1
T012,2026-03-09,10,20.0,0,25,17,42,15,10,25,0.6,0.5882352941176471,0.5952380952380952,-10.0,0,1
T012,2026-03-16,11,20.0,0,13,21,34,10,10,20,0.7692307692307693,0.47619047619047616,0.5882352941176471,-9.0,0,1
T012,2026-03-23,12,20.0,0,25,30,55,11,18,29,0.44,0.6,0.5272727272727272,-8.0,0,1
T012,2026-03-30,13,20.0,0,20,27,47,11,16,27,0.55,0.5925925925925926,0.574468085106383,-7.0,0,1
T012,2026-04-06,14,20.0,0,16,21,37,9,13,22,0.5625,0.6190476190476191,0.5945945945945946,-6.0,0,1
T012,2026-04-13,15,20.0,0,18,28,46,11,17,28,0.6111111111111112,0.6071428571428571,0.6086956521739131,-5.0,0,1
T012,2026-04-20,16,20.0,0,12,29,41,9,16,25,0.75,0.5517241379310345,0.6097560975609756,-4.0,0,1
T012,2026-04-27,17,20.0,0,22,20,42,13,10,23,0.5909090909090909,0.5,0.5476190476190477,-3.0,0,1
T012,2026-05-04,18,20.0,0,15,23,38,10,14,24,0.6666666666666666,0.6086956521739131,0.631578947368421,-2.0,0,1
T012,2026-05-11,19,20.0,0,22,36,58,13,23,36,0.5909090909090909,0.6388888888888888,0.6206896551724138,-1.0,0,1
T012,2026-05-18,20,20.0,1,23,26,49,16,22,38,0.6956521739130435,0.8461538461538461,0.7755102040816326,0.0,1,1
T012,2026-05-25,21,20.0,1,26,27,53,21,21,42,0.8076923076923077,0.7777777777777778,0.7924528301886793,1.0,1,1
T012,2026-06-01,22,20.0,1,25,39,64,18,28,46,0.72,0.717948717948718,0.71875,2.0,1,1
T012,2026-06-08,23,20.0,1,30,30,60,18,20,38,0.6,0.6666666666666666,0.6333333333333333,3.0,1,1
T012,2026-06-15,24,20.0,1,21,35,56,13,24,37,0.6190476190476191,0.6857142857142857,0.6607142857142857,4.0,1,1
T012,2026-06-22,25,20.0,1,23,28,51,12,16,28,0.5217391304347826,0.5714285714285714,0.5490196078431373,5.0,1,1
T012,2026-06-29,26,20.0,1,24,36,60,17,22,39,0.7083333333333334,0.6111111111111112,0.65,6.0,1,1
T012,2026-07-06,27,20.0,1,23,18,41,18,10,28,0.782608695652174,0.5555555555555556,0.6829268292682927,7.0,1,1
T012,2026-07-13,28,20.0,1,19,33,52,10,20,30,0.5263157894736842,0.6060606060606061,0.5769230769230769,8.0,1,1
T012,2026-07-20,29,20.0,1,32,33,65,19,20,39,0.59375,0.6060606060606061,0.6,9.0,1,1
T012,2026-07-27,30,20.0,1,15,28,43,11,20,31,0.7333333333333333,0.7142857142857143,0.7209302325581395,10.0,1,1
T013,2026-01-05,1,12.0,0,12,7,19,2,5,7,0.16666666666666666,0.7142857142857143,0.3684210526315789,-11.0,0,1
T013,2026-01-12,2,12.0,0,7,10,17,5,3,8,0.7142857142857143,0.3,0.47058823529411764,-10.0,0,1
T013,2026-01-19,3,12.0,0,12,23,35,6,7,13,0.5,0.30434782608695654,0.37142857142857144,-9.0,0,1
T013,2026-01-26,4,12.0,0,10,9,19,5,2,7,0.5,0.2222222222222222,0.3684210526315789,-8.0,0,1
T013,2026-02-02,5,12.0,0,11,8,19,4,3,7,0.36363636363636365,0.375,0.3684210526315789,-7.0,0,1
T013,2026-02-09,6,12.0,0,8,17,25,5,7,12,0.625,0.4117647058823529,0.48,-6.0,0,1
T013,2026-02-16,7,12.0,0,4,12,16,3,7,10,0.75,0.5833333333333334,0.625,-5.0,0,1
T013,2026-02-23,8,12.0,0,17,14,31,5,9,14,0.29411764705882354,0.6428571428571429,0.45161290322580644,-4.0,0,1
T013,2026-03-02,9,12.0,0,6,15,21,2,4,6,0.3333333333333333,0.26666666666666666,0.2857142857142857,-3.0,0,1
T013,2026-03-09,10,12.0,0,17,12,29,7,0,7,0.4117647058823529,0.0,0.2413793103448276,-2.0,0,1
T013,2026-03-16,11,12.0,0,21,15,36,8,4,12,0.38095238095238093,0.26666666666666666,0.3333333333333333,-1.0,0,1
T013,2026-03-23,12,12.0,1,13,10,23,4,4,8,0.3076923076923077,0.4,0.34782608695652173,0.0,1,1
T013,2026-03-30,13,12.0,1,14,19,33,5,6,11,0.35714285714285715,0.3157894736842105,0.3333333333333333,1.0,1,1
T013,2026-04-06,14,12.0,1,8,15,23,3,6,9,0.375,0.4,0.391304347826087,2.0,1,1
T013,2026-04-13,15,12.0,1,8,11,19,4,3,7,0.5,0.2727272727272727,0.3684210526315789,3.0,1,1
T013,2026-04-20,16,12.0,1,11,17,28,3,6,9,0.2727272727272727,0.35294117647058826,0.32142857142857145,4.0,1,1
T013,2026-04-27,17,12.0,1,11,11,22,7,7,14,0.6363636363636364,0.6363636363636364,0.6363636363636364,5.0,1,1
T013,2026-05-04,18,12.0,1,17,10,27,5,4,9,0.29411764705882354,0.4,0.3333333333333333,6.0,1,1
T013,2026-05-11,19,12.0,1,18,12,30,7,6,13,0.3888888888888889,0.5,0.43333333333333335,7.0,1,1
T013,2026-05-18,20,12.0,1,16,14,30,7,9,16,0.4375,0.6428571428571429,0.5333333333333333,8.0,1,1
T013,2026-05-25,21,12.0,1,9,15,24,7,7,14,0.7777777777777778,0.4666666666666667,0.5833333333333334,9.0,1,1
T013,2026-06-01,22,12.0,1,14,12,26,7,8,15,0.5,0.6666666666666666,0.5769230769230769,10.0,1,1
T013,2026-06-08,23,12.0,1,21,16,37,7,8,15,0.3333333333333333,0.5,0.40540540540540543,11.0,1,1
T013,2026-06-15,24,12.0,1,18,13,31,7,5,12,0.3888888888888889,0.38461538461538464,0.3870967741935484,12.0,1,1
T013,2026-06-22,25,12.0,1,8,11,19,2,6,8,0.25,0.5454545454545454,0.42105263157894735,13.0,1,1
T013,2026-06-29,26,12.0,1,14,13,27,7,3,10,0.5,0.23076923076923078,0.37037037037037035,14.0,1,1
T013,2026-07-06,27,12.0,1,11,13,24,6,5,11,0.5454545454545454,0.38461538461538464,0.4583333333333333,15.0,1,1
T013,2026-07-13,28,12.0,1,13,13,26,4,4,8,0.3076923076923077,0.3076923076923077,0.3076923076923077,16.0,1,1
T013,2026-07-20,29,12.0,1,16,12,28,6,3,9,0.375,0.25,0.32142857142857145,17.0,1,1
T013,2026-07-27,30,12.0,1,15,18,33,7,6,13,0.4666666666666667,0.3333333333333333,0.3939393939393939,18.0,1,1
T014,2026-01-05,1,,0,17,10,27,6,4,10,0.35294117647058826,0.4,0.37037037037037035,,0,1
T014,2026-01-12,2,,0,16,14,30,9,10,19,0.5625,0.7142857142857143,0.6333333333333333,,0,1
T014,2026-01-19,3,,0,10,21,31,9,19,28,0.9,0.9047619047619048,0.9032258064516129,,0,1
T014,2026-01-26,4,,0,9,12,21,3,11,14,0.3333333333333333,0.9166666666666666,0.6666666666666666,,0,1
T014,2026-02-02,5,,0,12,16,28,7,11,18,0.5833333333333334,0.6875,0.6428571428571429,,0,1
T014,2026-02-09,6,,0,10,11,21,4,8,12,0.4,0.7272727272727273,0.5714285714285714,,0,1
T014,2026-02-16,7,,0,9,17,26,4,9,13,0.4444444444444444,0.5294117647058824,0.5,,0,1
T014,2026-02-23,8,,0,14,13,27,6,6,12,0.42857142857142855,0.46153846153846156,0.4444444444444444,,0,1
T014,2026-03-02,9,,0,9,9,18,7,5,12,0.7777777777777778,0.5555555555555556,0.6666666666666666,,0,1
T014,2026-03-09,10,,0,9,11,20,6,5,11,0.6666666666666666,0.45454545454545453,0.55,,0,1
T014,2026-03-16,11,,0,13,18,31,11,12,23,0.8461538461538461,0.6666666666666666,0.7419354838709677,,0,1
T014,2026-03-23,12,,0,11,11,22,6,7,13,0.5454545454545454,0.6363636363636364,0.5909090909090909,,0,1
T014,2026-03-30,13,,0,11,13,24,5,8,13,0.45454545454545453,0.6153846153846154,0.5416666666666666,,0,1
T014,2026-04-06,14,,0,12,13,25,6,12,18,0.5,0.9230769230769231,0.72,,0,1
T014,2026-04-13,15,,0,7,14,21,4,10,14,0.5714285714285714,0.7142857142857143,0.6666666666666666,,0,1
T014,2026-04-20,16,,0,13,13,26,9,7,16,0.6923076923076923,0.5384615384615384,0.6153846153846154,,0,1
T014,2026-04-27,17,,0,9,11,20,6,5,11,0.6666666666666666,0.45454545454545453,0.55,,0,1
T014,2026-05-04,18,,0,9,11,20,6,7,13,0.6666666666666666,0.6363636363636364,0.65,,0,1
T014,2026-05-11,19,,0,10,9,19,6,6,12,0.6,0.6666666666666666,0.631578947368421,,0,1
T014,2026-05-18,20,,0,6,19,25,4,12,16,0.6666666666666666,0.631578947368421,0.64,,0,1
T014,2026-05-25,21,,0,19,7,26,11,2,13,0.5789473684210527,0.2857142857142857,0.5,,0,1
T014,2026-06-01,22,,0,10,9,19,5,5,10,0.5,0.5555555555555556,0.5263157894736842,,0,1
T014,2026-06-08,23,,0,7,12,19,6,8,14,0.8571428571428571,0.6666666666666666,0.7368421052631579,,0,1
T014,2026-06-15,24,,0,13,9,22,8,9,17,0.6153846153846154,1.0,0.7727272727272727,,0,1
T014,2026-06-22,25,,0,13,13,26,11,7,18,0.8461538461538461,0.5384615384615384,0.6923076923076923,,0,1
T014,2026-06-29,26,,0,15,18,33,14,11,25,0.9333333333333333,0.6111111111111112,0.7575757575757576,,0,1
T014,2026-07-06,27,,0,4,12,16,3,10,13,0.75,0.8333333333333334,0.8125,,0,1
T014,2026-07-13,28,,0,10,13,23,5,5,10,0.5,0.38461538461538464,0.43478260869565216,,0,1
T014,2026-07-20,29,,0,5,8,13,5,6,11,1.0,0.75,0.8461538461538461,,0,1
T014,2026-07-27,30,,0,12,15,27,7,5,12,0.5833333333333334,0.3333333333333333,0.4444444444444444,,0,1
T015,2026-01-05,1,,0,19,29,48,12,25,37,0.631578947368421,0.8620689655172413,0.7708333333333334,,0,1
T015,2026-01-12,2,,0,33,34,67,25,28,53,0.7575757575757576,0.8235294117647058,0.7910447761194029,,0,1
T015,2026-01-19,3,,0,31,27,58,24,21,45,0.7741935483870968,0.7777777777777778,0.7758620689655172,,0,1
T015,2026-01-26,4,,0,30,34,64,22,30,52,0.7333333333333333,0.8823529411764706,0.8125,,0,1
T015,2026-02-02,5,,0,27,27,54,24,22,46,0.8888888888888888,0.8148148148148148,0.8518518518518519,,0,1
T015,2026-02-09,6,,0,23,34,57,19,25,44,0.8260869565217391,0.7352941176470589,0.7719298245614035,,0,1
T015,2026-02-16,7,,0,17,26,43,14,17,31,0.8235294117647058,0.6538461538461539,0.7209302325581395,,0,1
T015,2026-02-23,8,,0,21,27,48,14,23,37,0.6666666666666666,0.8518518518518519,0.7708333333333334,,0,1
T015,2026-03-02,9,,0,15,20,35,10,15,25,0.6666666666666666,0.75,0.7142857142857143,,0,1
T015,2026-03-09,10,,0,18,38,56,13,32,45,0.7222222222222222,0.8421052631578947,0.8035714285714286,,0,1
T015,2026-03-16,11,,0,27,26,53,17,19,36,0.6296296296296297,0.7307692307692307,0.6792452830188679,,0,1
T015,2026-03-23,12,,0,16,26,42,12,20,32,0.75,0.7692307692307693,0.7619047619047619,,0,1
T015,2026-03-30,13,,0,23,25,48,18,19,37,0.782608695652174,0.76,0.7708333333333334,,0,1
T015,2026-04-06,14,,0,20,32,52,15,23,38,0.75,0.71875,0.7307692307692307,,0,1
T015,2026-04-13,15,,0,19,25,44,14,22,36,0.7368421052631579,0.88,0.8181818181818182,,0,1
T015,2026-04-20,16,,0,27,33,60,22,26,48,0.8148148148148148,0.7878787878787878,0.8,,0,1
T015,2026-04-27,17,,0,27,42,69,24,34,58,0.8888888888888888,0.8095238095238095,0.8405797101449275,,0,1
T015,2026-05-04,18,,0,15,21,36,11,19,30,0.7333333333333333,0.9047619047619048,0.8333333333333334,,0,1
T015,2026-05-11,19,,0,27,34,61,21,24,45,0.7777777777777778,0.7058823529411765,0.7377049180327869,,0,1
T015,2026-05-18,20,,0,18,20,38,17,18,35,0.9444444444444444,0.9,0.9210526315789473,,0,1
T015,2026-05-25,21,,0,18,31,49,16,23,39,0.8888888888888888,0.7419354838709677,0.7959183673469388,,0,1
T015,2026-06-01,22,,0,21,35,56,18,31,49,0.8571428571428571,0.8857142857142857,0.875,,0,1
T015,2026-06-08,23,,0,27,32,59,24,27,51,0.8888888888888888,0.84375,0.864406779661017,,0,1
T015,2026-06-15,24,,0,25,29,54,21,22,43,0.84,0.7586206896551724,0.7962962962962963,,0,1
T015,2026-06-22,25,,0,20,27,47,14,24,38,0.7,0.8888888888888888,0.8085106382978723,,0,1
T015,2026-06-29,26,,0,21,41,62,19,33,52,0.9047619047619048,0.8048780487804879,0.8387096774193549,,0,1
T015,2026-07-06,27,,0,10,23,33,8,19,27,0.8,0.8260869565217391,0.8181818181818182,,0,1
T015,2026-07-13,28,,0,26,31,57,17,26,43,0.6538461538461539,0.8387096774193549,0.7543859649122807,,0,1
T015,2026-07-20,29,,0,25,35,60,22,27,49,0.88,0.7714285714285715,0.8166666666666667,,0,1
T015,2026-07-27,30,,0,22,17,39,18,13,31,0.8181818181818182,0.7647058823529411,0.7948717948717948,,0,1
T016,2026-01-05,1,,0,6,11,17,4,4,8,0.6666666666666666,0.36363636363636365,0.47058823529411764,,0,1
T016,2026-01-12,2,,0,6,6,12,3,2,5,0.5,0.3333333333333333,0.4166666666666667,,0,1
T016,2026-01-19,3,,0,11,7,18,7,4,11,0.6363636363636364,0.5714285714285714,0.6111111111111112,,0,1
T016,2026-01-26,4,,0,5,9,14,3,7,10,0.6,0.7777777777777778,0.7142857142857143,,0,1
T016,2026-02-02,5,,0,4,9,13,3,3,6,0.75,0.3333333333333333,0.46153846153846156,,0,1
T016,2026-02-09,6,,0,9,7,16,3,4,7,0.3333333333333333,0.5714285714285714,0.4375,,0,1
T016,2026-02-16,7,,0,8,6,14,4,2,6,0.5,0.3333333333333333,0.42857142857142855,,0,1
T016,2026-02-23,8,,0,5,6,11,2,1,3,0.4,0.16666666666666666,0.2727272727272727,,0,1
T016,2026-03-02,9,,0,6,7,13,3,2,5,0.5,0.2857142857142857,0.38461538461538464,,0,1
T016,2026-03-09,10,,0,9,11,20,3,4,7,0.3333333333333333,0.36363636363636365,0.35,,0,1
T016,2026-03-16,11,,0,5,11,16,3,6,9,0.6,0.5454545454545454,0.5625,,0,1
T016,2026-03-23,12,,0,5,8,13,1,3,4,0.2,0.375,0.3076923076923077,,0,1
T016,2026-03-30,13,,0,7,10,17,2,8,10,0.2857142857142857,0.8,0.5882352941176471,,0,1
T016,2026-04-06,14,,0,9,8,17,3,4,7,0.3333333333333333,0.5,0.4117647058823529,,0,1
T016,2026-04-13,15,,0,11,12,23,5,6,11,0.45454545454545453,0.5,0.4782608695652174,,0,1
T016,2026-04-20,16,,0,7,11,18,3,3,6,0.42857142857142855,0.2727272727272727,0.3333333333333333,,0,1
T016,2026-04-27,17,,0,10,6,16,6,2,8,0.6,0.3333333333333333,0.5,,0,1
T016,2026-05-04,18,,0,8,10,18,2,3,5,0.25,0.3,0.2777777777777778,,0,1
T016,2026-05-11,19,,0,9,8,17,5,4,9,0.5555555555555556,0.5,0.5294117647058824,,0,1
T016,2026-05-18,20,,0,8,7,15,2,2,4,0.25,0.2857142857142857,0.26666666666666666,,0,1
T016,2026-05-25,21,,0,10,13,23,8,3,11,0.8,0.23076923076923078,0.4782608695652174,,0,1
T016,2026-06-01,22,,0,10,6,16,5,0,5,0.5,0.0,0.3125,,0,1
T016,2026-06-08,23,,0,11,6,17,4,1,5,0.36363636363636365,0.16666666666666666,0.29411764705882354,,0,1
T016,2026-06-15,24,,0,6,6,12,3,4,7,0.5,0.6666666666666666,0.5833333333333334,,0,1
T016,2026-06-22,25,,0,6,10,16,4,5,9,0.6666666666666666,0.5,0.5625,,0,1
T016,2026-06-29,26,,0,6,7,13,1,3,4,0.16666666666666666,0.42857142857142855,0.3076923076923077,,0,1
T016,2026-07-06,27,,0,6,13,19,1,8,9,0.16666666666666666,0.6153846153846154,0.47368421052631576,,0,1
T016,2026-07-13,28,,0,8,13,21,4,7,11,0.5,0.5384615384615384,0.5238095238095238,,0,1
T016,2026-07-20,29,,0,9,14,23,0,3,3,0.0,0.21428571428571427,0.13043478260869565,,0,1
T016,2026-07-27,30,,0,4,6,10,1,2,3,0.25,0.3333333333333333,0.3,,0,1
T017,2026-01-05,1,14.0,0,13,27,40,3,13,16,0.23076923076923078,0.48148148148148145,0.4,-13.0,0,1
T017,2026-01-12,2,14.0,0,8,11,19,3,6,9,0.375,0.5454545454545454,0.47368421052631576,-12.0,0,1
T017,2026-01-19,3,14.0,0,9,11,20,2,5,7,0.2222222222222222,0.45454545454545453,0.35,-11.0,0,1
T017,2026-01-26,4,14.0,0,16,15,31,6,5,11,0.375,0.3333333333333333,0.3548387096774194,-10.0,0,1
T017,2026-02-02,5,14.0,0,12,22,34,2,8,10,0.16666666666666666,0.36363636363636365,0.29411764705882354,-9.0,0,1
T017,2026-02-09,6,14.0,0,11,22,33,8,7,15,0.7272727272727273,0.3181818181818182,0.45454545454545453,-8.0,0,1
T017,2026-02-16,7,14.0,0,17,12,29,4,5,9,0.23529411764705882,0.4166666666666667,0.3103448275862069,-7.0,0,1
T017,2026-02-23,8,14.0,0,12,13,25,4,3,7,0.3333333333333333,0.23076923076923078,0.28,-6.0,0,1
T017,2026-03-02,9,14.0,0,10,16,26,3,6,9,0.3,0.375,0.34615384615384615,-5.0,0,1
T017,2026-03-09,10,14.0,0,9,19,28,4,7,11,0.4444444444444444,0.3684210526315789,0.39285714285714285,-4.0,0,1
T017,2026-03-16,11,14.0,0,6,17,23,1,3,4,0.16666666666666666,0.17647058823529413,0.17391304347826086,-3.0,0,1
T017,2026-03-23,12,14.0,0,6,17,23,2,8,10,0.3333333333333333,0.47058823529411764,0.43478260869565216,-2.0,0,1
T017,2026-03-30,13,14.0,0,10,14,24,4,1,5,0.4,0.07142857142857142,0.20833333333333334,-1.0,0,1
T017,2026-04-06,14,14.0,1,12,20,32,9,6,15,0.75,0.3,0.46875,0.0,1,1
T017,2026-04-13,15,14.0,1,12,14,26,7,8,15,0.5833333333333334,0.5714285714285714,0.5769230769230769,1.0,1,1
T017,2026-04-20,16,14.0,1,15,21,36,10,12,22,0.6666666666666666,0.5714285714285714,0.6111111111111112,2.0,1,1
T017,2026-04-27,17,14.0,1,13,18,31,8,10,18,0.6153846153846154,0.5555555555555556,0.5806451612903226,3.0,1,1
T017,2026-05-04,18,14.0,1,12,15,27,8,2,10,0.6666666666666666,0.13333333333333333,0.37037037037037035,4.0,1,1
T017,2026-05-11,19,14.0,1,16,23,39,5,10,15,0.3125,0.43478260869565216,0.38461538461538464,5.0,1,1
T017,2026-05-18,20,14.0,1,7,22,29,5,9,14,0.7142857142857143,0.4090909090909091,0.4827586206896552,6.0,1,1
T017,2026-05-25,21,14.0,1,18,28,46,9,12,21,0.5,0.42857142857142855,0.45652173913043476,7.0,1,1
T017,2026-06-01,22,14.0,1,10,16,26,4,9,13,0.4,0.5625,0.5,8.0,1,1
T017,2026-06-08,23,14.0,1,15,20,35,5,12,17,0.3333333333333333,0.6,0.4857142857142857,9.0,1,1
T017,2026-06-15,24,14.0,1,15,15,30,7,9,16,0.4666666666666667,0.6,0.5333333333333333,10.0,1,1
T017,2026-06-22,25,14.0,1,12,11,23,2,7,9,0.16666666666666666,0.6363636363636364,0.391304347826087,11.0,1,1
T017,2026-06-29,26,14.0,1,12,21,33,6,7,13,0.5,0.3333333333333333,0.3939393939393939,12.0,1,1
T017,2026-07-06,27,14.0,1,10,20,30,4,9,13,0.4,0.45,0.43333333333333335,13.0,1,1
T017,2026-07-13,28,14.0,1,14,16,30,6,2,8,0.42857142857142855,0.125,0.26666666666666666,14.0,1,1
T017,2026-07-20,29,14.0,1,12,13,25,6,7,13,0.5,0.5384615384615384,0.52,15.0,1,1
T017,2026-07-27,30,14.0,1,23,13,36,10,5,15,0.43478260869565216,0.38461538461538464,0.4166666666666667,16.0,1,1
T018,2026-01-05,1,,0,7,9,16,4,6,10,0.5714285714285714,0.6666666666666666,0.625,,0,1
T018,2026-01-12,2,,0,8,10,18,2,5,7,0.25,0.5,0.3888888888888889,,0,1
T018,2026-01-19,3,,0,4,12,16,4,4,8,1.0,0.3333333333333333,0.5,,0,1
T018,2026-01-26,4,,0,9,10,19,5,4,9,0.5555555555555556,0.4,0.47368421052631576,,0,1
T018,2026-02-02,5,,0,11,7,18,7,5,12,0.6363636363636364,0.7142857142857143,0.6666666666666666,,0,1
T018,2026-02-09,6,,0,6,7,13,3,3,6,0.5,0.42857142857142855,0.46153846153846156,,0,1
T018,2026-02-16,7,,0,6,6,12,1,2,3,0.16666666666666666,0.3333333333333333,0.25,,0,1
T018,2026-02-23,8,,0,13,9,22,7,5,12,0.5384615384615384,0.5555555555555556,0.5454545454545454,,0,1
T018,2026-03-02,9,,0,5,13,18,1,6,7,0.2,0.46153846153846156,0.3888888888888889,,0,1
T018,2026-03-09,10,,0,7,12,19,1,6,7,0.14285714285714285,0.5,0.3684210526315789,,0,1
T018,2026-03-16,11,,0,4,6,10,0,2,2,0.0,0.3333333333333333,0.2,,0,1
T018,2026-03-23,12,,0,10,11,21,3,8,11,0.3,0.7272727272727273,0.5238095238095238,,0,1
T018,2026-03-30,13,,0,8,6,14,5,2,7,0.625,0.3333333333333333,0.5,,0,1
T018,2026-04-06,14,,0,9,9,18,3,3,6,0.3333333333333333,0.3333333333333333,0.3333333333333333,,0,1
T018,2026-04-13,15,,0,5,11,16,1,3,4,0.2,0.2727272727272727,0.25,,0,1
T018,2026-04-20,16,,0,7,11,18,4,3,7,0.5714285714285714,0.2727272727272727,0.3888888888888889,,0,1
T018,2026-04-27,17,,0,14,8,22,5,4,9,0.35714285714285715,0.5,0.4090909090909091,,0,1
T018,2026-05-04,18,,0,8,9,17,2,4,6,0.25,0.4444444444444444,0.35294117647058826,,0,1
T018,2026-05-11,19,,0,9,7,16,2,1,3,0.2222222222222222,0.14285714285714285,0.1875,,0,1
T018,2026-05-18,20,,0,17,8,25,4,2,6,0.23529411764705882,0.25,0.24,,0,1
T018,2026-05-25,21,,0,4,9,13,3,3,6,0.75,0.3333333333333333,0.46153846153846156,,0,1
T018,2026-06-01,22,,0,11,10,21,5,5,10,0.45454545454545453,0.5,0.47619047619047616,,0,1
T018,2026-06-08,23,,0,4,13,17,2,5,7,0.5,0.38461538461538464,0.4117647058823529,,0,1
T018,2026-06-15,24,,0,7,7,14,3,6,9,0.42857142857142855,0.8571428571428571,0.6428571428571429,,0,1
T018,2026-06-22,25,,0,9,7,16,6,4,10,0.6666666666666666,0.5714285714285714,0.625,,0,1
T018,2026-06-29,26,,0,5,7,12,1,4,5,0.2,0.5714285714285714,0.4166666666666667,,0,1
T018,2026-07-06,27,,0,9,12,21,1,3,4,0.1111111111111111,0.25,0.19047619047619047,,0,1
T018,2026-07-13,28,,0,7,6,13,3,4,7,0.42857142857142855,0.6666666666666666,0.5384615384615384,,0,1
T018,2026-07-20,29,,0,6,6,12,1,5,6,0.16666666666666666,0.8333333333333334,0.5,,0,1
T018,2026-07-27,30,,0,9,7,16,4,2,6,0.4444444444444444,0.2857142857142857,0.375,,0,1
T019,2026-01-05,1,,0,9,14,23,6,8,14,0.6666666666666666,0.5714285714285714,0.6086956521739131,,0,1
T019,2026-01-12,2,,0,12,16,28,7,8,15,0.5833333333333334,0.5,0.5357142857142857,,0,1
T019,2026-01-19,3,,0,9,10,19,6,6,12,0.6666666666666666,0.6,0.631578947368421,,0,1
T019,2026-01-26,4,,0,16,13,29,7,9,16,0.4375,0.6923076923076923,0.5517241379310345,,0,1
T019,2026-02-02,5,,0,17,15,32,7,11,18,0.4117647058823529,0.7333333333333333,0.5625,,0,1
T019,2026-02-09,6,,0,9,7,16,1,3,4,0.1111111111111111,0.42857142857142855,0.25,,0,1
T019,2026-02-16,7,,0,14,20,34,7,16,23,0.5,0.8,0.6764705882352942,,0,1
T019,2026-02-23,8,,0,10,14,24,3,6,9,0.3,0.42857142857142855,0.375,,0,1
T019,2026-03-02,9,,0,6,14,20,3,9,12,0.5,0.6428571428571429,0.6,,0,1
T019,2026-03-09,10,,0,15,16,31,6,8,14,0.4,0.5,0.45161290322580644,,0,1
T019,2026-03-16,11,,0,15,17,32,10,8,18,0.6666666666666666,0.47058823529411764,0.5625,,0,1
T019,2026-03-23,12,,0,12,16,28,5,9,14,0.4166666666666667,0.5625,0.5,,0,1
T019,2026-03-30,13,,0,14,14,28,7,6,13,0.5,0.42857142857142855,0.4642857142857143,,0,1
T019,2026-04-06,14,,0,22,12,34,11,9,20,0.5,0.75,0.5882352941176471,,0,1
T019,2026-04-13,15,,0,12,18,30,7,8,15,0.5833333333333334,0.4444444444444444,0.5,,0,1
T019,2026-04-20,16,,0,9,14,23,4,7,11,0.4444444444444444,0.5,0.4782608695652174,,0,1
T019,2026-04-27,17,,0,11,12,23,7,8,15,0.6363636363636364,0.6666666666666666,0.6521739130434783,,0,1
T019,2026-05-04,18,,0,14,11,25,8,5,13,0.5714285714285714,0.45454545454545453,0.52,,0,1
T019,2026-05-11,19,,0,15,10,25,11,6,17,0.7333333333333333,0.6,0.68,,0,1
T019,2026-05-18,20,,0,11,18,29,6,15,21,0.5454545454545454,0.8333333333333334,0.7241379310344828,,0,1
T019,2026-05-25,21,,0,13,12,25,8,7,15,0.6153846153846154,0.5833333333333334,0.6,,0,1
T019,2026-06-01,22,,0,8,12,20,5,7,12,0.625,0.5833333333333334,0.6,,0,1
T019,2026-06-08,23,,0,10,13,23,4,7,11,0.4,0.5384615384615384,0.4782608695652174,,0,1
T019,2026-06-15,24,,0,18,17,35,11,9,20,0.6111111111111112,0.5294117647058824,0.5714285714285714,,0,1
T019,2026-06-22,25,,0,15,19,34,8,7,15,0.5333333333333333,0.3684210526315789,0.4411764705882353,,0,1
T019,2026-06-29,26,,0,15,7,22,8,5,13,0.5333333333333333,0.7142857142857143,0.5909090909090909,,0,1
T019,2026-07-06,27,,0,16,12,28,6,6,12,0.375,0.5,0.42857142857142855,,0,1
T019,2026-07-13,28,,0,7,11,18,5,6,11,0.7142857142857143,0.5454545454545454,0.6111111111111112,,0,1
T019,2026-07-20,29,,0,14,10,24,11,7,18,0.7857142857142857,0.7,0.75,,0,1
T019,2026-07-27,30,,0,5,23,28,1,11,12,0.2,0.4782608695652174,0.42857142857142855,,0,1
T020,2026-01-05,1,11.0,0,5,15,20,1,8,9,0.2,0.5333333333333333,0.45,-10.0,0,1
T020,2026-01-12,2,11.0,0,12,6,18,7,5,12,0.5833333333333334,0.8333333333333334,0.6666666666666666,-9.0,0,1
T020,2026-01-19,3,11.0,0,6,19,25,4,10,14,0.6666666666666666,0.5263157894736842,0.56,-8.0,0,1
T020,2026-01-26,4,11.0,0,11,14,25,5,6,11,0.45454545454545453,0.42857142857142855,0.44,-7.0,0,1
T020,2026-02-02,5,11.0,0,6,11,17,3,4,7,0.5,0.36363636363636365,0.4117647058823529,-6.0,0,1
T020,2026-02-09,6,11.0,0,12,10,22,3,3,6,0.25,0.3,0.2727272727272727,-5.0,0,1
T020,2026-02-16,7,11.0,0,9,11,20,5,1,6,0.5555555555555556,0.09090909090909091,0.3,-4.0,0,1
T020,2026-02-23,8,11.0,0,9,11,20,4,5,9,0.4444444444444444,0.45454545454545453,0.45,-3.0,0,1
T020,2026-03-02,9,11.0,0,7,14,21,2,5,7,0.2857142857142857,0.35714285714285715,0.3333333333333333,-2.0,0,1
T020,2026-03-09,10,11.0,0,10,10,20,3,3,6,0.3,0.3,0.3,-1.0,0,1
T020,2026-03-16,11,11.0,1,7,13,20,4,6,10,0.5714285714285714,0.46153846153846156,0.5,0.0,1,1
T020,2026-03-23,12,11.0,1,7,9,16,2,2,4,0.2857142857142857,0.2222222222222222,0.25,1.0,1,1
T020,2026-03-30,13,11.0,1,9,7,16,3,2,5,0.3333333333333333,0.2857142857142857,0.3125,2.0,1,1
T020,2026-04-06,14,11.0,1,9,14,23,4,6,10,0.4444444444444444,0.42857142857142855,0.43478260869565216,3.0,1,1
T020,2026-04-13,15,11.0,1,4,13,17,2,5,7,0.5,0.38461538461538464,0.4117647058823529,4.0,1,1
T020,2026-04-20,16,11.0,1,14,17,31,7,7,14,0.5,0.4117647058823529,0.45161290322580644,5.0,1,1
T020,2026-04-27,17,11.0,1,11,11,22,6,6,12,0.5454545454545454,0.5454545454545454,0.5454545454545454,6.0,1,1
T020,2026-05-04,18,11.0,1,7,13,20,2,8,10,0.2857142857142857,0.6153846153846154,0.5,7.0,1,1
T020,2026-05-11,19,11.0,1,8,14,22,5,6,11,0.625,0.42857142857142855,0.5,8.0,1,1
T020,2026-05-18,20,11.0,1,11,15,26,10,9,19,0.9090909090909091,0.6,0.7307692307692307,9.0,1,1
T020,2026-05-25,21,11.0,1,12,12,24,2,5,7,0.16666666666666666,0.4166666666666667,0.2916666666666667,10.0,1,1
T020,2026-06-01,22,11.0,1,11,14,25,7,8,15,0.6363636363636364,0.5714285714285714,0.6,11.0,1,1
T020,2026-06-08,23,11.0,1,11,13,24,4,5,9,0.36363636363636365,0.38461538461538464,0.375,12.0,1,1
T020,2026-06-15,24,11.0,1,16,12,28,7,3,10,0.4375,0.25,0.35714285714285715,13.0,1,1
T020,2026-06-22,25,11.0,1,7,19,26,2,12,14,0.2857142857142857,0.631578947368421,0.5384615384615384,14.0,1,1
T020,2026-06-29,26,11.0,1,8,19,27,2,7,9,0.25,0.3684210526315789,0.3333333333333333,15.0,1,1
T020,2026-07-06,27,11.0,1,6,19,25,4,10,14,0.6666666666666666,0.5263157894736842,0.56,16.0,1,1
T020,2026-07-13,28,11.0,1,20,10,30,12,3,15,0.6,0.3,0.5,17.0,1,1
T020,2026-07-20,29,11.0,1,8,16,24,2,5,7,0.25,0.3125,0.2916666666666667,18.0,1,1
T020,2026-07-27,30,11.0,1,8,9,17,2,4,6,0.25,0.4444444444444444,0.35294117647058826,19.0,1,1
T021,2026-01-05,1,,0,17,19,36,13,14,27,0.7647058823529411,0.7368421052631579,0.75,,0,1
T021,2026-01-12,2,,0,25,31,56,18,23,41,0.72,0.7419354838709677,0.7321428571428571,,0,1
T021,2026-01-19,3,,0,26,22,48,21,17,38,0.8076923076923077,0.7727272727272727,0.7916666666666666,,0,1
T021,2026-01-26,4,,0,20,30,50,12,20,32,0.6,0.6666666666666666,0.64,,0,1
T021,2026-02-02,5,,0,20,28,48,17,20,37,0.85,0.7142857142857143,0.7708333333333334,,0,1
T021,2026-02-09,6,,0,20,29,49,15,20,35,0.75,0.6896551724137931,0.7142857142857143,,0,1
T021,2026-02-16,7,,0,22,37,59,13,23,36,0.5909090909090909,0.6216216216216216,0.6101694915254238,,0,1
T021,2026-02-23,8,,0,15,14,29,9,11,20,0.6,0.7857142857142857,0.6896551724137931,,0,1
T021,2026-03-02,9,,0,19,23,42,11,17,28,0.5789473684210527,0.7391304347826086,0.6666666666666666,,0,1
T021,2026-03-09,10,,0,14,29,43,12,20,32,0.8571428571428571,0.6896551724137931,0.7441860465116279,,0,1
T021,2026-03-16,11,,0,18,20,38,13,11,24,0.7222222222222222,0.55,0.631578947368421,,0,1
T021,2026-03-23,12,,0,11,19,30,6,12,18,0.5454545454545454,0.631578947368421,0.6,,0,1
T021,2026-03-30,13,,0,25,21,46,13,14,27,0.52,0.6666666666666666,0.5869565217391305,,0,1
T021,2026-04-06,14,,0,14,22,36,8,13,21,0.5714285714285714,0.5909090909090909,0.5833333333333334,,0,1
T021,2026-04-13,15,,0,22,15,37,17,8,25,0.7727272727272727,0.5333333333333333,0.6756756756756757,,0,1
T021,2026-04-20,16,,0,25,29,54,13,23,36,0.52,0.7931034482758621,0.6666666666666666,,0,1
T021,2026-04-27,17,,0,28,48,76,19,35,54,0.6785714285714286,0.7291666666666666,0.7105263157894737,,0,1
T021,2026-05-04,18,,0,25,29,54,21,22,43,0.84,0.7586206896551724,0.7962962962962963,,0,1
T021,2026-05-11,19,,0,22,26,48,13,17,30,0.5909090909090909,0.6538461538461539,0.625,,0,1
T021,2026-05-18,20,,0,22,15,37,17,11,28,0.7727272727272727,0.7333333333333333,0.7567567567567568,,0,1
T021,2026-05-25,21,,0,20,35,55,16,25,41,0.8,0.7142857142857143,0.7454545454545455,,0,1
T021,2026-06-01,22,,0,30,20,50,21,16,37,0.7,0.8,0.74,,0,1
T021,2026-06-08,23,,0,25,29,54,20,15,35,0.8,0.5172413793103449,0.6481481481481481,,0,1
T021,2026-06-15,24,,0,22,16,38,15,8,23,0.6818181818181818,0.5,0.6052631578947368,,0,1
T021,2026-06-22,25,,0,19,18,37,15,9,24,0.7894736842105263,0.5,0.6486486486486487,,0,1
T021,2026-06-29,26,,0,22,28,50,18,17,35,0.8181818181818182,0.6071428571428571,0.7,,0,1
T021,2026-07-06,27,,0,14,29,43,9,20,29,0.6428571428571429,0.6896551724137931,0.6744186046511628,,0,1
T021,2026-07-13,28,,0,13,25,38,10,17,27,0.7692307692307693,0.68,0.7105263157894737,,0,1
T021,2026-07-20,29,,0,23,21,44,18,12,30,0.782608695652174,0.5714285714285714,0.6818181818181818,,0,1
T021,2026-07-27,30,,0,17,21,38,10,13,23,0.5882352941176471,0.6190476190476191,0.6052631578947368,,0,1
T022,2026-01-05,1,,0,15,28,43,6,10,16,0.4,0.35714285714285715,0.37209302325581395,,0,1
T022,2026-01-12,2,,0,13,20,33,9,9,18,0.6923076923076923,0.45,0.5454545454545454,,0,1
T022,2026-01-19,3,,0,19,11,30,13,8,21,0.6842105263157895,0.7272727272727273,0.7,,0,1
T022,2026-01-26,4,,0,16,23,39,10,17,27,0.625,0.7391304347826086,0.6923076923076923,,0,1
T022,2026-02-02,5,,0,15,24,39,10,10,20,0.6666666666666666,0.4166666666666667,0.5128205128205128,,0,1
T022,2026-02-09,6,,0,18,20,38,7,10,17,0.3888888888888889,0.5,0.4473684210526316,,0,1
T022,2026-02-16,7,,0,18,28,46,7,19,26,0.3888888888888889,0.6785714285714286,0.5652173913043478,,0,1
T022,2026-02-23,8,,0,17,8,25,11,5,16,0.6470588235294118,0.625,0.64,,0,1
T022,2026-03-02,9,,0,15,17,32,8,0,8,0.5333333333333333,0.0,0.25,,0,1
T022,2026-03-09,10,,0,22,20,42,13,10,23,0.5909090909090909,0.5,0.5476190476190477,,0,1
T022,2026-03-16,11,,0,11,21,32,2,15,17,0.18181818181818182,0.7142857142857143,0.53125,,0,1
T022,2026-03-23,12,,0,15,28,43,1,13,14,0.06666666666666667,0.4642857142857143,0.32558139534883723,,0,1
T022,2026-03-30,13,,0,16,23,39,9,12,21,0.5625,0.5217391304347826,0.5384615384615384,,0,1
T022,2026-04-06,14,,0,11,18,29,3,5,8,0.2727272727272727,0.2777777777777778,0.27586206896551724,,0,1
T022,2026-04-13,15,,0,19,14,33,13,8,21,0.6842105263157895,0.5714285714285714,0.6363636363636364,,0,1
T022,2026-04-20,16,,0,10,19,29,2,7,9,0.2,0.3684210526315789,0.3103448275862069,,0,1
T022,2026-04-27,17,,0,18,20,38,7,12,19,0.3888888888888889,0.6,0.5,,0,1
T022,2026-05-04,18,,0,24,20,44,8,8,16,0.3333333333333333,0.4,0.36363636363636365,,0,1
T022,2026-05-11,19,,0,19,27,46,7,19,26,0.3684210526315789,0.7037037037037037,0.5652173913043478,,0,1
T022,2026-05-18,20,,0,19,13,32,10,10,20,0.5263157894736842,0.7692307692307693,0.625,,0,1
T022,2026-05-25,21,,0,17,25,42,12,12,24,0.7058823529411765,0.48,0.5714285714285714,,0,1
T022,2026-06-01,22,,0,20,15,35,7,4,11,0.35,0.26666666666666666,0.3142857142857143,,0,1
T022,2026-06-08,23,,0,12,23,35,9,13,22,0.75,0.5652173913043478,0.6285714285714286,,0,1
T022,2026-06-15,24,,0,20,30,50,7,14,21,0.35,0.4666666666666667,0.42,,0,1
T022,2026-06-22,25,,0,19,25,44,11,12,23,0.5789473684210527,0.48,0.5227272727272727,,0,1
T022,2026-06-29,26,,0,13,25,38,4,16,20,0.3076923076923077,0.64,0.5263157894736842,,0,1
T022,2026-07-06,27,,0,15,22,37,5,9,14,0.3333333333333333,0.4090909090909091,0.3783783783783784,,0,1
T022,2026-07-13,28,,0,20,17,37,10,4,14,0.5,0.23529411764705882,0.3783783783783784,,0,1
T022,2026-07-20,29,,0,8,26,34,5,6,11,0.625,0.23076923076923078,0.3235294117647059,,0,1
T022,2026-07-27,30,,0,17,22,39,7,4,11,0.4117647058823529,0.18181818181818182,0.28205128205128205,,0,1
T023,2026-01-05,1,14.0,0,22,29,51,11,21,32,0.5,0.7241379310344828,0.6274509803921569,-13.0,0,1
T023,2026-01-12,2,14.0,0,22,35,57,12,21,33,0.5454545454545454,0.6,0.5789473684210527,-12.0,0,1
T023,2026-01-19,3,14.0,0,30,22,52,17,8,25,0.5666666666666667,0.36363636363636365,0.4807692307692308,-11.0,0,1
T023,2026-01-26,4,14.0,0,22,36,58,12,23,35,0.5454545454545454,0.6388888888888888,0.603448275862069,-10.0,0,1
T023,2026-02-02,5,14.0,0,23,30,53,13,19,32,0.5652173913043478,0.6333333333333333,0.6037735849056604,-9.0,0,1
T023,2026-02-09,6,14.0,0,24,36,60,13,21,34,0.5416666666666666,0.5833333333333334,0.5666666666666667,-8.0,0,1
T023,2026-02-16,7,14.0,0,22,25,47,7,16,23,0.3181818181818182,0.64,0.48936170212765956,-7.0,0,1
T023,2026-02-23,8,14.0,0,22,41,63,16,28,44,0.7272727272727273,0.6829268292682927,0.6984126984126984,-6.0,0,1
T023,2026-03-02,9,14.0,0,24,31,55,18,20,38,0.75,0.6451612903225806,0.6909090909090909,-5.0,0,1
T023,2026-03-09,10,14.0,0,14,24,38,9,10,19,0.6428571428571429,0.4166666666666667,0.5,-4.0,0,1
T023,2026-03-16,11,14.0,0,22,27,49,11,15,26,0.5,0.5555555555555556,0.5306122448979592,-3.0,0,1
T023,2026-03-23,12,14.0,0,29,22,51,16,16,32,0.5517241379310345,0.7272727272727273,0.6274509803921569,-2.0,0,1
T023,2026-03-30,13,14.0,0,27,35,62,11,20,31,0.4074074074074074,0.5714285714285714,0.5,-1.0,0,1
T023,2026-04-06,14,14.0,1,28,36,64,19,23,42,0.6785714285714286,0.6388888888888888,0.65625,0.0,1,1
T023,2026-04-13,15,14.0,1,28,40,68,23,29,52,0.8214285714285714,0.725,0.7647058823529411,1.0,1,1
T023,2026-04-20,16,14.0,1,27,26,53,17,18,35,0.6296296296296297,0.6923076923076923,0.660377358490566,2.0,1,1
T023,2026-04-27,17,14.0,1,19,48,67,11,35,46,0.5789473684210527,0.7291666666666666,0.6865671641791045,3.0,1,1
T023,2026-05-04,18,14.0,1,23,27,50,13,24,37,0.5652173913043478,0.8888888888888888,0.74,4.0,1,1
T023,2026-05-11,19,14.0,1,32,32,64,22,22,44,0.6875,0.6875,0.6875,5.0,1,1
T023,2026-05-18,20,14.0,1,34,30,64,28,21,49,0.8235294117647058,0.7,0.765625,6.0,1,1
T023,2026-05-25,21,14.0,1,23,45,68,14,34,48,0.6086956521739131,0.7555555555555555,0.7058823529411765,7.0,1,1
T023,2026-06-01,22,14.0,1,27,41,68,20,22,42,0.7407407407407407,0.5365853658536586,0.6176470588235294,8.0,1,1
T023,2026-06-08,23,14.0,1,25,30,55,18,26,44,0.72,0.8666666666666667,0.8,9.0,1,1
T023,2026-06-15,24,14.0,1,34,38,72,18,24,42,0.5294117647058824,0.631578947368421,0.5833333333333334,10.0,1,1
T023,2026-06-22,25,14.0,1,27,41,68,15,21,36,0.5555555555555556,0.5121951219512195,0.5294117647058824,11.0,1,1
T023,2026-06-29,26,14.0,1,18,33,51,11,20,31,0.6111111111111112,0.6060606060606061,0.6078431372549019,12.0,1,1
T023,2026-07-06,27,14.0,1,16,30,46,10,15,25,0.625,0.5,0.5434782608695652,13.0,1,1
T023,2026-07-13,28,14.0,1,26,34,60,20,23,43,0.7692307692307693,0.6764705882352942,0.7166666666666667,14.0,1,1
T023,2026-07-20,29,14.0,1,19,34,53,11,15,26,0.5789473684210527,0.4411764705882353,0.49056603773584906,15.0,1,1
T023,2026-07-27,30,14.0,1,16,17,33,12,10,22,0.75,0.5882352941176471,0.6666666666666666,16.0,1,1
T024,2026-01-05,1,17.0,0,22,24,46,14,14,28,0.6363636363636364,0.5833333333333334,0.6086956521739131,-16.0,0,1
T024,2026-01-12,2,17.0,0,9,15,24,3,7,10,0.3333333333333333,0.4666666666666667,0.4166666666666667,-15.0,0,1
T024,2026-01-19,3,17.0,0,13,25,38,6,15,21,0.46153846153846156,0.6,0.5526315789473685,-14.0,0,1
T024,2026-01-26,4,17.0,0,13,15,28,5,10,15,0.38461538461538464,0.6666666666666666,0.5357142857142857,-13.0,0,1
T024,2026-02-02,5,17.0,0,15,23,38,9,5,14,0.6,0.21739130434782608,0.3684210526315789,-12.0,0,1
T024,2026-02-09,6,17.0,0,13,22,35,9,12,21,0.6923076923076923,0.5454545454545454,0.6,-11.0,0,1
T024,2026-02-16,7,17.0,0,11,24,35,4,14,18,0.36363636363636365,0.5833333333333334,0.5142857142857142,-10.0,0,1
T024,2026-02-23,8,17.0,0,15,12,27,6,3,9,0.4,0.25,0.3333333333333333,-9.0,0,1
T024,2026-03-02,9,17.0,0,18,17,35,10,7,17,0.5555555555555556,0.4117647058823529,0.4857142857142857,-8.0,0,1
T024,2026-03-09,10,17.0,0,13,19,32,5,5,10,0.38461538461538464,0.2631578947368421,0.3125,-7.0,0,1
T024,2026-03-16,11,17.0,0,15,14,29,5,8,13,0.3333333333333333,0.5714285714285714,0.4482758620689655,-6.0,0,1
T024,2026-03-23,12,17.0,0,23,17,40,7,9,16,0.30434782608695654,0.5294117647058824,0.4,-5.0,0,1
T024,2026-03-30,13,17.0,0,14,22,36,6,8,14,0.42857142857142855,0.36363636363636365,0.3888888888888889,-4.0,0,1
T024,2026-04-06,14,17.0,0,7,19,26,3,5,8,0.42857142857142855,0.2631578947368421,0.3076923076923077,-3.0,0,1
T024,2026-04-13,15,17.0,0,8,12,20,3,6,9,0.375,0.5,0.45,-2.0,0,1
T024,2026-04-20,16,17.0,0,11,12,23,9,7,16,0.8181818181818182,0.5833333333333334,0.6956521739130435,-1.0,0,1
T024,2026-04-27,17,17.0,1,18,13,31,12,10,22,0.6666666666666666,0.7692307692307693,0.7096774193548387,0.0,1,1
T024,2026-05-04,18,17.0,1,18,11,29,9,8,17,0.5,0.7272727272727273,0.5862068965517241,1.0,1,1
T024,2026-05-11,19,17.0,1,18,9,27,14,7,21,0.7777777777777778,0.7777777777777778,0.7777777777777778,2.0,1,1
T024,2026-05-18,20,17.0,1,12,20,32,8,14,22,0.6666666666666666,0.7,0.6875,3.0,1,1
T024,2026-05-25,21,17.0,1,13,18,31,8,13,21,0.6153846153846154,0.7222222222222222,0.6774193548387096,4.0,1,1
T024,2026-06-01,22,17.0,1,11,26,37,9,17,26,0.8181818181818182,0.6538461538461539,0.7027027027027027,5.0,1,1
T024,2026-06-08,23,17.0,1,21,22,43,14,15,29,0.6666666666666666,0.6818181818181818,0.6744186046511628,6.0,1,1
T024,2026-06-15,24,17.0,1,11,18,29,6,11,17,0.5454545454545454,0.6111111111111112,0.5862068965517241,7.0,1,1
T024,2026-06-22,25,17.0,1,12,12,24,8,7,15,0.6666666666666666,0.5833333333333334,0.625,8.0,1,1
T024,2026-06-29,26,17.0,1,11,22,33,6,11,17,0.5454545454545454,0.5,0.5151515151515151,9.0,1,1
T024,2026-07-06,27,17.0,1,9,18,27,5,11,16,0.5555555555555556,0.6111111111111112,0.5925925925925926,10.0,1,1
T024,2026-07-13,28,17.0,1,5,14,19,3,7,10,0.6,0.5,0.5263157894736842,11.0,1,1
T024,2026-07-20,29,17.0,1,25,19,44,14,15,29,0.56,0.7894736842105263,0.6590909090909091,12.0,1,1
T024,2026-07-27,30,17.0,1,17,14,31,10,7,17,0.5882352941176471,0.5,0.5483870967741935,13.0,1,1
T025,2026-01-05,1,21.0,0,9,18,27,0,5,5,0.0,0.2777777777777778,0.18518518518518517,-20.0,0,1
T025,2026-01-12,2,21.0,0,10,14,24,3,7,10,0.3,0.5,0.4166666666666667,-19.0,0,1
T025,2026-01-19,3,21.0,0,9,12,21,4,7,11,0.4444444444444444,0.5833333333333334,0.5238095238095238,-18.0,0,1
T025,2026-01-26,4,21.0,0,14,12,26,5,3,8,0.35714285714285715,0.25,0.3076923076923077,-17.0,0,1
T025,2026-02-02,5,21.0,0,5,15,20,2,6,8,0.4,0.4,0.4,-16.0,0,1
T025,2026-02-09,6,21.0,0,7,16,23,3,4,7,0.42857142857142855,0.25,0.30434782608695654,-15.0,0,1
T025,2026-02-16,7,21.0,0,5,16,21,3,8,11,0.6,0.5,0.5238095238095238,-14.0,0,1
T025,2026-02-23,8,21.0,0,9,11,20,3,5,8,0.3333333333333333,0.45454545454545453,0.4,-13.0,0,1
T025,2026-03-02,9,21.0,0,9,11,20,6,7,13,0.6666666666666666,0.6363636363636364,0.65,-12.0,0,1
T025,2026-03-09,10,21.0,0,12,13,25,1,1,2,0.08333333333333333,0.07692307692307693,0.08,-11.0,0,1
T025,2026-03-16,11,21.0,0,4,10,14,2,3,5,0.5,0.3,0.35714285714285715,-10.0,0,1
T025,2026-03-23,12,21.0,0,6,7,13,1,4,5,0.16666666666666666,0.5714285714285714,0.38461538461538464,-9.0,0,1
T025,2026-03-30,13,21.0,0,4,11,15,2,4,6,0.5,0.36363636363636365,0.4,-8.0,0,1
T025,2026-04-06,14,21.0,0,10,15,25,3,5,8,0.3,0.3333333333333333,0.32,-7.0,0,1
T025,2026-04-13,15,21.0,0,4,14,18,2,3,5,0.5,0.21428571428571427,0.2777777777777778,-6.0,0,1
T025,2026-04-20,16,21.0,0,12,9,21,6,4,10,0.5,0.4444444444444444,0.47619047619047616,-5.0,0,1
T025,2026-04-27,17,21.0,0,10,15,25,4,2,6,0.4,0.13333333333333333,0.24,-4.0,0,1
T025,2026-05-04,18,21.0,0,12,18,30,7,9,16,0.5833333333333334,0.5,0.5333333333333333,-3.0,0,1
T025,2026-05-11,19,21.0,0,14,14,28,6,5,11,0.42857142857142855,0.35714285714285715,0.39285714285714285,-2.0,0,1
T025,2026-05-18,20,21.0,0,8,17,25,3,7,10,0.375,0.4117647058823529,0.4,-1.0,0,1
T025,2026-05-25,21,21.0,1,16,11,27,4,7,11,0.25,0.6363636363636364,0.4074074074074074,0.0,1,1
T025,2026-06-01,22,21.0,1,7,7,14,3,3,6,0.42857142857142855,0.42857142857142855,0.42857142857142855,1.0,1,1
T025,2026-06-08,23,21.0,1,11,15,26,3,11,14,0.2727272727272727,0.7333333333333333,0.5384615384615384,2.0,1,1
T025,2026-06-15,24,21.0,1,14,17,31,6,9,15,0.42857142857142855,0.5294117647058824,0.4838709677419355,3.0,1,1
T025,2026-06-22,25,21.0,1,12,19,31,5,8,13,0.4166666666666667,0.42105263157894735,0.41935483870967744,4.0,1,1
T025,2026-06-29,26,21.0,1,7,17,24,3,4,7,0.42857142857142855,0.23529411764705882,0.2916666666666667,5.0,1,1
T025,2026-07-06,27,21.0,1,14,13,27,5,5,10,0.35714285714285715,0.38461538461538464,0.37037037037037035,6.0,1,1
T025,2026-07-13,28,21.0,1,9,12,21,4,8,12,0.4444444444444444,0.6666666666666666,0.5714285714285714,7.0,1,1
T025,2026-07-20,29,21.0,1,15,18,33,5,8,13,0.3333333333333333,0.4444444444444444,0.3939393939393939,8.0,1,1
T025,2026-07-27,30,21.0,1,7,12,19,3,3,6,0.42857142857142855,0.25,0.3157894736842105,9.0,1,1
T026,2026-01-05,1,,0,25,27,52,18,18,36,0.72,0.6666666666666666,0.6923076923076923,,0,1
T026,2026-01-12,2,,0,17,26,43,12,16,28,0.7058823529411765,0.6153846153846154,0.6511627906976745,,0,1
T026,2026-01-19,3,,0,21,29,50,20,21,41,0.9523809523809523,0.7241379310344828,0.82,,0,1
T026,2026-01-26,4,,0,20,33,53,17,23,40,0.85,0.696969696969697,0.7547169811320755,,0,1
T026,2026-02-02,5,,0,27,23,50,16,15,31,0.5925925925925926,0.6521739130434783,0.62,,0,1
T026,2026-02-09,6,,0,27,36,63,22,28,50,0.8148148148148148,0.7777777777777778,0.7936507936507936,,0,1
T026,2026-02-16,7,,0,31,40,71,22,31,53,0.7096774193548387,0.775,0.7464788732394366,,0,1
T026,2026-02-23,8,,0,21,28,49,12,17,29,0.5714285714285714,0.6071428571428571,0.5918367346938775,,0,1
T026,2026-03-02,9,,0,22,24,46,19,17,36,0.8636363636363636,0.7083333333333334,0.782608695652174,,0,1
T026,2026-03-09,10,,0,28,28,56,18,23,41,0.6428571428571429,0.8214285714285714,0.7321428571428571,,0,1
T026,2026-03-16,11,,0,22,31,53,16,24,40,0.7272727272727273,0.7741935483870968,0.7547169811320755,,0,1
T026,2026-03-23,12,,0,28,34,62,14,19,33,0.5,0.5588235294117647,0.532258064516129,,0,1
T026,2026-03-30,13,,0,27,36,63,20,23,43,0.7407407407407407,0.6388888888888888,0.6825396825396826,,0,1
T026,2026-04-06,14,,0,20,29,49,15,19,34,0.75,0.6551724137931034,0.6938775510204082,,0,1
T026,2026-04-13,15,,0,28,26,54,24,19,43,0.8571428571428571,0.7307692307692307,0.7962962962962963,,0,1
T026,2026-04-20,16,,0,32,23,55,25,17,42,0.78125,0.7391304347826086,0.7636363636363637,,0,1
T026,2026-04-27,17,,0,24,33,57,17,23,40,0.7083333333333334,0.696969696969697,0.7017543859649122,,0,1
T026,2026-05-04,18,,0,22,37,59,12,28,40,0.5454545454545454,0.7567567567567568,0.6779661016949152,,0,1
T026,2026-05-11,19,,0,15,25,40,11,20,31,0.7333333333333333,0.8,0.775,,0,1
T026,2026-05-18,20,,0,23,33,56,13,21,34,0.5652173913043478,0.6363636363636364,0.6071428571428571,,0,1
T026,2026-05-25,21,,0,25,35,60,21,31,52,0.84,0.8857142857142857,0.8666666666666667,,0,1
T026,2026-06-01,22,,0,29,29,58,23,21,44,0.7931034482758621,0.7241379310344828,0.7586206896551724,,0,1
T026,2026-06-08,23,,0,28,40,68,17,26,43,0.6071428571428571,0.65,0.6323529411764706,,0,1
T026,2026-06-15,24,,0,27,41,68,22,33,55,0.8148148148148148,0.8048780487804879,0.8088235294117647,,0,1
T026,2026-06-22,25,,0,23,30,53,13,25,38,0.5652173913043478,0.8333333333333334,0.7169811320754716,,0,1
T026,2026-06-29,26,,0,23,23,46,17,19,36,0.7391304347826086,0.8260869565217391,0.782608695652174,,0,1
T026,2026-07-06,27,,0,25,24,49,21,20,41,0.84,0.8333333333333334,0.8367346938775511,,0,1
T026,2026-07-13,28,,0,22,30,52,16,18,34,0.7272727272727273,0.6,0.6538461538461539,,0,1
T026,2026-07-20,29,,0,26,33,59,20,24,44,0.7692307692307693,0.7272727272727273,0.7457627118644068,,0,1
T026,2026-07-27,30,,0,31,38,69,18,30,48,0.5806451612903226,0.7894736842105263,0.6956521739130435,,0,1
T027,2026-01-05,1,17.0,0,11,8,19,6,4,10,0.5454545454545454,0.5,0.5263157894736842,-16.0,0,1
T027,2026-01-12,2,17.0,0,12,13,25,8,9,17,0.6666666666666666,0.6923076923076923,0.68,-15.0,0,1
T027,2026-01-19,3,17.0,0,9,16,25,5,7,12,0.5555555555555556,0.4375,0.48,-14.0,0,1
T027,2026-01-26,4,17.0,0,10,18,28,8,9,17,0.8,0.5,0.6071428571428571,-13.0,0,1
T027,2026-02-02,5,17.0,0,6,8,14,6,5,11,1.0,0.625,0.7857142857142857,-12.0,0,1
T027,2026-02-09,6,17.0,0,9,15,24,3,8,11,0.3333333333333333,0.5333333333333333,0.4583333333333333,-11.0,0,1
T027,2026-02-16,7,17.0,0,9,10,19,5,6,11,0.5555555555555556,0.6,0.5789473684210527,-10.0,0,1
T027,2026-02-23,8,17.0,0,5,7,12,3,3,6,0.6,0.42857142857142855,0.5,-9.0,0,1
T027,2026-03-02,9,17.0,0,8,6,14,3,3,6,0.375,0.5,0.42857142857142855,-8.0,0,1
T027,2026-03-09,10,17.0,0,7,10,17,7,8,15,1.0,0.8,0.8823529411764706,-7.0,0,1
T027,2026-03-16,11,17.0,0,11,10,21,6,5,11,0.5454545454545454,0.5,0.5238095238095238,-6.0,0,1
T027,2026-03-23,12,17.0,0,16,12,28,6,6,12,0.375,0.5,0.42857142857142855,-5.0,0,1
T027,2026-03-30,13,17.0,0,9,6,15,3,3,6,0.3333333333333333,0.5,0.4,-4.0,0,1
T027,2026-04-06,14,17.0,0,12,12,24,5,6,11,0.4166666666666667,0.5,0.4583333333333333,-3.0,0,1
T027,2026-04-13,15,17.0,0,11,16,27,7,6,13,0.6363636363636364,0.375,0.48148148148148145,-2.0,0,1
T027,2026-04-20,16,17.0,0,8,16,24,5,8,13,0.625,0.5,0.5416666666666666,-1.0,0,1
T027,2026-04-27,17,17.0,1,11,12,23,9,6,15,0.8181818181818182,0.5,0.6521739130434783,0.0,1,1
T027,2026-05-04,18,17.0,1,8,10,18,4,6,10,0.5,0.6,0.5555555555555556,1.0,1,1
T027,2026-05-11,19,17.0,1,7,19,26,1,11,12,0.14285714285714285,0.5789473684210527,0.46153846153846156,2.0,1,1
T027,2026-05-18,20,17.0,1,7,11,18,4,5,9,0.5714285714285714,0.45454545454545453,0.5,3.0,1,1
T027,2026-05-25,21,17.0,1,11,10,21,8,7,15,0.7272727272727273,0.7,0.7142857142857143,4.0,1,1
T027,2026-06-01,22,17.0,1,19,9,28,14,7,21,0.7368421052631579,0.7777777777777778,0.75,5.0,1,1
T027,2026-06-08,23,17.0,1,9,16,25,9,11,20,1.0,0.6875,0.8,6.0,1,1
T027,2026-06-15,24,17.0,1,8,11,19,3,5,8,0.375,0.45454545454545453,0.42105263157894735,7.0,1,1
T027,2026-06-22,25,17.0,1,7,13,20,5,8,13,0.7142857142857143,0.6153846153846154,0.65,8.0,1,1
T027,2026-06-29,26,17.0,1,10,12,22,6,9,15,0.6,0.75,0.6818181818181818,9.0,1,1
T027,2026-07-06,27,17.0,1,7,17,24,5,10,15,0.7142857142857143,0.5882352941176471,0.625,10.0,1,1
T027,2026-07-13,28,17.0,1,10,15,25,5,10,15,0.5,0.6666666666666666,0.6,11.0,1,1
T027,2026-07-20,29,17.0,1,6,15,21,1,11,12,0.16666666666666666,0.7333333333333333,0.5714285714285714,12.0,1,1
T027,2026-07-27,30,17.0,1,10,13,23,3,7,10,0.3,0.5384615384615384,0.43478260869565216,13.0,1,1
T028,2026-01-05,1,,0,18,21,39,9,12,21,0.5,0.5714285714285714,0.5384615384615384,,0,1
T028,2026-01-12,2,,0,10,21,31,5,13,18,0.5,0.6190476190476191,0.5806451612903226,,0,1
T028,2026-01-19,3,,0,16,28,44,5,13,18,0.3125,0.4642857142857143,0.4090909090909091,,0,1
T028,2026-01-26,4,,0,21,22,43,7,7,14,0.3333333333333333,0.3181818181818182,0.32558139534883723,,0,1
T028,2026-02-02,5,,0,24,17,41,8,6,14,0.3333333333333333,0.35294117647058826,0.34146341463414637,,0,1
T028,2026-02-09,6,,0,16,9,25,3,4,7,0.1875,0.4444444444444444,0.28,,0,1
T028,2026-02-16,7,,0,11,24,35,2,8,10,0.18181818181818182,0.3333333333333333,0.2857142857142857,,0,1
T028,2026-02-23,8,,0,11,11,22,4,3,7,0.36363636363636365,0.2727272727272727,0.3181818181818182,,0,1
T028,2026-03-02,9,,0,14,16,30,4,3,7,0.2857142857142857,0.1875,0.23333333333333334,,0,1
T028,2026-03-09,10,,0,10,16,26,3,5,8,0.3,0.3125,0.3076923076923077,,0,1
T028,2026-03-16,11,,0,10,23,33,3,7,10,0.3,0.30434782608695654,0.30303030303030304,,0,1
T028,2026-03-23,12,,0,9,18,27,3,11,14,0.3333333333333333,0.6111111111111112,0.5185185185185185,,0,1
T028,2026-03-30,13,,0,16,24,40,6,9,15,0.375,0.375,0.375,,0,1
T028,2026-04-06,14,,0,15,18,33,5,9,14,0.3333333333333333,0.5,0.42424242424242425,,0,1
T028,2026-04-13,15,,0,17,20,37,4,7,11,0.23529411764705882,0.35,0.2972972972972973,,0,1
T028,2026-04-20,16,,0,10,21,31,3,6,9,0.3,0.2857142857142857,0.2903225806451613,,0,1
T028,2026-04-27,17,,0,12,19,31,2,7,9,0.16666666666666666,0.3684210526315789,0.2903225806451613,,0,1
T028,2026-05-04,18,,0,18,16,34,8,4,12,0.4444444444444444,0.25,0.35294117647058826,,0,1
T028,2026-05-11,19,,0,12,17,29,2,6,8,0.16666666666666666,0.35294117647058826,0.27586206896551724,,0,1
T028,2026-05-18,20,,0,13,24,37,8,11,19,0.6153846153846154,0.4583333333333333,0.5135135135135135,,0,1
T028,2026-05-25,21,,0,16,24,40,9,11,20,0.5625,0.4583333333333333,0.5,,0,1
T028,2026-06-01,22,,0,17,22,39,6,9,15,0.35294117647058826,0.4090909090909091,0.38461538461538464,,0,1
T028,2026-06-08,23,,0,21,20,41,9,11,20,0.42857142857142855,0.55,0.4878048780487805,,0,1
T028,2026-06-15,24,,0,16,19,35,6,7,13,0.375,0.3684210526315789,0.37142857142857144,,0,1
T028,2026-06-22,25,,0,20,23,43,10,9,19,0.5,0.391304347826087,0.4418604651162791,,0,1
T028,2026-06-29,26,,0,9,13,22,2,5,7,0.2222222222222222,0.38461538461538464,0.3181818181818182,,0,1
T028,2026-07-06,27,,0,15,21,36,4,12,16,0.26666666666666666,0.5714285714285714,0.4444444444444444,,0,1
T028,2026-07-13,28,,0,7,18,25,2,9,11,0.2857142857142857,0.5,0.44,,0,1
T028,2026-07-20,29,,0,13,18,31,6,6,12,0.46153846153846156,0.3333333333333333,0.3870967741935484,,0,1
T028,2026-07-27,30,,0,15,20,35,8,4,12,0.5333333333333333,0.2,0.34285714285714286,,0,1
T029,2026-01-05,1,,0,9,6,15,5,2,7,0.5555555555555556,0.3333333333333333,0.4666666666666667,,0,1
T029,2026-01-12,2,,0,4,9,13,1,4,5,0.25,0.4444444444444444,0.38461538461538464,,0,1
T029,2026-01-19,3,,0,5,6,11,3,0,3,0.6,0.0,0.2727272727272727,,0,1
T029,2026-01-26,4,,0,6,8,14,3,3,6,0.5,0.375,0.42857142857142855,,0,1
T029,2026-02-02,5,,0,11,7,18,7,2,9,0.6363636363636364,0.2857142857142857,0.5,,0,1
T029,2026-02-09,6,,0,4,10,14,2,4,6,0.5,0.4,0.42857142857142855,,0,1
T029,2026-02-16,7,,0,4,16,20,3,6,9,0.75,0.375,0.45,,0,1
T029,2026-02-23,8,,0,8,6,14,3,3,6,0.375,0.5,0.42857142857142855,,0,1
T029,2026-03-02,9,,0,4,12,16,1,3,4,0.25,0.25,0.25,,0,1
T029,2026-03-09,10,,0,6,6,12,2,3,5,0.3333333333333333,0.5,0.4166666666666667,,0,1
T029,2026-03-16,11,,0,4,9,13,2,0,2,0.5,0.0,0.15384615384615385,,0,1
T029,2026-03-23,12,,0,4,7,11,1,4,5,0.25,0.5714285714285714,0.45454545454545453,,0,1
T029,2026-03-30,13,,0,4,8,12,1,6,7,0.25,0.75,0.5833333333333334,,0,1
T029,2026-04-06,14,,0,4,14,18,0,3,3,0.0,0.21428571428571427,0.16666666666666666,,0,1
T029,2026-04-13,15,,0,6,6,12,3,2,5,0.5,0.3333333333333333,0.4166666666666667,,0,1
T029,2026-04-20,16,,0,4,7,11,1,2,3,0.25,0.2857142857142857,0.2727272727272727,,0,1
T029,2026-04-27,17,,0,8,6,14,3,0,3,0.375,0.0,0.21428571428571427,,0,1
T029,2026-05-04,18,,0,7,6,13,2,4,6,0.2857142857142857,0.6666666666666666,0.46153846153846156,,0,1
T029,2026-05-11,19,,0,9,12,21,3,7,10,0.3333333333333333,0.5833333333333334,0.47619047619047616,,0,1
T029,2026-05-18,20,,0,10,8,18,6,5,11,0.6,0.625,0.6111111111111112,,0,1
T029,2026-05-25,21,,0,12,6,18,3,2,5,0.25,0.3333333333333333,0.2777777777777778,,0,1
T029,2026-06-01,22,,0,4,8,12,2,4,6,0.5,0.5,0.5,,0,1
T029,2026-06-08,23,,0,8,6,14,2,1,3,0.25,0.16666666666666666,0.21428571428571427,,0,1
T029,2026-06-15,24,,0,4,13,17,1,8,9,0.25,0.6153846153846154,0.5294117647058824,,0,1
T029,2026-06-22,25,,0,4,7,11,2,1,3,0.5,0.14285714285714285,0.2727272727272727,,0,1
T029,2026-06-29,26,,0,7,8,15,2,3,5,0.2857142857142857,0.375,0.3333333333333333,,0,1
T029,2026-07-06,27,,0,9,6,15,5,2,7,0.5555555555555556,0.3333333333333333,0.4666666666666667,,0,1
T029,2026-07-13,28,,0,4,6,10,0,3,3,0.0,0.5,0.3,,0,1
T029,2026-07-20,29,,0,4,9,13,0,5,5,0.0,0.5555555555555556,0.38461538461538464,,0,1
T029,2026-07-27,30,,0,4,7,11,3,5,8,0.75,0.7142857142857143,0.7272727272727273,,0,1
T030,2026-01-05,1,8.0,0,10,12,22,4,4,8,0.4,0.3333333333333333,0.36363636363636365,-7.0,0,1
T030,2026-01-12,2,8.0,0,10,13,23,6,3,9,0.6,0.23076923076923078,0.391304347826087,-6.0,0,1
T030,2026-01-19,3,8.0,0,14,7,21,4,3,7,0.2857142857142857,0.42857142857142855,0.3333333333333333,-5.0,0,1
T030,2026-01-26,4,8.0,0,11,8,19,4,4,8,0.36363636363636365,0.5,0.42105263157894735,-4.0,0,1
T030,2026-02-02,5,8.0,0,10,16,26,5,9,14,0.5,0.5625,0.5384615384615384,-3.0,0,1
T030,2026-02-09,6,8.0,0,11,6,17,5,2,7,0.45454545454545453,0.3333333333333333,0.4117647058823529,-2.0,0,1
T030,2026-02-16,7,8.0,0,6,8,14,5,2,7,0.8333333333333334,0.25,0.5,-1.0,0,1
T030,2026-02-23,8,8.0,1,7,9,16,5,4,9,0.7142857142857143,0.4444444444444444,0.5625,0.0,1,1
T030,2026-03-02,9,8.0,1,4,7,11,2,4,6,0.5,0.5714285714285714,0.5454545454545454,1.0,1,1
T030,2026-03-09,10,8.0,1,10,11,21,4,6,10,0.4,0.5454545454545454,0.47619047619047616,2.0,1,1
T030,2026-03-16,11,8.0,1,18,13,31,5,6,11,0.2777777777777778,0.46153846153846156,0.3548387096774194,3.0,1,1
T030,2026-03-23,12,8.0,1,13,8,21,5,3,8,0.38461538461538464,0.375,0.38095238095238093,4.0,1,1
T030,2026-03-30,13,8.0,1,14,7,21,4,3,7,0.2857142857142857,0.42857142857142855,0.3333333333333333,5.0,1,1
T030,2026-04-06,14,8.0,1,13,16,29,6,7,13,0.46153846153846156,0.4375,0.4482758620689655,6.0,1,1
T030,2026-04-13,15,8.0,1,4,13,17,2,8,10,0.5,0.6153846153846154,0.5882352941176471,7.0,1,1
T030,2026-04-20,16,8.0,1,7,14,21,2,6,8,0.2857142857142857,0.42857142857142855,0.38095238095238093,8.0,1,1
T030,2026-04-27,17,8.0,1,8,10,18,6,4,10,0.75,0.4,0.5555555555555556,9.0,1,1
T030,2026-05-04,18,8.0,1,14,14,28,7,6,13,0.5,0.42857142857142855,0.4642857142857143,10.0,1,1
T030,2026-05-11,19,8.0,1,9,15,24,0,5,5,0.0,0.3333333333333333,0.20833333333333334,11.0,1,1
T030,2026-05-18,20,8.0,1,8,9,17,2,5,7,0.25,0.5555555555555556,0.4117647058823529,12.0,1,1
T030,2026-05-25,21,8.0,1,14,10,24,5,5,10,0.35714285714285715,0.5,0.4166666666666667,13.0,1,1
T030,2026-06-01,22,8.0,1,6,12,18,4,7,11,0.6666666666666666,0.5833333333333334,0.6111111111111112,14.0,1,1
T030,2026-06-08,23,8.0,1,13,11,24,7,6,13,0.5384615384615384,0.5454545454545454,0.5416666666666666,15.0,1,1
T030,2026-06-15,24,8.0,1,4,10,14,1,4,5,0.25,0.4,0.35714285714285715,16.0,1,1
T030,2026-06-22,25,8.0,1,9,20,29,3,9,12,0.3333333333333333,0.45,0.41379310344827586,17.0,1,1
T030,2026-06-29,26,8.0,1,12,20,32,6,9,15,0.5,0.45,0.46875,18.0,1,1
T030,2026-07-06,27,8.0,1,8,7,15,1,5,6,0.125,0.7142857142857143,0.4,19.0,1,1
T030,2026-07-13,28,8.0,1,6,16,22,4,8,12,0.6666666666666666,0.5,0.5454545454545454,20.0,1,1
T030,2026-07-20,29,8.0,1,8,12,20,1,7,8,0.125,0.5833333333333334,0.4,21.0,1,1
T030,2026-07-27,30,8.0,1,8,11,19,4,4,8,0.5,0.36363636363636365,0.42105263157894735,22.0,1,1
T031,2026-01-05,1,10.0,0,9,12,21,1,4,5,0.1111111111111111,0.3333333333333333,0.23809523809523808,-9.0,0,1
T031,2026-01-12,2,10.0,0,10,11,21,2,2,4,0.2,0.18181818181818182,0.19047619047619047,-8.0,0,1
T031,2026-01-19,3,10.0,0,13,9,22,6,6,12,0.46153846153846156,0.6666666666666666,0.5454545454545454,-7.0,0,1
T031,2026-01-26,4,10.0,0,9,8,17,2,4,6,0.2222222222222222,0.5,0.35294117647058826,-6.0,0,1
T031,2026-02-02,5,10.0,0,6,27,33,2,9,11,0.3333333333333333,0.3333333333333333,0.3333333333333333,-5.0,0,1
T031,2026-02-09,6,10.0,0,11,9,20,2,2,4,0.18181818181818182,0.2222222222222222,0.2,-4.0,0,1
T031,2026-02-16,7,10.0,0,5,9,14,1,4,5,0.2,0.4444444444444444,0.35714285714285715,-3.0,0,1
T031,2026-02-23,8,10.0,0,6,7,13,2,1,3,0.3333333333333333,0.14285714285714285,0.23076923076923078,-2.0,0,1
T031,2026-03-02,9,10.0,0,10,6,16,3,1,4,0.3,0.16666666666666666,0.25,-1.0,0,1
T031,2026-03-09,10,10.0,1,4,10,14,1,2,3,0.25,0.2,0.21428571428571427,0.0,1,1
T031,2026-03-16,11,10.0,1,7,12,19,2,7,9,0.2857142857142857,0.5833333333333334,0.47368421052631576,1.0,1,1
T031,2026-03-23,12,10.0,1,9,6,15,2,2,4,0.2222222222222222,0.3333333333333333,0.26666666666666666,2.0,1,1
T031,2026-03-30,13,10.0,1,7,19,26,3,6,9,0.42857142857142855,0.3157894736842105,0.34615384615384615,3.0,1,1
T031,2026-04-06,14,10.0,1,9,6,15,3,1,4,0.3333333333333333,0.16666666666666666,0.26666666666666666,4.0,1,1
T031,2026-04-13,15,10.0,1,7,17,24,2,4,6,0.2857142857142857,0.23529411764705882,0.25,5.0,1,1
T031,2026-04-20,16,10.0,1,8,9,17,2,3,5,0.25,0.3333333333333333,0.29411764705882354,6.0,1,1
T031,2026-04-27,17,10.0,1,11,14,25,3,6,9,0.2727272727272727,0.42857142857142855,0.36,7.0,1,1
T031,2026-05-04,18,10.0,1,10,14,24,4,5,9,0.4,0.35714285714285715,0.375,8.0,1,1
T031,2026-05-11,19,10.0,1,8,8,16,4,3,7,0.5,0.375,0.4375,9.0,1,1
T031,2026-05-18,20,10.0,1,7,6,13,1,1,2,0.14285714285714285,0.16666666666666666,0.15384615384615385,10.0,1,1
T031,2026-05-25,21,10.0,1,12,12,24,3,8,11,0.25,0.6666666666666666,0.4583333333333333,11.0,1,1
T031,2026-06-01,22,10.0,1,16,17,33,3,10,13,0.1875,0.5882352941176471,0.3939393939393939,12.0,1,1
T031,2026-06-08,23,10.0,1,7,16,23,3,7,10,0.42857142857142855,0.4375,0.43478260869565216,13.0,1,1
T031,2026-06-15,24,10.0,1,11,9,20,4,6,10,0.36363636363636365,0.6666666666666666,0.5,14.0,1,1
T031,2026-06-22,25,10.0,1,12,13,25,4,6,10,0.3333333333333333,0.46153846153846156,0.4,15.0,1,1
T031,2026-06-29,26,10.0,1,4,14,18,0,5,5,0.0,0.35714285714285715,0.2777777777777778,16.0,1,1
T031,2026-07-06,27,10.0,1,8,12,20,4,2,6,0.5,0.16666666666666666,0.3,17.0,1,1
T031,2026-07-13,28,10.0,1,10,16,26,6,5,11,0.6,0.3125,0.4230769230769231,18.0,1,1
T031,2026-07-20,29,10.0,1,6,9,15,1,3,4,0.16666666666666666,0.3333333333333333,0.26666666666666666,19.0,1,1
T031,2026-07-27,30,10.0,1,5,9,14,3,3,6,0.6,0.3333333333333333,0.42857142857142855,20.0,1,1
T032,2026-01-05,1,19.0,0,26,35,61,7,17,24,0.2692307692307692,0.4857142857142857,0.39344262295081966,-18.0,0,1
T032,2026-01-12,2,19.0,0,23,30,53,11,16,27,0.4782608695652174,0.5333333333333333,0.5094339622641509,-17.0,0,1
T032,2026-01-19,3,19.0,0,26,30,56,15,15,30,0.5769230769230769,0.5,0.5357142857142857,-16.0,0,1
T032,2026-01-26,4,19.0,0,27,27,54,13,12,25,0.48148148148148145,0.4444444444444444,0.46296296296296297,-15.0,0,1
T032,2026-02-02,5,19.0,0,27,26,53,19,17,36,0.7037037037037037,0.6538461538461539,0.6792452830188679,-14.0,0,1
T032,2026-02-09,6,19.0,0,29,30,59,13,17,30,0.4482758620689655,0.5666666666666667,0.5084745762711864,-13.0,0,1
T032,2026-02-16,7,19.0,0,22,23,45,6,7,13,0.2727272727272727,0.30434782608695654,0.28888888888888886,-12.0,0,1
T032,2026-02-23,8,19.0,0,26,26,52,11,13,24,0.4230769230769231,0.5,0.46153846153846156,-11.0,0,1
T032,2026-03-02,9,19.0,0,18,23,41,8,10,18,0.4444444444444444,0.43478260869565216,0.43902439024390244,-10.0,0,1
T032,2026-03-09,10,19.0,0,24,42,66,9,11,20,0.375,0.2619047619047619,0.30303030303030304,-9.0,0,1
T032,2026-03-16,11,19.0,0,23,28,51,11,15,26,0.4782608695652174,0.5357142857142857,0.5098039215686274,-8.0,0,1
T032,2026-03-23,12,19.0,0,25,30,55,9,12,21,0.36,0.4,0.38181818181818183,-7.0,0,1
T032,2026-03-30,13,19.0,0,30,27,57,12,9,21,0.4,0.3333333333333333,0.3684210526315789,-6.0,0,1
T032,2026-04-06,14,19.0,0,21,32,53,12,19,31,0.5714285714285714,0.59375,0.5849056603773585,-5.0,0,1
T032,2026-04-13,15,19.0,0,14,20,34,7,6,13,0.5,0.3,0.38235294117647056,-4.0,0,1
T032,2026-04-20,16,19.0,0,29,19,48,16,13,29,0.5517241379310345,0.6842105263157895,0.6041666666666666,-3.0,0,1
T032,2026-04-27,17,19.0,0,16,22,38,6,10,16,0.375,0.45454545454545453,0.42105263157894735,-2.0,0,1
T032,2026-05-04,18,19.0,0,23,26,49,13,11,24,0.5652173913043478,0.4230769230769231,0.4897959183673469,-1.0,0,1
T032,2026-05-11,19,19.0,1,26,25,51,17,15,32,0.6538461538461539,0.6,0.6274509803921569,0.0,1,1
T032,2026-05-18,20,19.0,1,29,33,62,19,18,37,0.6551724137931034,0.5454545454545454,0.5967741935483871,1.0,1,1
T032,2026-05-25,21,19.0,1,26,36,62,17,22,39,0.6538461538461539,0.6111111111111112,0.6290322580645161,2.0,1,1
T032,2026-06-01,22,19.0,1,22,24,46,13,15,28,0.5909090909090909,0.625,0.6086956521739131,3.0,1,1
T032,2026-06-08,23,19.0,1,28,38,66,12,22,34,0.42857142857142855,0.5789473684210527,0.5151515151515151,4.0,1,1
T032,2026-06-15,24,19.0,1,16,32,48,7,21,28,0.4375,0.65625,0.5833333333333334,5.0,1,1
T032,2026-06-22,25,19.0,1,24,31,55,10,16,26,0.4166666666666667,0.5161290322580645,0.4727272727272727,6.0,1,1
T032,2026-06-29,26,19.0,1,21,26,47,7,19,26,0.3333333333333333,0.7307692307692307,0.5531914893617021,7.0,1,1
T032,2026-07-06,27,19.0,1,13,32,45,9,19,28,0.6923076923076923,0.59375,0.6222222222222222,8.0,1,1
T032,2026-07-13,28,19.0,1,24,21,45,12,12,24,0.5,0.5714285714285714,0.5333333333333333,9.0,1,1
T032,2026-07-20,29,19.0,1,27,45,72,15,26,41,0.5555555555555556,0.5777777777777777,0.5694444444444444,10.0,1,1
T032,2026-07-27,30,19.0,1,30,31,61,10,13,23,0.3333333333333333,0.41935483870967744,0.3770491803278688,11.0,1,1
T033,2026-01-05,1,8.0,0,24,29,53,19,15,34,0.7916666666666666,0.5172413793103449,0.6415094339622641,-7.0,0,1
T033,2026-01-12,2,8.0,0,21,29,50,15,14,29,0.7142857142857143,0.4827586206896552,0.58,-6.0,0,1
T033,2026-01-19,3,8.0,0,16,20,36,5,14,19,0.3125,0.7,0.5277777777777778,-5.0,0,1
T033,2026-01-26,4,8.0,0,23,29,52,9,13,22,0.391304347826087,0.4482758620689655,0.4230769230769231,-4.0,0,1
T033,2026-02-02,5,8.0,0,31,23,54,17,17,34,0.5483870967741935,0.7391304347826086,0.6296296296296297,-3.0,0,1
T033,2026-02-09,6,8.0,0,21,27,48,12,17,29,0.5714285714285714,0.6296296296296297,0.6041666666666666,-2.0,0,1
T033,2026-02-16,7,8.0,0,20,33,53,8,20,28,0.4,0.6060606060606061,0.5283018867924528,-1.0,0,1
T033,2026-02-23,8,8.0,1,31,37,68,17,23,40,0.5483870967741935,0.6216216216216216,0.5882352941176471,0.0,1,1
T033,2026-03-02,9,8.0,1,33,38,71,18,22,40,0.5454545454545454,0.5789473684210527,0.5633802816901409,1.0,1,1
T033,2026-03-09,10,8.0,1,28,34,62,16,22,38,0.5714285714285714,0.6470588235294118,0.6129032258064516,2.0,1,1
T033,2026-03-16,11,8.0,1,24,44,68,12,19,31,0.5,0.4318181818181818,0.45588235294117646,3.0,1,1
T033,2026-03-23,12,8.0,1,23,23,46,10,9,19,0.43478260869565216,0.391304347826087,0.41304347826086957,4.0,1,1
T033,2026-03-30,13,8.0,1,22,26,48,12,15,27,0.5454545454545454,0.5769230769230769,0.5625,5.0,1,1
T033,2026-04-06,14,8.0,1,18,32,50,11,15,26,0.6111111111111112,0.46875,0.52,6.0,1,1
T033,2026-04-13,15,8.0,1,24,28,52,15,13,28,0.625,0.4642857142857143,0.5384615384615384,7.0,1,1
T033,2026-04-20,16,8.0,1,19,33,52,13,18,31,0.6842105263157895,0.5454545454545454,0.5961538461538461,8.0,1,1
T033,2026-04-27,17,8.0,1,16,35,51,14,25,39,0.875,0.7142857142857143,0.7647058823529411,9.0,1,1
T033,2026-05-04,18,8.0,1,35,45,80,19,22,41,0.5428571428571428,0.4888888888888889,0.5125,10.0,1,1
T033,2026-05-11,19,8.0,1,25,21,46,17,17,34,0.68,0.8095238095238095,0.7391304347826086,11.0,1,1
T033,2026-05-18,20,8.0,1,34,39,73,18,24,42,0.5294117647058824,0.6153846153846154,0.5753424657534246,12.0,1,1
T033,2026-05-25,21,8.0,1,32,29,61,22,17,39,0.6875,0.5862068965517241,0.639344262295082,13.0,1,1
T033,2026-06-01,22,8.0,1,26,30,56,13,13,26,0.5,0.43333333333333335,0.4642857142857143,14.0,1,1
T033,2026-06-08,23,8.0,1,22,27,49,11,13,24,0.5,0.48148148148148145,0.4897959183673469,15.0,1,1
T033,2026-06-15,24,8.0,1,33,36,69,18,21,39,0.5454545454545454,0.5833333333333334,0.5652173913043478,16.0,1,1
T033,2026-06-22,25,8.0,1,26,19,45,20,11,31,0.7692307692307693,0.5789473684210527,0.6888888888888889,17.0,1,1
T033,2026-06-29,26,8.0,1,37,38,75,20,16,36,0.5405405405405406,0.42105263157894735,0.48,18.0,1,1
T033,2026-07-06,27,8.0,1,12,36,48,6,20,26,0.5,0.5555555555555556,0.5416666666666666,19.0,1,1
T033,2026-07-13,28,8.0,1,34,29,63,19,22,41,0.5588235294117647,0.7586206896551724,0.6507936507936508,20.0,1,1
T033,2026-07-20,29,8.0,1,28,26,54,15,15,30,0.5357142857142857,0.5769230769230769,0.5555555555555556,21.0,1,1
T033,2026-07-27,30,8.0,1,26,28,54,15,14,29,0.5769230769230769,0.5,0.5370370370370371,22.0,1,1
T034,2026-01-05,1,16.0,0,15,23,38,12,18,30,0.8,0.782608695652174,0.7894736842105263,-15.0,0,1
T034,2026-01-12,2,16.0,0,24,21,45,17,19,36,0.7083333333333334,0.9047619047619048,0.8,-14.0,0,1
T034,2026-01-19,3,16.0,0,14,16,30,12,11,23,0.8571428571428571,0.6875,0.7666666666666667,-13.0,0,1
T034,2026-01-26,4,16.0,0,18,29,47,11,21,32,0.6111111111111112,0.7241379310344828,0.6808510638297872,-12.0,0,1
T034,2026-02-02,5,16.0,0,20,27,47,14,16,30,0.7,0.5925925925925926,0.6382978723404256,-11.0,0,1
T034,2026-02-09,6,16.0,0,24,35,59,13,24,37,0.5416666666666666,0.6857142857142857,0.6271186440677966,-10.0,0,1
T034,2026-02-16,7,16.0,0,20,39,59,12,31,43,0.6,0.7948717948717948,0.7288135593220338,-9.0,0,1
T034,2026-02-23,8,16.0,0,22,24,46,17,9,26,0.7727272727272727,0.375,0.5652173913043478,-8.0,0,1
T034,2026-03-02,9,16.0,0,18,24,42,15,17,32,0.8333333333333334,0.7083333333333334,0.7619047619047619,-7.0,0,1
T034,2026-03-09,10,16.0,0,22,22,44,17,15,32,0.7727272727272727,0.6818181818181818,0.7272727272727273,-6.0,0,1
T034,2026-03-16,11,16.0,0,13,17,30,7,13,20,0.5384615384615384,0.7647058823529411,0.6666666666666666,-5.0,0,1
T034,2026-03-23,12,16.0,0,15,22,37,12,14,26,0.8,0.6363636363636364,0.7027027027027027,-4.0,0,1
T034,2026-03-30,13,16.0,0,29,20,49,23,15,38,0.7931034482758621,0.75,0.7755102040816326,-3.0,0,1
T034,2026-04-06,14,16.0,0,19,26,45,13,23,36,0.6842105263157895,0.8846153846153846,0.8,-2.0,0,1
T034,2026-04-13,15,16.0,0,19,24,43,10,10,20,0.5263157894736842,0.4166666666666667,0.46511627906976744,-1.0,0,1
T034,2026-04-20,16,16.0,1,16,31,47,9,22,31,0.5625,0.7096774193548387,0.6595744680851063,0.0,1,1
T034,2026-04-27,17,16.0,1,32,29,61,28,21,49,0.875,0.7241379310344828,0.8032786885245902,1.0,1,1
T034,2026-05-04,18,16.0,1,19,31,50,14,26,40,0.7368421052631579,0.8387096774193549,0.8,2.0,1,1
T034,2026-05-11,19,16.0,1,19,34,53,15,27,42,0.7894736842105263,0.7941176470588235,0.7924528301886793,3.0,1,1
T034,2026-05-18,20,16.0,1,21,34,55,14,26,40,0.6666666666666666,0.7647058823529411,0.7272727272727273,4.0,1,1
T034,2026-05-25,21,16.0,1,24,25,49,19,19,38,0.7916666666666666,0.76,0.7755102040816326,5.0,1,1
T034,2026-06-01,22,16.0,1,33,39,72,25,27,52,0.7575757575757576,0.6923076923076923,0.7222222222222222,6.0,1,1
T034,2026-06-08,23,16.0,1,28,32,60,19,24,43,0.6785714285714286,0.75,0.7166666666666667,7.0,1,1
T034,2026-06-15,24,16.0,1,34,22,56,20,15,35,0.5882352941176471,0.6818181818181818,0.625,8.0,1,1
T034,2026-06-22,25,16.0,1,25,27,52,18,21,39,0.72,0.7777777777777778,0.75,9.0,1,1
T034,2026-06-29,26,16.0,1,20,30,50,10,19,29,0.5,0.6333333333333333,0.58,10.0,1,1
T034,2026-07-06,27,16.0,1,19,23,42,12,20,32,0.631578947368421,0.8695652173913043,0.7619047619047619,11.0,1,1
T034,2026-07-13,28,16.0,1,26,28,54,21,19,40,0.8076923076923077,0.6785714285714286,0.7407407407407407,12.0,1,1
T034,2026-07-20,29,16.0,1,18,25,43,16,17,33,0.8888888888888888,0.68,0.7674418604651163,13.0,1,1
T034,2026-07-27,30,16.0,1,15,24,39,12,21,33,0.8,0.875,0.8461538461538461,14.0,1,1
T035,2026-01-05,1,,0,8,6,14,4,2,6,0.5,0.3333333333333333,0.42857142857142855,,0,1
T035,2026-01-12,2,,0,4,12,16,0,7,7,0.0,0.5833333333333334,0.4375,,0,1
T035,2026-01-19,3,,0,6,9,15,2,6,8,0.3333333333333333,0.6666666666666666,0.5333333333333333,,0,1
T035,2026-01-26,4,,0,5,12,17,2,4,6,0.4,0.3333333333333333,0.35294117647058826,,0,1
T035,2026-02-02,5,,0,4,6,10,2,1,3,0.5,0.16666666666666666,0.3,,0,1
T035,2026-02-09,6,,0,6,7,13,1,3,4,0.16666666666666666,0.42857142857142855,0.3076923076923077,,0,1
T035,2026-02-16,7,,0,4,9,13,2,3,5,0.5,0.3333333333333333,0.38461538461538464,,0,1
T035,2026-02-23,8,,0,9,7,16,3,2,5,0.3333333333333333,0.2857142857142857,0.3125,,0,1
T035,2026-03-02,9,,0,5,8,13,2,2,4,0.4,0.25,0.3076923076923077,,0,1
T035,2026-03-09,10,,0,7,9,16,0,5,5,0.0,0.5555555555555556,0.3125,,0,1
T035,2026-03-16,11,,0,4,9,13,2,4,6,0.5,0.4444444444444444,0.46153846153846156,,0,1
T035,2026-03-23,12,,0,4,6,10,0,1,1,0.0,0.16666666666666666,0.1,,0,1
T035,2026-03-30,13,,0,4,8,12,1,2,3,0.25,0.25,0.25,,0,1
T035,2026-04-06,14,,0,11,10,21,0,2,2,0.0,0.2,0.09523809523809523,,0,1
T035,2026-04-13,15,,0,4,6,10,2,1,3,0.5,0.16666666666666666,0.3,,0,1
T035,2026-04-20,16,,0,11,10,21,3,2,5,0.2727272727272727,0.2,0.23809523809523808,,0,1
T035,2026-04-27,17,,0,5,6,11,2,0,2,0.4,0.0,0.18181818181818182,,0,1
T035,2026-05-04,18,,0,4,6,10,1,2,3,0.25,0.3333333333333333,0.3,,0,1
T035,2026-05-11,19,,0,4,6,10,2,1,3,0.5,0.16666666666666666,0.3,,0,1
T035,2026-05-18,20,,0,6,7,13,4,3,7,0.6666666666666666,0.42857142857142855,0.5384615384615384,,0,1
T035,2026-05-25,21,,0,8,13,21,3,8,11,0.375,0.6153846153846154,0.5238095238095238,,0,1
T035,2026-06-01,22,,0,4,6,10,1,1,2,0.25,0.16666666666666666,0.2,,0,1
T035,2026-06-08,23,,0,8,6,14,3,1,4,0.375,0.16666666666666666,0.2857142857142857,,0,1
T035,2026-06-15,24,,0,4,6,10,0,0,0,0.0,0.0,0.0,,0,1
T035,2026-06-22,25,,0,5,6,11,2,3,5,0.4,0.5,0.45454545454545453,,0,1
T035,2026-06-29,26,,0,10,8,18,2,3,5,0.2,0.375,0.2777777777777778,,0,1
T035,2026-07-06,27,,0,6,9,15,2,7,9,0.3333333333333333,0.7777777777777778,0.6,,0,1
T035,2026-07-13,28,,0,7,15,22,5,12,17,0.7142857142857143,0.8,0.7727272727272727,,0,1
T035,2026-07-20,29,,0,5,11,16,0,3,3,0.0,0.2727272727272727,0.1875,,0,1
T035,2026-07-27,30,,0,8,8,16,2,2,4,0.25,0.25,0.25,,0,1
T036,2026-01-05,1,16.0,0,10,16,26,6,7,13,0.6,0.4375,0.5,-15.0,0,1
T036,2026-01-12,2,16.0,0,6,12,18,4,7,11,0.6666666666666666,0.5833333333333334,0.6111111111111112,-14.0,0,1
T036,2026-01-19,3,16.0,0,11,15,26,4,10,14,0.36363636363636365,0.6666666666666666,0.5384615384615384,-13.0,0,1
T036,2026-01-26,4,16.0,0,9,9,18,5,6,11,0.5555555555555556,0.6666666666666666,0.6111111111111112,-12.0,0,1
T036,2026-02-02,5,16.0,0,6,10,16,3,7,10,0.5,0.7,0.625,-11.0,0,1
T036,2026-02-09,6,16.0,0,10,7,17,7,3,10,0.7,0.42857142857142855,0.5882352941176471,-10.0,0,1
T036,2026-02-16,7,16.0,0,9,9,18,3,7,10,0.3333333333333333,0.7777777777777778,0.5555555555555556,-9.0,0,1
T036,2026-02-23,8,16.0,0,12,17,29,6,11,17,0.5,0.6470588235294118,0.5862068965517241,-8.0,0,1
T036,2026-03-02,9,16.0,0,6,7,13,2,5,7,0.3333333333333333,0.7142857142857143,0.5384615384615384,-7.0,0,1
T036,2026-03-09,10,16.0,0,10,16,26,7,10,17,0.7,0.625,0.6538461538461539,-6.0,0,1
T036,2026-03-16,11,16.0,0,12,8,20,6,4,10,0.5,0.5,0.5,-5.0,0,1
T036,2026-03-23,12,16.0,0,7,10,17,6,6,12,0.8571428571428571,0.6,0.7058823529411765,-4.0,0,1
T036,2026-03-30,13,16.0,0,4,8,12,3,2,5,0.75,0.25,0.4166666666666667,-3.0,0,1
T036,2026-04-06,14,16.0,0,9,18,27,6,10,16,0.6666666666666666,0.5555555555555556,0.5925925925925926,-2.0,0,1
T036,2026-04-13,15,16.0,0,10,10,20,4,5,9,0.4,0.5,0.45,-1.0,0,1
T036,2026-04-20,16,16.0,1,10,11,21,5,4,9,0.5,0.36363636363636365,0.42857142857142855,0.0,1,1
T036,2026-04-27,17,16.0,1,14,20,34,8,12,20,0.5714285714285714,0.6,0.5882352941176471,1.0,1,1
T036,2026-05-04,18,16.0,1,10,12,22,8,6,14,0.8,0.5,0.6363636363636364,2.0,1,1
T036,2026-05-11,19,16.0,1,11,17,28,7,10,17,0.6363636363636364,0.5882352941176471,0.6071428571428571,3.0,1,1
T036,2026-05-18,20,16.0,1,7,6,13,5,4,9,0.7142857142857143,0.6666666666666666,0.6923076923076923,4.0,1,1
T036,2026-05-25,21,16.0,1,12,22,34,7,16,23,0.5833333333333334,0.7272727272727273,0.6764705882352942,5.0,1,1
T036,2026-06-01,22,16.0,1,9,13,22,9,6,15,1.0,0.46153846153846156,0.6818181818181818,6.0,1,1
T036,2026-06-08,23,16.0,1,9,15,24,7,8,15,0.7777777777777778,0.5333333333333333,0.625,7.0,1,1
T036,2026-06-15,24,16.0,1,17,9,26,13,8,21,0.7647058823529411,0.8888888888888888,0.8076923076923077,8.0,1,1
T036,2026-06-22,25,16.0,1,10,16,26,6,9,15,0.6,0.5625,0.5769230769230769,9.0,1,1
T036,2026-06-29,26,16.0,1,4,11,15,2,7,9,0.5,0.6363636363636364,0.6,10.0,1,1
T036,2026-07-06,27,16.0,1,11,8,19,8,3,11,0.7272727272727273,0.375,0.5789473684210527,11.0,1,1
T036,2026-07-13,28,16.0,1,11,6,17,5,5,10,0.45454545454545453,0.8333333333333334,0.5882352941176471,12.0,1,1
T036,2026-07-20,29,16.0,1,13,15,28,7,10,17,0.5384615384615384,0.6666666666666666,0.6071428571428571,13.0,1,1
T036,2026-07-27,30,16.0,1,16,13,29,5,8,13,0.3125,0.6153846153846154,0.4482758620689655,14.0,1,1
T037,2026-01-05,1,12.0,0,8,8,16,4,2,6,0.5,0.25,0.375,-11.0,0,1
T037,2026-01-12,2,12.0,0,5,15,20,2,7,9,0.4,0.4666666666666667,0.45,-10.0,0,1
T037,2026-01-19,3,12.0,0,7,12,19,2,5,7,0.2857142857142857,0.4166666666666667,0.3684210526315789,-9.0,0,1
T037,2026-01-26,4,12.0,0,9,9,18,2,5,7,0.2222222222222222,0.5555555555555556,0.3888888888888889,-8.0,0,1
T037,2026-02-02,5,12.0,0,7,8,15,4,5,9,0.5714285714285714,0.625,0.6,-7.0,0,1
T037,2026-02-09,6,12.0,0,7,14,21,4,1,5,0.5714285714285714,0.07142857142857142,0.23809523809523808,-6.0,0,1
T037,2026-02-16,7,12.0,0,11,15,26,4,3,7,0.36363636363636365,0.2,0.2692307692307692,-5.0,0,1
T037,2026-02-23,8,12.0,0,10,16,26,2,4,6,0.2,0.25,0.23076923076923078,-4.0,0,1
T037,2026-03-02,9,12.0,0,12,14,26,3,3,6,0.25,0.21428571428571427,0.23076923076923078,-3.0,0,1
T037,2026-03-09,10,12.0,0,9,9,18,3,4,7,0.3333333333333333,0.4444444444444444,0.3888888888888889,-2.0,0,1
T037,2026-03-16,11,12.0,0,9,10,19,5,3,8,0.5555555555555556,0.3,0.42105263157894735,-1.0,0,1
T037,2026-03-23,12,12.0,1,4,8,12,0,2,2,0.0,0.25,0.16666666666666666,0.0,1,1
T037,2026-03-30,13,12.0,1,11,14,25,5,8,13,0.45454545454545453,0.5714285714285714,0.52,1.0,1,1
T037,2026-04-06,14,12.0,1,9,16,25,5,6,11,0.5555555555555556,0.375,0.44,2.0,1,1
T037,2026-04-13,15,12.0,1,11,16,27,4,6,10,0.36363636363636365,0.375,0.37037037037037035,3.0,1,1
T037,2026-04-20,16,12.0,1,13,14,27,5,9,14,0.38461538461538464,0.6428571428571429,0.5185185185185185,4.0,1,1
T037,2026-04-27,17,12.0,1,7,11,18,3,6,9,0.42857142857142855,0.5454545454545454,0.5,5.0,1,1
T037,2026-05-04,18,12.0,1,6,16,22,1,10,11,0.16666666666666666,0.625,0.5,6.0,1,1
T037,2026-05-11,19,12.0,1,9,13,22,6,3,9,0.6666666666666666,0.23076923076923078,0.4090909090909091,7.0,1,1
T037,2026-05-18,20,12.0,1,17,11,28,6,3,9,0.35294117647058826,0.2727272727272727,0.32142857142857145,8.0,1,1
T037,2026-05-25,21,12.0,1,14,16,30,4,8,12,0.2857142857142857,0.5,0.4,9.0,1,1
T037,2026-06-01,22,12.0,1,14,14,28,6,6,12,0.42857142857142855,0.42857142857142855,0.42857142857142855,10.0,1,1
T037,2026-06-08,23,12.0,1,8,15,23,3,5,8,0.375,0.3333333333333333,0.34782608695652173,11.0,1,1
T037,2026-06-15,24,12.0,1,13,15,28,8,8,16,0.6153846153846154,0.5333333333333333,0.5714285714285714,12.0,1,1
T037,2026-06-22,25,12.0,1,13,11,24,5,4,9,0.38461538461538464,0.36363636363636365,0.375,13.0,1,1
T037,2026-06-29,26,12.0,1,8,13,21,4,4,8,0.5,0.3076923076923077,0.38095238095238093,14.0,1,1
T037,2026-07-06,27,12.0,1,13,10,23,5,2,7,0.38461538461538464,0.2,0.30434782608695654,15.0,1,1
T037,2026-07-13,28,12.0,1,11,17,28,6,8,14,0.5454545454545454,0.47058823529411764,0.5,16.0,1,1
T037,2026-07-20,29,12.0,1,11,13,24,4,5,9,0.36363636363636365,0.38461538461538464,0.375,17.0,1,1
T037,2026-07-27,30,12.0,1,14,8,22,3,1,4,0.21428571428571427,0.125,0.18181818181818182,18.0,1,1
T038,2026-01-05,1,14.0,0,10,18,28,7,4,11,0.7,0.2222222222222222,0.39285714285714285,-13.0,0,1
T038,2026-01-12,2,14.0,0,20,16,36,13,3,16,0.65,0.1875,0.4444444444444444,-12.0,0,1
T038,2026-01-19,3,14.0,0,16,14,30,3,5,8,0.1875,0.35714285714285715,0.26666666666666666,-11.0,0,1
T038,2026-01-26,4,14.0,0,22,17,39,11,7,18,0.5,0.4117647058823529,0.46153846153846156,-10.0,0,1
T038,2026-02-02,5,14.0,0,13,16,29,8,4,12,0.6153846153846154,0.25,0.41379310344827586,-9.0,0,1
T038,2026-02-09,6,14.0,0,16,18,34,7,9,16,0.4375,0.5,0.47058823529411764,-8.0,0,1
T038,2026-02-16,7,14.0,0,9,25,34,1,10,11,0.1111111111111111,0.4,0.3235294117647059,-7.0,0,1
T038,2026-02-23,8,14.0,0,10,16,26,1,7,8,0.1,0.4375,0.3076923076923077,-6.0,0,1
T038,2026-03-02,9,14.0,0,10,22,32,5,7,12,0.5,0.3181818181818182,0.375,-5.0,0,1
T038,2026-03-09,10,14.0,0,12,11,23,4,2,6,0.3333333333333333,0.18181818181818182,0.2608695652173913,-4.0,0,1
T038,2026-03-16,11,14.0,0,10,12,22,3,3,6,0.3,0.25,0.2727272727272727,-3.0,0,1
T038,2026-03-23,12,14.0,0,18,23,41,5,7,12,0.2777777777777778,0.30434782608695654,0.2926829268292683,-2.0,0,1
T038,2026-03-30,13,14.0,0,11,13,24,7,2,9,0.6363636363636364,0.15384615384615385,0.375,-1.0,0,1
T038,2026-04-06,14,14.0,1,18,20,38,8,9,17,0.4444444444444444,0.45,0.4473684210526316,0.0,1,1
T038,2026-04-13,15,14.0,1,16,18,34,8,8,16,0.5,0.4444444444444444,0.47058823529411764,1.0,1,1
T038,2026-04-20,16,14.0,1,13,24,37,5,11,16,0.38461538461538464,0.4583333333333333,0.43243243243243246,2.0,1,1
T038,2026-04-27,17,14.0,1,12,14,26,10,4,14,0.8333333333333334,0.2857142857142857,0.5384615384615384,3.0,1,1
T038,2026-05-04,18,14.0,1,20,21,41,12,10,22,0.6,0.47619047619047616,0.5365853658536586,4.0,1,1
T038,2026-05-11,19,14.0,1,17,11,28,7,6,13,0.4117647058823529,0.5454545454545454,0.4642857142857143,5.0,1,1
T038,2026-05-18,20,14.0,1,10,21,31,2,14,16,0.2,0.6666666666666666,0.5161290322580645,6.0,1,1
T038,2026-05-25,21,14.0,1,12,24,36,8,15,23,0.6666666666666666,0.625,0.6388888888888888,7.0,1,1
T038,2026-06-01,22,14.0,1,15,18,33,7,10,17,0.4666666666666667,0.5555555555555556,0.5151515151515151,8.0,1,1
T038,2026-06-08,23,14.0,1,24,28,52,9,16,25,0.375,0.5714285714285714,0.4807692307692308,9.0,1,1
T038,2026-06-15,24,14.0,1,19,26,45,13,16,29,0.6842105263157895,0.6153846153846154,0.6444444444444445,10.0,1,1
T038,2026-06-22,25,14.0,1,18,13,31,10,6,16,0.5555555555555556,0.46153846153846156,0.5161290322580645,11.0,1,1
T038,2026-06-29,26,14.0,1,16,20,36,12,12,24,0.75,0.6,0.6666666666666666,12.0,1,1
T038,2026-07-06,27,14.0,1,17,19,36,6,8,14,0.35294117647058826,0.42105263157894735,0.3888888888888889,13.0,1,1
T038,2026-07-13,28,14.0,1,26,31,57,17,20,37,0.6538461538461539,0.6451612903225806,0.6491228070175439,14.0,1,1
T038,2026-07-20,29,14.0,1,15,17,32,6,10,16,0.4,0.5882352941176471,0.5,15.0,1,1
T038,2026-07-27,30,14.0,1,18,14,32,6,8,14,0.3333333333333333,0.5714285714285714,0.4375,16.0,1,1
T039,2026-01-05,1,10.0,0,29,33,62,21,21,42,0.7241379310344828,0.6363636363636364,0.6774193548387096,-9.0,0,1
T039,2026-01-12,2,10.0,0,23,40,63,15,32,47,0.6521739130434783,0.8,0.746031746031746,-8.0,0,1
T039,2026-01-19,3,10.0,0,15,41,56,8,22,30,0.5333333333333333,0.5365853658536586,0.5357142857142857,-7.0,0,1
T039,2026-01-26,4,10.0,0,22,25,47,17,17,34,0.7727272727272727,0.68,0.723404255319149,-6.0,0,1
T039,2026-02-02,5,10.0,0,23,35,58,17,28,45,0.7391304347826086,0.8,0.7758620689655172,-5.0,0,1
T039,2026-02-09,6,10.0,0,22,32,54,16,20,36,0.7272727272727273,0.625,0.6666666666666666,-4.0,0,1
T039,2026-02-16,7,10.0,0,15,39,54,13,28,41,0.8666666666666667,0.717948717948718,0.7592592592592593,-3.0,0,1
T039,2026-02-23,8,10.0,0,24,25,49,14,20,34,0.5833333333333334,0.8,0.6938775510204082,-2.0,0,1
T039,2026-03-02,9,10.0,0,23,28,51,14,19,33,0.6086956521739131,0.6785714285714286,0.6470588235294118,-1.0,0,1
T039,2026-03-09,10,10.0,1,26,28,54,18,18,36,0.6923076923076923,0.6428571428571429,0.6666666666666666,0.0,1,1
T039,2026-03-16,11,10.0,1,17,33,50,12,26,38,0.7058823529411765,0.7878787878787878,0.76,1.0,1,1
T039,2026-03-23,12,10.0,1,17,27,44,10,14,24,0.5882352941176471,0.5185185185185185,0.5454545454545454,2.0,1,1
T039,2026-03-30,13,10.0,1,18,27,45,10,18,28,0.5555555555555556,0.6666666666666666,0.6222222222222222,3.0,1,1
T039,2026-04-06,14,10.0,1,28,17,45,18,11,29,0.6428571428571429,0.6470588235294118,0.6444444444444445,4.0,1,1
T039,2026-04-13,15,10.0,1,19,22,41,17,16,33,0.8947368421052632,0.7272727272727273,0.8048780487804879,5.0,1,1
T039,2026-04-20,16,10.0,1,17,27,44,10,16,26,0.5882352941176471,0.5925925925925926,0.5909090909090909,6.0,1,1
T039,2026-04-27,17,10.0,1,30,22,52,21,17,38,0.7,0.7727272727272727,0.7307692307692307,7.0,1,1
T039,2026-05-04,18,10.0,1,17,24,41,12,17,29,0.7058823529411765,0.7083333333333334,0.7073170731707317,8.0,1,1
T039,2026-05-11,19,10.0,1,25,23,48,15,17,32,0.6,0.7391304347826086,0.6666666666666666,9.0,1,1
T039,2026-05-18,20,10.0,1,20,29,49,14,17,31,0.7,0.5862068965517241,0.6326530612244898,10.0,1,1
T039,2026-05-25,21,10.0,1,29,29,58,21,17,38,0.7241379310344828,0.5862068965517241,0.6551724137931034,11.0,1,1
T039,2026-06-01,22,10.0,1,37,30,67,27,21,48,0.7297297297297297,0.7,0.7164179104477612,12.0,1,1
T039,2026-06-08,23,10.0,1,27,31,58,23,21,44,0.8518518518518519,0.6774193548387096,0.7586206896551724,13.0,1,1
T039,2026-06-15,24,10.0,1,31,25,56,25,17,42,0.8064516129032258,0.68,0.75,14.0,1,1
T039,2026-06-22,25,10.0,1,22,28,50,12,21,33,0.5454545454545454,0.75,0.66,15.0,1,1
T039,2026-06-29,26,10.0,1,22,22,44,15,13,28,0.6818181818181818,0.5909090909090909,0.6363636363636364,16.0,1,1
T039,2026-07-06,27,10.0,1,21,22,43,12,16,28,0.5714285714285714,0.7272727272727273,0.6511627906976745,17.0,1,1
T039,2026-07-13,28,10.0,1,23,37,60,18,20,38,0.782608695652174,0.5405405405405406,0.6333333333333333,18.0,1,1
T039,2026-07-20,29,10.0,1,32,31,63,22,17,39,0.6875,0.5483870967741935,0.6190476190476191,19.0,1,1
T039,2026-07-27,30,10.0,1,25,22,47,16,14,30,0.64,0.6363636363636364,0.6382978723404256,20.0,1,1
T040,2026-01-05,1,16.0,0,9,6,15,5,2,7,0.5555555555555556,0.3333333333333333,0.4666666666666667,-15.0,0,1
T040,2026-01-12,2,16.0,0,6,15,21,1,7,8,0.16666666666666666,0.4666666666666667,0.38095238095238093,-14.0,0,1
T040,2026-01-19,3,16.0,0,5,11,16,0,3,3,0.0,0.2727272727272727,0.1875,-13.0,0,1
T040,2026-01-26,4,16.0,0,5,10,15,0,5,5,0.0,0.5,0.3333333333333333,-12.0,0,1
T040,2026-02-02,5,16.0,0,9,12,21,4,3,7,0.4444444444444444,0.25,0.3333333333333333,-11.0,0,1
T040,2026-02-09,6,16.0,0,4,6,10,0,1,1,0.0,0.16666666666666666,0.1,-10.0,0,1
T040,2026-02-16,7,16.0,0,10,6,16,3,3,6,0.3,0.5,0.375,-9.0,0,1
T040,2026-02-23,8,16.0,0,7,6,13,1,3,4,0.14285714285714285,0.5,0.3076923076923077,-8.0,0,1
T040,2026-03-02,9,16.0,0,8,8,16,0,4,4,0.0,0.5,0.25,-7.0,0,1
T040,2026-03-09,10,16.0,0,4,8,12,1,1,2,0.25,0.125,0.16666666666666666,-6.0,0,1
T040,2026-03-16,11,16.0,0,7,8,15,1,1,2,0.14285714285714285,0.125,0.13333333333333333,-5.0,0,1
T040,2026-03-23,12,16.0,0,4,7,11,2,2,4,0.5,0.2857142857142857,0.36363636363636365,-4.0,0,1
T040,2026-03-30,13,16.0,0,5,8,13,2,2,4,0.4,0.25,0.3076923076923077,-3.0,0,1
T040,2026-04-06,14,16.0,0,5,6,11,1,2,3,0.2,0.3333333333333333,0.2727272727272727,-2.0,0,1
T040,2026-04-13,15,16.0,0,4,6,10,1,1,2,0.25,0.16666666666666666,0.2,-1.0,0,1
T040,2026-04-20,16,16.0,1,9,8,17,4,5,9,0.4444444444444444,0.625,0.5294117647058824,0.0,1,1
T040,2026-04-27,17,16.0,1,9,6,15,1,2,3,0.1111111111111111,0.3333333333333333,0.2,1.0,1,1
T040,2026-05-04,18,16.0,1,8,15,23,2,7,9,0.25,0.4666666666666667,0.391304347826087,2.0,1,1
T040,2026-05-11,19,16.0,1,7,11,18,4,4,8,0.5714285714285714,0.36363636363636365,0.4444444444444444,3.0,1,1
T040,2026-05-18,20,16.0,1,4,6,10,2,0,2,0.5,0.0,0.2,4.0,1,1
T040,2026-05-25,21,16.0,1,7,9,16,1,2,3,0.14285714285714285,0.2222222222222222,0.1875,5.0,1,1
T040,2026-06-01,22,16.0,1,5,7,12,2,5,7,0.4,0.7142857142857143,0.5833333333333334,6.0,1,1
T040,2026-06-08,23,16.0,1,8,11,19,3,6,9,0.375,0.5454545454545454,0.47368421052631576,7.0,1,1
T040,2026-06-15,24,16.0,1,8,6,14,3,3,6,0.375,0.5,0.42857142857142855,8.0,1,1
T040,2026-06-22,25,16.0,1,7,12,19,4,5,9,0.5714285714285714,0.4166666666666667,0.47368421052631576,9.0,1,1
T040,2026-06-29,26,16.0,1,7,16,23,4,7,11,0.5714285714285714,0.4375,0.4782608695652174,10.0,1,1
T040,2026-07-06,27,16.0,1,10,13,23,2,6,8,0.2,0.46153846153846156,0.34782608695652173,11.0,1,1
T040,2026-07-13,28,16.0,1,8,9,17,2,6,8,0.25,0.6666666666666666,0.47058823529411764,12.0,1,1
T040,2026-07-20,29,16.0,1,8,7,15,4,2,6,0.5,0.2857142857142857,0.4,13.0,1,1
T040,2026-07-27,30,16.0,1,6,11,17,1,2,3,0.16666666666666666,0.18181818181818182,0.17647058823529413,14.0,1,1
T041,2026-01-05,1,17.0,0,11,15,26,5,13,18,0.45454545454545453,0.8666666666666667,0.6923076923076923,-16.0,0,1
T041,2026-01-12,2,17.0,0,14,15,29,10,8,18,0.7142857142857143,0.5333333333333333,0.6206896551724138,-15.0,0,1
T041,2026-01-19,3,17.0,0,11,13,24,9,10,19,0.8181818181818182,0.7692307692307693,0.7916666666666666,-14.0,0,1
T041,2026-01-26,4,17.0,0,5,12,17,4,9,13,0.8,0.75,0.7647058823529411,-13.0,0,1
T041,2026-02-02,5,17.0,0,12,15,27,11,7,18,0.9166666666666666,0.4666666666666667,0.6666666666666666,-12.0,0,1
T041,2026-02-09,6,17.0,0,12,16,28,11,12,23,0.9166666666666666,0.75,0.8214285714285714,-11.0,0,1
T041,2026-02-16,7,17.0,0,12,11,23,8,8,16,0.6666666666666666,0.7272727272727273,0.6956521739130435,-10.0,0,1
T041,2026-02-23,8,17.0,0,8,13,21,5,9,14,0.625,0.6923076923076923,0.6666666666666666,-9.0,0,1
T041,2026-03-02,9,17.0,0,13,14,27,11,10,21,0.8461538461538461,0.7142857142857143,0.7777777777777778,-8.0,0,1
T041,2026-03-09,10,17.0,0,12,13,25,8,10,18,0.6666666666666666,0.7692307692307693,0.72,-7.0,0,1
T041,2026-03-16,11,17.0,0,9,6,15,6,4,10,0.6666666666666666,0.6666666666666666,0.6666666666666666,-6.0,0,1
T041,2026-03-23,12,17.0,0,15,11,26,10,9,19,0.6666666666666666,0.8181818181818182,0.7307692307692307,-5.0,0,1
T041,2026-03-30,13,17.0,0,9,9,18,6,3,9,0.6666666666666666,0.3333333333333333,0.5,-4.0,0,1
T041,2026-04-06,14,17.0,0,12,12,24,9,10,19,0.75,0.8333333333333334,0.7916666666666666,-3.0,0,1
T041,2026-04-13,15,17.0,0,11,7,18,8,4,12,0.7272727272727273,0.5714285714285714,0.6666666666666666,-2.0,0,1
T041,2026-04-20,16,17.0,0,8,9,17,8,6,14,1.0,0.6666666666666666,0.8235294117647058,-1.0,0,1
T041,2026-04-27,17,17.0,1,15,15,30,12,10,22,0.8,0.6666666666666666,0.7333333333333333,0.0,1,1
T041,2026-05-04,18,17.0,1,9,17,26,6,11,17,0.6666666666666666,0.6470588235294118,0.6538461538461539,1.0,1,1
T041,2026-05-11,19,17.0,1,15,17,32,11,13,24,0.7333333333333333,0.7647058823529411,0.75,2.0,1,1
T041,2026-05-18,20,17.0,1,13,14,27,12,12,24,0.9230769230769231,0.8571428571428571,0.8888888888888888,3.0,1,1
T041,2026-05-25,21,17.0,1,12,18,30,8,17,25,0.6666666666666666,0.9444444444444444,0.8333333333333334,4.0,1,1
T041,2026-06-01,22,17.0,1,8,21,29,7,16,23,0.875,0.7619047619047619,0.7931034482758621,5.0,1,1
T041,2026-06-08,23,17.0,1,7,13,20,5,10,15,0.7142857142857143,0.7692307692307693,0.75,6.0,1,1
T041,2026-06-15,24,17.0,1,14,10,24,9,7,16,0.6428571428571429,0.7,0.6666666666666666,7.0,1,1
T041,2026-06-22,25,17.0,1,14,20,34,12,16,28,0.8571428571428571,0.8,0.8235294117647058,8.0,1,1
T041,2026-06-29,26,17.0,1,12,12,24,7,7,14,0.5833333333333334,0.5833333333333334,0.5833333333333334,9.0,1,1
T041,2026-07-06,27,17.0,1,13,14,27,10,12,22,0.7692307692307693,0.8571428571428571,0.8148148148148148,10.0,1,1
T041,2026-07-13,28,17.0,1,9,18,27,6,14,20,0.6666666666666666,0.7777777777777778,0.7407407407407407,11.0,1,1
T041,2026-07-20,29,17.0,1,17,15,32,15,10,25,0.8823529411764706,0.6666666666666666,0.78125,12.0,1,1
T041,2026-07-27,30,17.0,1,10,14,24,7,13,20,0.7,0.9285714285714286,0.8333333333333334,13.0,1,1
T042,2026-01-05,1,8.0,0,35,40,75,18,12,30,0.5142857142857142,0.3,0.4,-7.0,0,1
T042,2026-01-12,2,8.0,0,46,42,88,23,16,39,0.5,0.38095238095238093,0.4431818181818182,-6.0,0,1
T042,2026-01-19,3,8.0,0,22,37,59,10,24,34,0.45454545454545453,0.6486486486486487,0.576271186440678,-5.0,0,1
T042,2026-01-26,4,8.0,0,35,40,75,17,31,48,0.4857142857142857,0.775,0.64,-4.0,0,1
T042,2026-02-02,5,8.0,0,42,45,87,20,21,41,0.47619047619047616,0.4666666666666667,0.47126436781609193,-3.0,0,1
T042,2026-02-09,6,8.0,0,28,39,67,15,21,36,0.5357142857142857,0.5384615384615384,0.5373134328358209,-2.0,0,1
T042,2026-02-16,7,8.0,0,33,50,83,14,26,40,0.42424242424242425,0.52,0.4819277108433735,-1.0,0,1
T042,2026-02-23,8,8.0,1,36,54,90,18,29,47,0.5,0.5370370370370371,0.5222222222222223,0.0,1,1
T042,2026-03-02,9,8.0,1,29,45,74,14,23,37,0.4827586206896552,0.5111111111111111,0.5,1.0,1,1
T042,2026-03-09,10,8.0,1,19,31,50,11,18,29,0.5789473684210527,0.5806451612903226,0.58,2.0,1,1
T042,2026-03-16,11,8.0,1,58,45,103,32,29,61,0.5517241379310345,0.6444444444444445,0.5922330097087378,3.0,1,1
T042,2026-03-23,12,8.0,1,37,44,81,20,19,39,0.5405405405405406,0.4318181818181818,0.48148148148148145,4.0,1,1
T042,2026-03-30,13,8.0,1,31,36,67,14,22,36,0.45161290322580644,0.6111111111111112,0.5373134328358209,5.0,1,1
T042,2026-04-06,14,8.0,1,36,41,77,16,20,36,0.4444444444444444,0.4878048780487805,0.4675324675324675,6.0,1,1
T042,2026-04-13,15,8.0,1,28,45,73,20,22,42,0.7142857142857143,0.4888888888888889,0.5753424657534246,7.0,1,1
T042,2026-04-20,16,8.0,1,27,30,57,13,12,25,0.48148148148148145,0.4,0.43859649122807015,8.0,1,1
T042,2026-04-27,17,8.0,1,37,38,75,19,29,48,0.5135135135135135,0.7631578947368421,0.64,9.0,1,1
T042,2026-05-04,18,8.0,1,33,35,68,20,18,38,0.6060606060606061,0.5142857142857142,0.5588235294117647,10.0,1,1
T042,2026-05-11,19,8.0,1,50,48,98,29,32,61,0.58,0.6666666666666666,0.6224489795918368,11.0,1,1
T042,2026-05-18,20,8.0,1,33,41,74,16,24,40,0.48484848484848486,0.5853658536585366,0.5405405405405406,12.0,1,1
T042,2026-05-25,21,8.0,1,38,40,78,21,23,44,0.5526315789473685,0.575,0.5641025641025641,13.0,1,1
T042,2026-06-01,22,8.0,1,32,43,75,17,29,46,0.53125,0.6744186046511628,0.6133333333333333,14.0,1,1
T042,2026-06-08,23,8.0,1,37,28,65,19,16,35,0.5135135135135135,0.5714285714285714,0.5384615384615384,15.0,1,1
T042,2026-06-15,24,8.0,1,42,42,84,27,22,49,0.6428571428571429,0.5238095238095238,0.5833333333333334,16.0,1,1
T042,2026-06-22,25,8.0,1,33,41,74,22,28,50,0.6666666666666666,0.6829268292682927,0.6756756756756757,17.0,1,1
T042,2026-06-29,26,8.0,1,26,34,60,17,20,37,0.6538461538461539,0.5882352941176471,0.6166666666666667,18.0,1,1
T042,2026-07-06,27,8.0,1,42,48,90,22,28,50,0.5238095238095238,0.5833333333333334,0.5555555555555556,19.0,1,1
T042,2026-07-13,28,8.0,1,45,47,92,19,23,42,0.4222222222222222,0.48936170212765956,0.45652173913043476,20.0,1,1
T042,2026-07-20,29,8.0,1,41,33,74,24,16,40,0.5853658536585366,0.48484848484848486,0.5405405405405406,21.0,1,1
T042,2026-07-27,30,8.0,1,26,35,61,13,20,33,0.5,0.5714285714285714,0.5409836065573771,22.0,1,1
T043,2026-01-05,1,,0,15,19,34,13,15,28,0.8666666666666667,0.7894736842105263,0.8235294117647058,,0,1
T043,2026-01-12,2,,0,31,45,76,15,32,47,0.4838709677419355,0.7111111111111111,0.618421052631579,,0,1
T043,2026-01-19,3,,0,19,18,37,11,12,23,0.5789473684210527,0.6666666666666666,0.6216216216216216,,0,1
T043,2026-01-26,4,,0,18,18,36,15,11,26,0.8333333333333334,0.6111111111111112,0.7222222222222222,,0,1
T043,2026-02-02,5,,0,14,28,42,9,14,23,0.6428571428571429,0.5,0.5476190476190477,,0,1
T043,2026-02-09,6,,0,15,24,39,9,14,23,0.6,0.5833333333333334,0.5897435897435898,,0,1
T043,2026-02-16,7,,0,25,14,39,17,9,26,0.68,0.6428571428571429,0.6666666666666666,,0,1
T043,2026-02-23,8,,0,23,10,33,15,5,20,0.6521739130434783,0.5,0.6060606060606061,,0,1
T043,2026-03-02,9,,0,14,12,26,5,5,10,0.35714285714285715,0.4166666666666667,0.38461538461538464,,0,1
T043,2026-03-09,10,,0,11,21,32,3,12,15,0.2727272727272727,0.5714285714285714,0.46875,,0,1
T043,2026-03-16,11,,0,20,26,46,13,11,24,0.65,0.4230769230769231,0.5217391304347826,,0,1
T043,2026-03-23,12,,0,35,28,63,22,16,38,0.6285714285714286,0.5714285714285714,0.6031746031746031,,0,1
T043,2026-03-30,13,,0,13,18,31,5,12,17,0.38461538461538464,0.6666666666666666,0.5483870967741935,,0,1
T043,2026-04-06,14,,0,16,21,37,13,12,25,0.8125,0.5714285714285714,0.6756756756756757,,0,1
T043,2026-04-13,15,,0,16,30,46,11,18,29,0.6875,0.6,0.6304347826086957,,0,1
T043,2026-04-20,16,,0,21,16,37,13,8,21,0.6190476190476191,0.5,0.5675675675675675,,0,1
T043,2026-04-27,17,,0,21,22,43,15,17,32,0.7142857142857143,0.7727272727272727,0.7441860465116279,,0,1
T043,2026-05-04,18,,0,11,22,33,6,14,20,0.5454545454545454,0.6363636363636364,0.6060606060606061,,0,1
T043,2026-05-11,19,,0,16,15,31,8,13,21,0.5,0.8666666666666667,0.6774193548387096,,0,1
T043,2026-05-18,20,,0,22,26,48,12,15,27,0.5454545454545454,0.5769230769230769,0.5625,,0,1
T043,2026-05-25,21,,0,15,29,44,8,22,30,0.5333333333333333,0.7586206896551724,0.6818181818181818,,0,1
T043,2026-06-01,22,,0,25,23,48,15,17,32,0.6,0.7391304347826086,0.6666666666666666,,0,1
T043,2026-06-08,23,,0,11,28,39,9,17,26,0.8181818181818182,0.6071428571428571,0.6666666666666666,,0,1
T043,2026-06-15,24,,0,16,29,45,12,16,28,0.75,0.5517241379310345,0.6222222222222222,,0,1
T043,2026-06-22,25,,0,20,14,34,6,5,11,0.3,0.35714285714285715,0.3235294117647059,,0,1
T043,2026-06-29,26,,0,19,21,40,14,12,26,0.7368421052631579,0.5714285714285714,0.65,,0,1
T043,2026-07-06,27,,0,15,12,27,9,8,17,0.6,0.6666666666666666,0.6296296296296297,,0,1
T043,2026-07-13,28,,0,22,25,47,11,17,28,0.5,0.68,0.5957446808510638,,0,1
T043,2026-07-20,29,,0,18,22,40,8,8,16,0.4444444444444444,0.36363636363636365,0.4,,0,1
T043,2026-07-27,30,,0,16,19,35,10,12,22,0.625,0.631578947368421,0.6285714285714286,,0,1
T044,2026-01-05,1,,0,10,7,17,5,4,9,0.5,0.5714285714285714,0.5294117647058824,,0,1
T044,2026-01-12,2,,0,12,14,26,4,7,11,0.3333333333333333,0.5,0.4230769230769231,,0,1
T044,2026-01-19,3,,0,18,15,33,4,4,8,0.2222222222222222,0.26666666666666666,0.24242424242424243,,0,1
T044,2026-01-26,4,,0,13,12,25,5,5,10,0.38461538461538464,0.4166666666666667,0.4,,0,1
T044,2026-02-02,5,,0,16,11,27,4,3,7,0.25,0.2727272727272727,0.25925925925925924,,0,1
T044,2026-02-09,6,,0,11,6,17,7,2,9,0.6363636363636364,0.3333333333333333,0.5294117647058824,,0,1
T044,2026-02-16,7,,0,12,14,26,4,9,13,0.3333333333333333,0.6428571428571429,0.5,,0,1
T044,2026-02-23,8,,0,11,16,27,6,6,12,0.5454545454545454,0.375,0.4444444444444444,,0,1
T044,2026-03-02,9,,0,13,10,23,9,4,13,0.6923076923076923,0.4,0.5652173913043478,,0,1
T044,2026-03-09,10,,0,7,11,18,3,4,7,0.42857142857142855,0.36363636363636365,0.3888888888888889,,0,1
T044,2026-03-16,11,,0,12,13,25,7,5,12,0.5833333333333334,0.38461538461538464,0.48,,0,1
T044,2026-03-23,12,,0,8,7,15,3,3,6,0.375,0.42857142857142855,0.4,,0,1
T044,2026-03-30,13,,0,8,7,15,2,2,4,0.25,0.2857142857142857,0.26666666666666666,,0,1
T044,2026-04-06,14,,0,19,19,38,8,9,17,0.42105263157894735,0.47368421052631576,0.4473684210526316,,0,1
T044,2026-04-13,15,,0,11,14,25,5,5,10,0.45454545454545453,0.35714285714285715,0.4,,0,1
T044,2026-04-20,16,,0,14,17,31,6,4,10,0.42857142857142855,0.23529411764705882,0.3225806451612903,,0,1
T044,2026-04-27,17,,0,16,19,35,7,9,16,0.4375,0.47368421052631576,0.45714285714285713,,0,1
T044,2026-05-04,18,,0,15,13,28,7,6,13,0.4666666666666667,0.46153846153846156,0.4642857142857143,,0,1
T044,2026-05-11,19,,0,8,15,23,3,4,7,0.375,0.26666666666666666,0.30434782608695654,,0,1
T044,2026-05-18,20,,0,8,17,25,2,5,7,0.25,0.29411764705882354,0.28,,0,1
T044,2026-05-25,21,,0,13,16,29,9,7,16,0.6923076923076923,0.4375,0.5517241379310345,,0,1
T044,2026-06-01,22,,0,8,16,24,5,5,10,0.625,0.3125,0.4166666666666667,,0,1
T044,2026-06-08,23,,0,10,14,24,1,7,8,0.1,0.5,0.3333333333333333,,0,1
T044,2026-06-15,24,,0,16,14,30,4,5,9,0.25,0.35714285714285715,0.3,,0,1
T044,2026-06-22,25,,0,7,15,22,1,5,6,0.14285714285714285,0.3333333333333333,0.2727272727272727,,0,1
T044,2026-06-29,26,,0,5,13,18,1,5,6,0.2,0.38461538461538464,0.3333333333333333,,0,1
T044,2026-07-06,27,,0,12,6,18,3,3,6,0.25,0.5,0.3333333333333333,,0,1
T044,2026-07-13,28,,0,11,16,27,2,8,10,0.18181818181818182,0.5,0.37037037037037035,,0,1
T044,2026-07-20,29,,0,13,18,31,2,4,6,0.15384615384615385,0.2222222222222222,0.1935483870967742,,0,1
T044,2026-07-27,30,,0,14,12,26,7,4,11,0.5,0.3333333333333333,0.4230769230769231,,0,1
T045,2026-01-05,1,18.0,0,20,19,39,9,11,20,0.45,0.5789473684210527,0.5128205128205128,-17.0,0,1
T045,2026-01-12,2,18.0,0,23,22,45,11,4,15,0.4782608695652174,0.18181818181818182,0.3333333333333333,-16.0,0,1
T045,2026-01-19,3,18.0,0,20,37,57,8,15,23,0.4,0.40540540540540543,0.40350877192982454,-15.0,0,1
T045,2026-01-26,4,18.0,0,37,30,67,9,10,19,0.24324324324324326,0.3333333333333333,0.2835820895522388,-14.0,0,1
T045,2026-02-02,5,18.0,0,18,24,42,6,12,18,0.3333333333333333,0.5,0.42857142857142855,-13.0,0,1
T045,2026-02-09,6,18.0,0,19,18,37,5,11,16,0.2631578947368421,0.6111111111111112,0.43243243243243246,-12.0,0,1
T045,2026-02-16,7,18.0,0,15,23,38,3,7,10,0.2,0.30434782608695654,0.2631578947368421,-11.0,0,1
T045,2026-02-23,8,18.0,0,17,23,40,6,9,15,0.35294117647058826,0.391304347826087,0.375,-10.0,0,1
T045,2026-03-02,9,18.0,0,18,28,46,7,9,16,0.3888888888888889,0.32142857142857145,0.34782608695652173,-9.0,0,1
T045,2026-03-09,10,18.0,0,33,33,66,17,11,28,0.5151515151515151,0.3333333333333333,0.42424242424242425,-8.0,0,1
T045,2026-03-16,11,18.0,0,20,28,48,9,11,20,0.45,0.39285714285714285,0.4166666666666667,-7.0,0,1
T045,2026-03-23,12,18.0,0,23,14,37,10,6,16,0.43478260869565216,0.42857142857142855,0.43243243243243246,-6.0,0,1
T045,2026-03-30,13,18.0,0,24,33,57,7,9,16,0.2916666666666667,0.2727272727272727,0.2807017543859649,-5.0,0,1
T045,2026-04-06,14,18.0,0,22,27,49,6,10,16,0.2727272727272727,0.37037037037037035,0.32653061224489793,-4.0,0,1
T045,2026-04-13,15,18.0,0,15,27,42,7,14,21,0.4666666666666667,0.5185185185185185,0.5,-3.0,0,1
T045,2026-04-20,16,18.0,0,24,25,49,7,6,13,0.2916666666666667,0.24,0.2653061224489796,-2.0,0,1
T045,2026-04-27,17,18.0,0,10,14,24,5,4,9,0.5,0.2857142857142857,0.375,-1.0,0,1
T045,2026-05-04,18,18.0,1,31,34,65,14,18,32,0.45161290322580644,0.5294117647058824,0.49230769230769234,0.0,1,1
T045,2026-05-11,19,18.0,1,26,28,54,9,12,21,0.34615384615384615,0.42857142857142855,0.3888888888888889,1.0,1,1
T045,2026-05-18,20,18.0,1,29,31,60,15,13,28,0.5172413793103449,0.41935483870967744,0.4666666666666667,2.0,1,1
T045,2026-05-25,21,18.0,1,20,23,43,7,13,20,0.35,0.5652173913043478,0.46511627906976744,3.0,1,1
T045,2026-06-01,22,18.0,1,28,34,62,15,20,35,0.5357142857142857,0.5882352941176471,0.5645161290322581,4.0,1,1
T045,2026-06-08,23,18.0,1,24,39,63,9,21,30,0.375,0.5384615384615384,0.47619047619047616,5.0,1,1
T045,2026-06-15,24,18.0,1,11,21,32,7,10,17,0.6363636363636364,0.47619047619047616,0.53125,6.0,1,1
T045,2026-06-22,25,18.0,1,24,36,60,14,20,34,0.5833333333333334,0.5555555555555556,0.5666666666666667,7.0,1,1
T045,2026-06-29,26,18.0,1,29,31,60,14,16,30,0.4827586206896552,0.5161290322580645,0.5,8.0,1,1
T045,2026-07-06,27,18.0,1,17,34,51,11,22,33,0.6470588235294118,0.6470588235294118,0.6470588235294118,9.0,1,1
T045,2026-07-13,28,18.0,1,22,20,42,8,8,16,0.36363636363636365,0.4,0.38095238095238093,10.0,1,1
T045,2026-07-20,29,18.0,1,31,41,72,15,15,30,0.4838709677419355,0.36585365853658536,0.4166666666666667,11.0,1,1
T045,2026-07-27,30,18.0,1,20,27,47,12,12,24,0.6,0.4444444444444444,0.5106382978723404,12.0,1,1
T046,2026-01-05,1,17.0,0,11,6,17,6,4,10,0.5454545454545454,0.6666666666666666,0.5882352941176471,-16.0,0,1
T046,2026-01-12,2,17.0,0,16,17,33,11,8,19,0.6875,0.47058823529411764,0.5757575757575758,-15.0,0,1
T046,2026-01-19,3,17.0,0,9,12,21,6,7,13,0.6666666666666666,0.5833333333333334,0.6190476190476191,-14.0,0,1
T046,2026-01-26,4,17.0,0,15,14,29,5,11,16,0.3333333333333333,0.7857142857142857,0.5517241379310345,-13.0,0,1
T046,2026-02-02,5,17.0,0,12,13,25,5,9,14,0.4166666666666667,0.6923076923076923,0.56,-12.0,0,1
T046,2026-02-09,6,17.0,0,13,14,27,9,8,17,0.6923076923076923,0.5714285714285714,0.6296296296296297,-11.0,0,1
T046,2026-02-16,7,17.0,0,10,21,31,8,16,24,0.8,0.7619047619047619,0.7741935483870968,-10.0,0,1
T046,2026-02-23,8,17.0,0,13,10,23,7,4,11,0.5384615384615384,0.4,0.4782608695652174,-9.0,0,1
T046,2026-03-02,9,17.0,0,8,9,17,4,2,6,0.5,0.2222222222222222,0.35294117647058826,-8.0,0,1
T046,2026-03-09,10,17.0,0,7,15,22,5,9,14,0.7142857142857143,0.6,0.6363636363636364,-7.0,0,1
T046,2026-03-16,11,17.0,0,10,8,18,8,7,15,0.8,0.875,0.8333333333333334,-6.0,0,1
T046,2026-03-23,12,17.0,0,9,20,29,5,11,16,0.5555555555555556,0.55,0.5517241379310345,-5.0,0,1
T046,2026-03-30,13,17.0,0,10,17,27,7,9,16,0.7,0.5294117647058824,0.5925925925925926,-4.0,0,1
T046,2026-04-06,14,17.0,0,7,13,20,4,7,11,0.5714285714285714,0.5384615384615384,0.55,-3.0,0,1
T046,2026-04-13,15,17.0,0,13,14,27,5,10,15,0.38461538461538464,0.7142857142857143,0.5555555555555556,-2.0,0,1
T046,2026-04-20,16,17.0,0,11,16,27,6,14,20,0.5454545454545454,0.875,0.7407407407407407,-1.0,0,1
T046,2026-04-27,17,17.0,1,10,17,27,7,12,19,0.7,0.7058823529411765,0.7037037037037037,0.0,1,1
T046,2026-05-04,18,17.0,1,11,20,31,6,16,22,0.5454545454545454,0.8,0.7096774193548387,1.0,1,1
T046,2026-05-11,19,17.0,1,15,17,32,11,10,21,0.7333333333333333,0.5882352941176471,0.65625,2.0,1,1
T046,2026-05-18,20,17.0,1,19,16,35,14,12,26,0.7368421052631579,0.75,0.7428571428571429,3.0,1,1
T046,2026-05-25,21,17.0,1,5,17,22,5,17,22,1.0,1.0,1.0,4.0,1,1
T046,2026-06-01,22,17.0,1,9,9,18,7,8,15,0.7777777777777778,0.8888888888888888,0.8333333333333334,5.0,1,1
T046,2026-06-08,23,17.0,1,19,10,29,18,9,27,0.9473684210526315,0.9,0.9310344827586207,6.0,1,1
T046,2026-06-15,24,17.0,1,9,19,28,5,9,14,0.5555555555555556,0.47368421052631576,0.5,7.0,1,1
T046,2026-06-22,25,17.0,1,17,21,38,15,18,33,0.8823529411764706,0.8571428571428571,0.868421052631579,8.0,1,1
T046,2026-06-29,26,17.0,1,15,16,31,10,10,20,0.6666666666666666,0.625,0.6451612903225806,9.0,1,1
T046,2026-07-06,27,17.0,1,7,10,17,4,7,11,0.5714285714285714,0.7,0.6470588235294118,10.0,1,1
T046,2026-07-13,28,17.0,1,10,14,24,9,8,17,0.9,0.5714285714285714,0.7083333333333334,11.0,1,1
T046,2026-07-20,29,17.0,1,10,18,28,6,12,18,0.6,0.6666666666666666,0.6428571428571429,12.0,1,1
T046,2026-07-27,30,17.0,1,19,20,39,13,17,30,0.6842105263157895,0.85,0.7692307692307693,13.0,1,1
T047,2026-01-05,1,10.0,0,18,23,41,15,20,35,0.8333333333333334,0.8695652173913043,0.8536585365853658,-9.0,0,1
T047,2026-01-12,2,10.0,0,17,37,54,14,29,43,0.8235294117647058,0.7837837837837838,0.7962962962962963,-8.0,0,1
T047,2026-01-19,3,10.0,0,40,25,65,31,16,47,0.775,0.64,0.7230769230769231,-7.0,0,1
T047,2026-01-26,4,10.0,0,21,26,47,13,17,30,0.6190476190476191,0.6538461538461539,0.6382978723404256,-6.0,0,1
T047,2026-02-02,5,10.0,0,23,24,47,20,16,36,0.8695652173913043,0.6666666666666666,0.7659574468085106,-5.0,0,1
T047,2026-02-09,6,10.0,0,21,24,45,14,18,32,0.6666666666666666,0.75,0.7111111111111111,-4.0,0,1
T047,2026-02-16,7,10.0,0,28,28,56,16,16,32,0.5714285714285714,0.5714285714285714,0.5714285714285714,-3.0,0,1
T047,2026-02-23,8,10.0,0,12,16,28,8,9,17,0.6666666666666666,0.5625,0.6071428571428571,-2.0,0,1
T047,2026-03-02,9,10.0,0,23,30,53,17,22,39,0.7391304347826086,0.7333333333333333,0.7358490566037735,-1.0,0,1
T047,2026-03-09,10,10.0,1,20,28,48,16,16,32,0.8,0.5714285714285714,0.6666666666666666,0.0,1,1
T047,2026-03-16,11,10.0,1,21,25,46,14,15,29,0.6666666666666666,0.6,0.6304347826086957,1.0,1,1
T047,2026-03-23,12,10.0,1,19,26,45,14,17,31,0.7368421052631579,0.6538461538461539,0.6888888888888889,2.0,1,1
T047,2026-03-30,13,10.0,1,27,30,57,14,21,35,0.5185185185185185,0.7,0.6140350877192983,3.0,1,1
T047,2026-04-06,14,10.0,1,22,24,46,16,20,36,0.7272727272727273,0.8333333333333334,0.782608695652174,4.0,1,1
T047,2026-04-13,15,10.0,1,21,27,48,17,18,35,0.8095238095238095,0.6666666666666666,0.7291666666666666,5.0,1,1
T047,2026-04-20,16,10.0,1,27,33,60,22,24,46,0.8148148148148148,0.7272727272727273,0.7666666666666667,6.0,1,1
T047,2026-04-27,17,10.0,1,25,24,49,13,18,31,0.52,0.75,0.6326530612244898,7.0,1,1
T047,2026-05-04,18,10.0,1,21,24,45,14,17,31,0.6666666666666666,0.7083333333333334,0.6888888888888889,8.0,1,1
T047,2026-05-11,19,10.0,1,15,33,48,14,24,38,0.9333333333333333,0.7272727272727273,0.7916666666666666,9.0,1,1
T047,2026-05-18,20,10.0,1,32,26,58,27,19,46,0.84375,0.7307692307692307,0.7931034482758621,10.0,1,1
T047,2026-05-25,21,10.0,1,23,28,51,19,25,44,0.8260869565217391,0.8928571428571429,0.8627450980392157,11.0,1,1
T047,2026-06-01,22,10.0,1,32,27,59,21,19,40,0.65625,0.7037037037037037,0.6779661016949152,12.0,1,1
T047,2026-06-08,23,10.0,1,33,33,66,24,25,49,0.7272727272727273,0.7575757575757576,0.7424242424242424,13.0,1,1
T047,2026-06-15,24,10.0,1,25,28,53,17,22,39,0.68,0.7857142857142857,0.7358490566037735,14.0,1,1
T047,2026-06-22,25,10.0,1,34,37,71,25,27,52,0.7352941176470589,0.7297297297297297,0.7323943661971831,15.0,1,1
T047,2026-06-29,26,10.0,1,38,38,76,27,26,53,0.7105263157894737,0.6842105263157895,0.6973684210526315,16.0,1,1
T047,2026-07-06,27,10.0,1,18,26,44,13,20,33,0.7222222222222222,0.7692307692307693,0.75,17.0,1,1
T047,2026-07-13,28,10.0,1,17,15,32,12,13,25,0.7058823529411765,0.8666666666666667,0.78125,18.0,1,1
T047,2026-07-20,29,10.0,1,22,30,52,15,23,38,0.6818181818181818,0.7666666666666667,0.7307692307692307,19.0,1,1
T047,2026-07-27,30,10.0,1,32,32,64,17,22,39,0.53125,0.6875,0.609375,20.0,1,1
T048,2026-01-05,1,15.0,0,15,20,35,11,13,24,0.7333333333333333,0.65,0.6857142857142857,-14.0,0,1
T048,2026-01-12,2,15.0,0,21,19,40,14,12,26,0.6666666666666666,0.631578947368421,0.65,-13.0,0,1
T048,2026-01-19,3,15.0,0,30,34,64,20,19,39,0.6666666666666666,0.5588235294117647,0.609375,-12.0,0,1
T048,2026-01-26,4,15.0,0,25,24,49,13,17,30,0.52,0.7083333333333334,0.6122448979591837,-11.0,0,1
T048,2026-02-02,5,15.0,0,31,32,63,23,27,50,0.7419354838709677,0.84375,0.7936507936507936,-10.0,0,1
T048,2026-02-09,6,15.0,0,22,38,60,12,24,36,0.5454545454545454,0.631578947368421,0.6,-9.0,0,1
T048,2026-02-16,7,15.0,0,21,30,51,13,16,29,0.6190476190476191,0.5333333333333333,0.5686274509803921,-8.0,0,1
T048,2026-02-23,8,15.0,0,19,33,52,17,17,34,0.8947368421052632,0.5151515151515151,0.6538461538461539,-7.0,0,1
T048,2026-03-02,9,15.0,0,31,32,63,19,24,43,0.6129032258064516,0.75,0.6825396825396826,-6.0,0,1
T048,2026-03-09,10,15.0,0,17,33,50,11,19,30,0.6470588235294118,0.5757575757575758,0.6,-5.0,0,1
T048,2026-03-16,11,15.0,0,20,35,55,12,24,36,0.6,0.6857142857142857,0.6545454545454545,-4.0,0,1
T048,2026-03-23,12,15.0,0,21,29,50,13,12,25,0.6190476190476191,0.41379310344827586,0.5,-3.0,0,1
T048,2026-03-30,13,15.0,0,24,30,54,12,24,36,0.5,0.8,0.6666666666666666,-2.0,0,1
T048,2026-04-06,14,15.0,0,22,23,45,14,12,26,0.6363636363636364,0.5217391304347826,0.5777777777777777,-1.0,0,1
T048,2026-04-13,15,15.0,1,17,25,42,8,14,22,0.47058823529411764,0.56,0.5238095238095238,0.0,1,1
T048,2026-04-20,16,15.0,1,43,32,75,31,25,56,0.7209302325581395,0.78125,0.7466666666666667,1.0,1,1
T048,2026-04-27,17,15.0,1,32,34,66,26,24,50,0.8125,0.7058823529411765,0.7575757575757576,2.0,1,1
T048,2026-05-04,18,15.0,1,31,37,68,17,19,36,0.5483870967741935,0.5135135135135135,0.5294117647058824,3.0,1,1
T048,2026-05-11,19,15.0,1,23,27,50,16,19,35,0.6956521739130435,0.7037037037037037,0.7,4.0,1,1
T048,2026-05-18,20,15.0,1,19,25,44,14,19,33,0.7368421052631579,0.76,0.75,5.0,1,1
T048,2026-05-25,21,15.0,1,26,35,61,17,22,39,0.6538461538461539,0.6285714285714286,0.639344262295082,6.0,1,1
T048,2026-06-01,22,15.0,1,24,38,62,17,24,41,0.7083333333333334,0.631578947368421,0.6612903225806451,7.0,1,1
T048,2026-06-08,23,15.0,1,23,25,48,19,16,35,0.8260869565217391,0.64,0.7291666666666666,8.0,1,1
T048,2026-06-15,24,15.0,1,21,26,47,17,21,38,0.8095238095238095,0.8076923076923077,0.8085106382978723,9.0,1,1
T048,2026-06-22,25,15.0,1,24,27,51,19,20,39,0.7916666666666666,0.7407407407407407,0.7647058823529411,10.0,1,1
T048,2026-06-29,26,15.0,1,23,21,44,21,14,35,0.9130434782608695,0.6666666666666666,0.7954545454545454,11.0,1,1
T048,2026-07-06,27,15.0,1,21,33,54,11,21,32,0.5238095238095238,0.6363636363636364,0.5925925925925926,12.0,1,1
T048,2026-07-13,28,15.0,1,17,19,36,10,13,23,0.5882352941176471,0.6842105263157895,0.6388888888888888,13.0,1,1
T048,2026-07-20,29,15.0,1,26,36,62,20,24,44,0.7692307692307693,0.6666666666666666,0.7096774193548387,14.0,1,1
T048,2026-07-27,30,15.0,1,31,34,65,16,26,42,0.5161290322580645,0.7647058823529411,0.6461538461538462,15.0,1,1
