team_id,calendar_week,week_index,adoption_week,treated,team_size,baseline_complexity,baseline_junior_mix,manager_quality,role,merged_prs,completed_tickets,role_output
T001,2026-01-05,1,9.0,0,4,0.5464418015737909,0.44294363229406614,0.6732743756991183,junior,6,14,20
T001,2026-01-05,1,9.0,0,4,0.5464418015737909,0.44294363229406614,0.6732743756991183,senior,4,8,12
T001,2026-01-12,2,9.0,0,4,0.5464418015737909,0.44294363229406614,0.6732743756991183,junior,4,6,10
T001,2026-01-12,2,9.0,0,4,0.5464418015737909,0.44294363229406614,0.6732743756991183,senior,4,5,9
T001,2026-01-19,3,9.0,0,4,0.5464418015737909,0.44294363229406614,0.6732743756991183,junior,6,10,16
T001,2026-01-19,3,9.0,0,4,0.5464418015737909,0.44294363229406614,0.6732743756991183,senior,9,4,13
T001,2026-01-26,4,9.0,0,4,0.5464418015737909,0.44294363229406614,0.6732743756991183,junior,8,9,17
T001,2026-01-26,4,9.0,0,4,0.5464418015737909,0.44294363229406614,0.6732743756991183,senior,6,5,11
T001,2026-02-02,5,9.0,0,4,0.5464418015737909,0.44294363229406614,0.6732743756991183,junior,4,10,14
T001,2026-02-02,5,9.0,0,4,0.5464418015737909,0.44294363229406614,0.6732743756991183,senior,5,7,12
T001,2026-02-09,6,9.0,0,4,0.5464418015737909,0.44294363229406614,0.6732743756991183,junior,6,6,12
T001,2026-02-09,6,9.0,0,4,0.5464418015737909,0.44294363229406614,0.6732743756991183,senior,3,9,12
T001,2026-02-16,7,9.0,0,4,0.5464418015737909,0.44294363229406614,0.6732743756991183,junior,3,5,8
T001,2026-02-16,7,9.0,0,4,0.5464418015737909,0.44294363229406614,0.6732743756991183,senior,5,4,9
T001,2026-02-23,8,9.0,0,4,0.5464418015737909,0.44294363229406614,0.6732743756991183,junior,6,10,16
T001,2026-02-23,8,9.0,0,4,0.5464418015737909,0.44294363229406614,0.6732743756991183,senior,7,4,11
T001,2026-03-02,9,9.0,1,4,0.5464418015737909,0.44294363229406614,0.6732743756991183,junior,6,11,17
T001,2026-03-02,9,9.0,1,4,0.5464418015737909,0.44294363229406614,0.6732743756991183,senior,5,10,15
T001,2026-03-09,10,9.0,1,4,0.5464418015737909,0.44294363229406614,0.6732743756991183,junior,3,6,9
T001,2026-03-09,10,9.0,1,4,0.5464418015737909,0.44294363229406614,0.6732743756991183,senior,3,8,11
T001,2026-03-16,11,9.0,1,4,0.5464418015737909,0.44294363229406614,0.6732743756991183,junior,2,11,13
T001,2026-03-16,11,9.0,1,4,0.5464418015737909,0.44294363229406614,0.6732743756991183,senior,3,6,9
T001,2026-03-23,12,9.0,1,4,0.5464418015737909,0.44294363229406614,0.6732743756991183,junior,7,6,13
T001,2026-03-23,12,9.0,1,4,0.5464418015737909,0.44294363229406614,0.6732743756991183,senior,4,4,8
T001,2026-03-30,13,9.0,1,4,0.5464418015737909,0.44294363229406614,0.6732743756991183,junior,10,5,15
T001,2026-03-30,13,9.0,1,4,0.5464418015737909,0.44294363229406614,0.6732743756991183,senior,8,19,27
T001,2026-04-06,14,9.0,1,4,0.5464418015737909,0.44294363229406614,0.6732743756991183,junior,2,8,10
T001,2026-04-06,14,9.0,1,4,0.5464418015737909,0.44294363229406614,0.6732743756991183,senior,10,8,18
T001,2026-04-13,15,9.0,1,4,0.5464418015737909,0.44294363229406614,0.6732743756991183,junior,6,7,13
T001,2026-04-13,15,9.0,1,4,0.5464418015737909,0.44294363229406614,0.6732743756991183,senior,6,9,15
T001,2026-04-20,16,9.0,1,4,0.5464418015737909,0.44294363229406614,0.6732743756991183,junior,5,11,16
T001,2026-04-20,16,9.0,1,4,0.5464418015737909,0.44294363229406614,0.6732743756991183,senior,6,5,11
T001,2026-04-27,17,9.0,1,4,0.5464418015737909,0.44294363229406614,0.6732743756991183,junior,11,10,21
T001,2026-04-27,17,9.0,1,4,0.5464418015737909,0.44294363229406614,0.6732743756991183,senior,4,5,9
T001,2026-05-04,18,9.0,1,4,0.5464418015737909,0.44294363229406614,0.6732743756991183,junior,7,9,16
T001,2026-05-04,18,9.0,1,4,0.5464418015737909,0.44294363229406614,0.6732743756991183,senior,5,8,13
T001,2026-05-11,19,9.0,1,4,0.5464418015737909,0.44294363229406614,0.6732743756991183,junior,8,6,14
T001,2026-05-11,19,9.0,1,4,0.5464418015737909,0.44294363229406614,0.6732743756991183,senior,6,8,14
T001,2026-05-18,20,9.0,1,4,0.5464418015737909,0.44294363229406614,0.6732743756991183,junior,6,9,15
T001,2026-05-18,20,9.0,1,4,0.5464418015737909,0.44294363229406614,0.6732743756991183,senior,3,9,12
T001,2026-05-25,21,9.0,1,4,0.5464418015737909,0.44294363229406614,0.6732743756991183,junior,4,11,15
T001,2026-05-25,21,9.0,1,4,0.5464418015737909,0.44294363229406614,0.6732743756991183,senior,3,4,7
T001,2026-06-01,22,9.0,1,4,0.5464418015737909,0.44294363229406614,0.6732743756991183,junior,12,11,23
T001,2026-06-01,22,9.0,1,4,0.5464418015737909,0.44294363229406614,0.6732743756991183,senior,1,5,6
T001,2026-06-08,23,9.0,1,4,0.5464418015737909,0.44294363229406614,0.6732743756991183,junior,4,7,11
T001,2026-06-08,23,9.0,1,4,0.5464418015737909,0.44294363229406614,0.6732743756991183,senior,6,6,12
T001,2026-06-15,24,9.0,1,4,0.5464418015737909,0.44294363229406614,0.6732743756991183,junior,8,11,19
T001,2026-06-15,24,9.0,1,4,0.5464418015737909,0.44294363229406614,0.6732743756991183,senior,10,7,17
T001,2026-06-22,25,9.0,1,4,0.5464418015737909,0.44294363229406614,0.6732743756991183,junior,16,13,29
T001,2026-06-22,25,9.0,1,4,0.5464418015737909,0.44294363229406614,0.6732743756991183,senior,9,8,17
T001,2026-06-29,26,9.0,1,4,0.5464418015737909,0.44294363229406614,0.6732743756991183,junior,7,12,19
T001,2026-06-29,26,9.0,1,4,0.5464418015737909,0.44294363229406614,0.6732743756991183,senior,9,6,15
T001,2026-07-06,27,9.0,1,4,0.5464418015737909,0.44294363229406614,0.6732743756991183,junior,5,8,13
T001,2026-07-06,27,9.0,1,4,0.5464418015737909,0.44294363229406614,0.6732743756991183,senior,2,4,6
T001,2026-07-13,28,9.0,1,4,0.5464418015737909,0.44294363229406614,0.6732743756991183,junior,6,3,9
T001,2026-07-13,28,9.0,1,4,0.5464418015737909,0.44294363229406614,0.6732743756991183,senior,3,9,12
T001,2026-07-20,29,9.0,1,4,0.5464418015737909,0.44294363229406614,0.6732743756991183,junior,8,6,14
T001,2026-07-20,29,9.0,1,4,0.5464418015737909,0.44294363229406614,0.6732743756991183,senior,2,8,10
T001,2026-07-27,30,9.0,1,4,0.5464418015737909,0.44294363229406614,0.6732743756991183,junior,5,4,9
T001,2026-07-27,30,9.0,1,4,0.5464418015737909,0.44294363229406614,0.6732743756991183,senior,4,3,7
T002,2026-01-05,1,22.0,0,8,0.23619970646627375,0.5573811290391228,0.9714159316313337,junior,14,11,25
T002,2026-01-05,1,22.0,0,8,0.23619970646627375,0.5573811290391228,0.9714159316313337,senior,11,11,22
T002,2026-01-12,2,22.0,0,8,0.23619970646627375,0.5573811290391228,0.9714159316313337,junior,8,11,19
T002,2026-01-12,2,22.0,0,8,0.23619970646627375,0.5573811290391228,0.9714159316313337,senior,10,8,18
T002,2026-01-19,3,22.0,0,8,0.23619970646627375,0.5573811290391228,0.9714159316313337,junior,16,29,45
T002,2026-01-19,3,22.0,0,8,0.23619970646627375,0.5573811290391228,0.9714159316313337,senior,1,7,8
T002,2026-01-26,4,22.0,0,8,0.23619970646627375,0.5573811290391228,0.9714159316313337,junior,5,15,20
T002,2026-01-26,4,22.0,0,8,0.23619970646627375,0.5573811290391228,0.9714159316313337,senior,6,10,16
T002,2026-02-02,5,22.0,0,8,0.23619970646627375,0.5573811290391228,0.9714159316313337,junior,14,10,24
T002,2026-02-02,5,22.0,0,8,0.23619970646627375,0.5573811290391228,0.9714159316313337,senior,6,8,14
T002,2026-02-09,6,22.0,0,8,0.23619970646627375,0.5573811290391228,0.9714159316313337,junior,14,14,28
T002,2026-02-09,6,22.0,0,8,0.23619970646627375,0.5573811290391228,0.9714159316313337,senior,10,8,18
T002,2026-02-16,7,22.0,0,8,0.23619970646627375,0.5573811290391228,0.9714159316313337,junior,17,15,32
T002,2026-02-16,7,22.0,0,8,0.23619970646627375,0.5573811290391228,0.9714159316313337,senior,8,11,19
T002,2026-02-23,8,22.0,0,8,0.23619970646627375,0.5573811290391228,0.9714159316313337,junior,16,20,36
T002,2026-02-23,8,22.0,0,8,0.23619970646627375,0.5573811290391228,0.9714159316313337,senior,7,7,14
T002,2026-03-02,9,22.0,0,8,0.23619970646627375,0.5573811290391228,0.9714159316313337,junior,19,23,42
T002,2026-03-02,9,22.0,0,8,0.23619970646627375,0.5573811290391228,0.9714159316313337,senior,4,8,12
T002,2026-03-09,10,22.0,0,8,0.23619970646627375,0.5573811290391228,0.9714159316313337,junior,10,10,20
T002,2026-03-09,10,22.0,0,8,0.23619970646627375,0.5573811290391228,0.9714159316313337,senior,4,11,15
T002,2026-03-16,11,22.0,0,8,0.23619970646627375,0.5573811290391228,0.9714159316313337,junior,7,9,16
T002,2026-03-16,11,22.0,0,8,0.23619970646627375,0.5573811290391228,0.9714159316313337,senior,7,13,20
T002,2026-03-23,12,22.0,0,8,0.23619970646627375,0.5573811290391228,0.9714159316313337,junior,5,20,25
T002,2026-03-23,12,22.0,0,8,0.23619970646627375,0.5573811290391228,0.9714159316313337,senior,5,4,9
T002,2026-03-30,13,22.0,0,8,0.23619970646627375,0.5573811290391228,0.9714159316313337,junior,13,19,32
T002,2026-03-30,13,22.0,0,8,0.23619970646627375,0.5573811290391228,0.9714159316313337,senior,2,5,7
T002,2026-04-06,14,22.0,0,8,0.23619970646627375,0.5573811290391228,0.9714159316313337,junior,10,18,28
T002,2026-04-06,14,22.0,0,8,0.23619970646627375,0.5573811290391228,0.9714159316313337,senior,6,9,15
T002,2026-04-13,15,22.0,0,8,0.23619970646627375,0.5573811290391228,0.9714159316313337,junior,12,11,23
T002,2026-04-13,15,22.0,0,8,0.23619970646627375,0.5573811290391228,0.9714159316313337,senior,7,5,12
T002,2026-04-20,16,22.0,0,8,0.23619970646627375,0.5573811290391228,0.9714159316313337,junior,10,21,31
T002,2026-04-20,16,22.0,0,8,0.23619970646627375,0.5573811290391228,0.9714159316313337,senior,11,9,20
T002,2026-04-27,17,22.0,0,8,0.23619970646627375,0.5573811290391228,0.9714159316313337,junior,12,20,32
T002,2026-04-27,17,22.0,0,8,0.23619970646627375,0.5573811290391228,0.9714159316313337,senior,9,6,15
T002,2026-05-04,18,22.0,0,8,0.23619970646627375,0.5573811290391228,0.9714159316313337,junior,22,17,39
T002,2026-05-04,18,22.0,0,8,0.23619970646627375,0.5573811290391228,0.9714159316313337,senior,5,8,13
T002,2026-05-11,19,22.0,0,8,0.23619970646627375,0.5573811290391228,0.9714159316313337,junior,16,15,31
T002,2026-05-11,19,22.0,0,8,0.23619970646627375,0.5573811290391228,0.9714159316313337,senior,9,5,14
T002,2026-05-18,20,22.0,0,8,0.23619970646627375,0.5573811290391228,0.9714159316313337,junior,17,18,35
T002,2026-05-18,20,22.0,0,8,0.23619970646627375,0.5573811290391228,0.9714159316313337,senior,2,10,12
T002,2026-05-25,21,22.0,0,8,0.23619970646627375,0.5573811290391228,0.9714159316313337,junior,15,16,31
T002,2026-05-25,21,22.0,0,8,0.23619970646627375,0.5573811290391228,0.9714159316313337,senior,2,6,8
T002,2026-06-01,22,22.0,1,8,0.23619970646627375,0.5573811290391228,0.9714159316313337,junior,19,19,38
T002,2026-06-01,22,22.0,1,8,0.23619970646627375,0.5573811290391228,0.9714159316313337,senior,6,5,11
T002,2026-06-08,23,22.0,1,8,0.23619970646627375,0.5573811290391228,0.9714159316313337,junior,15,13,28
T002,2026-06-08,23,22.0,1,8,0.23619970646627375,0.5573811290391228,0.9714159316313337,senior,4,9,13
T002,2026-06-15,24,22.0,1,8,0.23619970646627375,0.5573811290391228,0.9714159316313337,junior,25,21,46
T002,2026-06-15,24,22.0,1,8,0.23619970646627375,0.5573811290391228,0.9714159316313337,senior,11,6,17
T002,2026-06-22,25,22.0,1,8,0.23619970646627375,0.5573811290391228,0.9714159316313337,junior,12,13,25
T002,2026-06-22,25,22.0,1,8,0.23619970646627375,0.5573811290391228,0.9714159316313337,senior,7,7,14
T002,2026-06-29,26,22.0,1,8,0.23619970646627375,0.5573811290391228,0.9714159316313337,junior,17,31,48
T002,2026-06-29,26,22.0,1,8,0.23619970646627375,0.5573811290391228,0.9714159316313337,senior,5,5,10
T002,2026-07-06,27,22.0,1,8,0.23619970646627375,0.5573811290391228,0.9714159316313337,junior,7,19,26
T002,2026-07-06,27,22.0,1,8,0.23619970646627375,0.5573811290391228,0.9714159316313337,senior,5,8,13
T002,2026-07-13,28,22.0,1,8,0.23619970646627375,0.5573811290391228,0.9714159316313337,junior,11,16,27
T002,2026-07-13,28,22.0,1,8,0.23619970646627375,0.5573811290391228,0.9714159316313337,senior,7,7,14
T002,2026-07-20,29,22.0,1,8,0.23619970646627375,0.5573811290391228,0.9714159316313337,junior,13,17,30
T002,2026-07-20,29,22.0,1,8,0.23619970646627375,0.5573811290391228,0.9714159316313337,senior,10,4,14
T002,2026-07-27,30,22.0,1,8,0.23619970646627375,0.5573811290391228,0.9714159316313337,junior,16,20,36
T002,2026-07-27,30,22.0,1,8,0.23619970646627375,0.5573811290391228,0.9714159316313337,senior,9,7,16
T003,2026-01-05,1,16.0,0,7,0.46181077076446814,0.5989504823921004,0.4405560372761869,junior,10,14,24
T003,2026-01-05,1,16.0,0,7,0.46181077076446814,0.5989504823921004,0.4405560372761869,senior,5,7,12
T003,2026-01-12,2,16.0,0,7,0.46181077076446814,0.5989504823921004,0.4405560372761869,junior,6,11,17
T003,2026-01-12,2,16.0,0,7,0.46181077076446814,0.5989504823921004,0.4405560372761869,senior,3,8,11
T003,2026-01-19,3,16.0,0,7,0.46181077076446814,0.5989504823921004,0.4405560372761869,junior,11,10,21
T003,2026-01-19,3,16.0,0,7,0.46181077076446814,0.5989504823921004,0.4405560372761869,senior,3,7,10
T003,2026-01-26,4,16.0,0,7,0.46181077076446814,0.5989504823921004,0.4405560372761869,junior,4,13,17
T003,2026-01-26,4,16.0,0,7,0.46181077076446814,0.5989504823921004,0.4405560372761869,senior,13,6,19
T003,2026-02-02,5,16.0,0,7,0.46181077076446814,0.5989504823921004,0.4405560372761869,junior,9,17,26
T003,2026-02-02,5,16.0,0,7,0.46181077076446814,0.5989504823921004,0.4405560372761869,senior,7,4,11
T003,2026-02-09,6,16.0,0,7,0.46181077076446814,0.5989504823921004,0.4405560372761869,junior,15,16,31
T003,2026-02-09,6,16.0,0,7,0.46181077076446814,0.5989504823921004,0.4405560372761869,senior,8,3,11
T003,2026-02-16,7,16.0,0,7,0.46181077076446814,0.5989504823921004,0.4405560372761869,junior,8,5,13
T003,2026-02-16,7,16.0,0,7,0.46181077076446814,0.5989504823921004,0.4405560372761869,senior,5,7,12
T003,2026-02-23,8,16.0,0,7,0.46181077076446814,0.5989504823921004,0.4405560372761869,junior,7,9,16
T003,2026-02-23,8,16.0,0,7,0.46181077076446814,0.5989504823921004,0.4405560372761869,senior,5,2,7
T003,2026-03-02,9,16.0,0,7,0.46181077076446814,0.5989504823921004,0.4405560372761869,junior,8,9,17
T003,2026-03-02,9,16.0,0,7,0.46181077076446814,0.5989504823921004,0.4405560372761869,senior,5,7,12
T003,2026-03-09,10,16.0,0,7,0.46181077076446814,0.5989504823921004,0.4405560372761869,junior,4,9,13
T003,2026-03-09,10,16.0,0,7,0.46181077076446814,0.5989504823921004,0.4405560372761869,senior,8,9,17
T003,2026-03-16,11,16.0,0,7,0.46181077076446814,0.5989504823921004,0.4405560372761869,junior,5,5,10
T003,2026-03-16,11,16.0,0,7,0.46181077076446814,0.5989504823921004,0.4405560372761869,senior,4,6,10
T003,2026-03-23,12,16.0,0,7,0.46181077076446814,0.5989504823921004,0.4405560372761869,junior,12,9,21
T003,2026-03-23,12,16.0,0,7,0.46181077076446814,0.5989504823921004,0.4405560372761869,senior,6,8,14
T003,2026-03-30,13,16.0,0,7,0.46181077076446814,0.5989504823921004,0.4405560372761869,junior,9,8,17
T003,2026-03-30,13,16.0,0,7,0.46181077076446814,0.5989504823921004,0.4405560372761869,senior,4,4,8
T003,2026-04-06,14,16.0,0,7,0.46181077076446814,0.5989504823921004,0.4405560372761869,junior,4,5,9
T003,2026-04-06,14,16.0,0,7,0.46181077076446814,0.5989504823921004,0.4405560372761869,senior,8,8,16
T003,2026-04-13,15,16.0,0,7,0.46181077076446814,0.5989504823921004,0.4405560372761869,junior,9,13,22
T003,2026-04-13,15,16.0,0,7,0.46181077076446814,0.5989504823921004,0.4405560372761869,senior,4,5,9
T003,2026-04-20,16,16.0,1,7,0.46181077076446814,0.5989504823921004,0.4405560372761869,junior,11,8,19
T003,2026-04-20,16,16.0,1,7,0.46181077076446814,0.5989504823921004,0.4405560372761869,senior,9,4,13
T003,2026-04-27,17,16.0,1,7,0.46181077076446814,0.5989504823921004,0.4405560372761869,junior,16,11,27
T003,2026-04-27,17,16.0,1,7,0.46181077076446814,0.5989504823921004,0.4405560372761869,senior,10,11,21
T003,2026-05-04,18,16.0,1,7,0.46181077076446814,0.5989504823921004,0.4405560372761869,junior,11,20,31
T003,2026-05-04,18,16.0,1,7,0.46181077076446814,0.5989504823921004,0.4405560372761869,senior,3,4,7
T003,2026-05-11,19,16.0,1,7,0.46181077076446814,0.5989504823921004,0.4405560372761869,junior,7,15,22
T003,2026-05-11,19,16.0,1,7,0.46181077076446814,0.5989504823921004,0.4405560372761869,senior,6,4,10
T003,2026-05-18,20,16.0,1,7,0.46181077076446814,0.5989504823921004,0.4405560372761869,junior,13,14,27
T003,2026-05-18,20,16.0,1,7,0.46181077076446814,0.5989504823921004,0.4405560372761869,senior,9,5,14
T003,2026-05-25,21,16.0,1,7,0.46181077076446814,0.5989504823921004,0.4405560372761869,junior,12,14,26
T003,2026-05-25,21,16.0,1,7,0.46181077076446814,0.5989504823921004,0.4405560372761869,senior,0,2,2
T003,2026-06-01,22,16.0,1,7,0.46181077076446814,0.5989504823921004,0.4405560372761869,junior,7,15,22
T003,2026-06-01,22,16.0,1,7,0.46181077076446814,0.5989504823921004,0.4405560372761869,senior,3,3,6
T003,2026-06-08,23,16.0,1,7,0.46181077076446814,0.5989504823921004,0.4405560372761869,junior,14,17,31
T003,2026-06-08,23,16.0,1,7,0.46181077076446814,0.5989504823921004,0.4405560372761869,senior,5,6,11
T003,2026-06-15,24,16.0,1,7,0.46181077076446814,0.5989504823921004,0.4405560372761869,junior,8,10,18
T003,2026-06-15,24,16.0,1,7,0.46181077076446814,0.5989504823921004,0.4405560372761869,senior,4,6,10
T003,2026-06-22,25,16.0,1,7,0.46181077076446814,0.5989504823921004,0.4405560372761869,junior,12,18,30
T003,2026-06-22,25,16.0,1,7,0.46181077076446814,0.5989504823921004,0.4405560372761869,senior,4,9,13
T003,2026-06-29,26,16.0,1,7,0.46181077076446814,0.5989504823921004,0.4405560372761869,junior,9,17,26
T003,2026-06-29,26,16.0,1,7,0.46181077076446814,0.5989504823921004,0.4405560372761869,senior,1,4,5
T003,2026-07-06,27,16.0,1,7,0.46181077076446814,0.5989504823921004,0.4405560372761869,junior,4,15,19
T003,2026-07-06,27,16.0,1,7,0.46181077076446814,0.5989504823921004,0.4405560372761869,senior,2,9,11
T003,2026-07-13,28,16.0,1,7,0.46181077076446814,0.5989504823921004,0.4405560372761869,junior,10,18,28
T003,2026-07-13,28,16.0,1,7,0.46181077076446814,0.5989504823921004,0.4405560372761869,senior,8,6,14
T003,2026-07-20,29,16.0,1,7,0.46181077076446814,0.5989504823921004,0.4405560372761869,junior,8,13,21
T003,2026-07-20,29,16.0,1,7,0.46181077076446814,0.5989504823921004,0.4405560372761869,senior,4,10,14
T003,2026-07-27,30,16.0,1,7,0.46181077076446814,0.5989504823921004,0.4405560372761869,junior,8,13,21
T003,2026-07-27,30,16.0,1,7,0.46181077076446814,0.5989504823921004,0.4405560372761869,senior,9,5,14
T004,2026-01-05,1,14.0,0,9,0.40108149717201513,0.656258744058878,-0.7195429807944063,junior,8,6,14
T004,2026-01-05,1,14.0,0,9,0.40108149717201513,0.656258744058878,-0.7195429807944063,senior,5,7,12
T004,2026-01-12,2,14.0,0,9,0.40108149717201513,0.656258744058878,-0.7195429807944063,junior,7,6,13
T004,2026-01-12,2,14.0,0,9,0.40108149717201513,0.656258744058878,-0.7195429807944063,senior,4,7,11
T004,2026-01-19,3,14.0,0,9,0.40108149717201513,0.656258744058878,-0.7195429807944063,junior,11,7,18
T004,2026-01-19,3,14.0,0,9,0.40108149717201513,0.656258744058878,-0.7195429807944063,senior,4,5,9
T004,2026-01-26,4,14.0,0,9,0.40108149717201513,0.656258744058878,-0.7195429807944063,junior,12,11,23
T004,2026-01-26,4,14.0,0,9,0.40108149717201513,0.656258744058878,-0.7195429807944063,senior,2,6,8
T004,2026-02-02,5,14.0,0,9,0.40108149717201513,0.656258744058878,-0.7195429807944063,junior,5,7,12
T004,2026-02-02,5,14.0,0,9,0.40108149717201513,0.656258744058878,-0.7195429807944063,senior,5,9,14
T004,2026-02-09,6,14.0,0,9,0.40108149717201513,0.656258744058878,-0.7195429807944063,junior,7,5,12
T004,2026-02-09,6,14.0,0,9,0.40108149717201513,0.656258744058878,-0.7195429807944063,senior,3,5,8
T004,2026-02-16,7,14.0,0,9,0.40108149717201513,0.656258744058878,-0.7195429807944063,junior,8,8,16
T004,2026-02-16,7,14.0,0,9,0.40108149717201513,0.656258744058878,-0.7195429807944063,senior,10,8,18
T004,2026-02-23,8,14.0,0,9,0.40108149717201513,0.656258744058878,-0.7195429807944063,junior,8,10,18
T004,2026-02-23,8,14.0,0,9,0.40108149717201513,0.656258744058878,-0.7195429807944063,senior,6,9,15
T004,2026-03-02,9,14.0,0,9,0.40108149717201513,0.656258744058878,-0.7195429807944063,junior,4,4,8
T004,2026-03-02,9,14.0,0,9,0.40108149717201513,0.656258744058878,-0.7195429807944063,senior,7,9,16
T004,2026-03-09,10,14.0,0,9,0.40108149717201513,0.656258744058878,-0.7195429807944063,junior,11,9,20
T004,2026-03-09,10,14.0,0,9,0.40108149717201513,0.656258744058878,-0.7195429807944063,senior,5,10,15
T004,2026-03-16,11,14.0,0,9,0.40108149717201513,0.656258744058878,-0.7195429807944063,junior,3,5,8
T004,2026-03-16,11,14.0,0,9,0.40108149717201513,0.656258744058878,-0.7195429807944063,senior,8,9,17
T004,2026-03-23,12,14.0,0,9,0.40108149717201513,0.656258744058878,-0.7195429807944063,junior,8,8,16
T004,2026-03-23,12,14.0,0,9,0.40108149717201513,0.656258744058878,-0.7195429807944063,senior,3,5,8
T004,2026-03-30,13,14.0,0,9,0.40108149717201513,0.656258744058878,-0.7195429807944063,junior,4,13,17
T004,2026-03-30,13,14.0,0,9,0.40108149717201513,0.656258744058878,-0.7195429807944063,senior,5,6,11
T004,2026-04-06,14,14.0,1,9,0.40108149717201513,0.656258744058878,-0.7195429807944063,junior,13,3,16
T004,2026-04-06,14,14.0,1,9,0.40108149717201513,0.656258744058878,-0.7195429807944063,senior,5,7,12
T004,2026-04-13,15,14.0,1,9,0.40108149717201513,0.656258744058878,-0.7195429807944063,junior,10,12,22
T004,2026-04-13,15,14.0,1,9,0.40108149717201513,0.656258744058878,-0.7195429807944063,senior,2,4,6
T004,2026-04-20,16,14.0,1,9,0.40108149717201513,0.656258744058878,-0.7195429807944063,junior,8,8,16
T004,2026-04-20,16,14.0,1,9,0.40108149717201513,0.656258744058878,-0.7195429807944063,senior,6,2,8
T004,2026-04-27,17,14.0,1,9,0.40108149717201513,0.656258744058878,-0.7195429807944063,junior,17,9,26
T004,2026-04-27,17,14.0,1,9,0.40108149717201513,0.656258744058878,-0.7195429807944063,senior,3,6,9
T004,2026-05-04,18,14.0,1,9,0.40108149717201513,0.656258744058878,-0.7195429807944063,junior,6,11,17
T004,2026-05-04,18,14.0,1,9,0.40108149717201513,0.656258744058878,-0.7195429807944063,senior,5,4,9
T004,2026-05-11,19,14.0,1,9,0.40108149717201513,0.656258744058878,-0.7195429807944063,junior,8,8,16
T004,2026-05-11,19,14.0,1,9,0.40108149717201513,0.656258744058878,-0.7195429807944063,senior,5,5,10
T004,2026-05-18,20,14.0,1,9,0.40108149717201513,0.656258744058878,-0.7195429807944063,junior,6,13,19
T004,2026-05-18,20,14.0,1,9,0.40108149717201513,0.656258744058878,-0.7195429807944063,senior,3,6,9
T004,2026-05-25,21,14.0,1,9,0.40108149717201513,0.656258744058878,-0.7195429807944063,junior,12,7,19
T004,2026-05-25,21,14.0,1,9,0.40108149717201513,0.656258744058878,-0.7195429807944063,senior,1,2,3
T004,2026-06-01,22,14.0,1,9,0.40108149717201513,0.656258744058878,-0.7195429807944063,junior,9,12,21
T004,2026-06-01,22,14.0,1,9,0.40108149717201513,0.656258744058878,-0.7195429807944063,senior,3,7,10
T004,2026-06-08,23,14.0,1,9,0.40108149717201513,0.656258744058878,-0.7195429807944063,junior,8,6,14
T004,2026-06-08,23,14.0,1,9,0.40108149717201513,0.656258744058878,-0.7195429807944063,senior,3,7,10
T004,2026-06-15,24,14.0,1,9,0.40108149717201513,0.656258744058878,-0.7195429807944063,junior,13,8,21
T004,2026-06-15,24,14.0,1,9,0.40108149717201513,0.656258744058878,-0.7195429807944063,senior,5,8,13
T004,2026-06-22,25,14.0,1,9,0.40108149717201513,0.656258744058878,-0.7195429807944063,junior,5,12,17
T004,2026-06-22,25,14.0,1,9,0.40108149717201513,0.656258744058878,-0.7195429807944063,senior,5,9,14
T004,2026-06-29,26,14.0,1,9,0.40108149717201513,0.656258744058878,-0.7195429807944063,junior,6,15,21
T004,2026-06-29,26,14.0,1,9,0.40108149717201513,0.656258744058878,-0.7195429807944063,senior,4,8,12
T004,2026-07-06,27,14.0,1,9,0.40108149717201513,0.656258744058878,-0.7195429807944063,junior,9,11,20
T004,2026-07-06,27,14.0,1,9,0.40108149717201513,0.656258744058878,-0.7195429807944063,senior,4,7,11
T004,2026-07-13,28,14.0,1,9,0.40108149717201513,0.656258744058878,-0.7195429807944063,junior,12,11,23
T004,2026-07-13,28,14.0,1,9,0.40108149717201513,0.656258744058878,-0.7195429807944063,senior,2,11,13
T004,2026-07-20,29,14.0,1,9,0.40108149717201513,0.656258744058878,-0.7195429807944063,junior,7,10,17
T004,2026-07-20,29,14.0,1,9,0.40108149717201513,0.656258744058878,-0.7195429807944063,senior,10,8,18
T004,2026-07-27,30,14.0,1,9,0.40108149717201513,0.656258744058878,-0.7195429807944063,junior,7,14,21
T004,2026-07-27,30,14.0,1,9,0.40108149717201513,0.656258744058878,-0.7195429807944063,senior,10,12,22
T005,2026-01-05,1,15.0,0,8,0.6503232664602328,0.6615801886330018,-1.3281207365229406,junior,4,8,12
T005,2026-01-05,1,15.0,0,8,0.6503232664602328,0.6615801886330018,-1.3281207365229406,senior,6,7,13
T005,2026-01-12,2,15.0,0,8,0.6503232664602328,0.6615801886330018,-1.3281207365229406,junior,1,3,4
T005,2026-01-12,2,15.0,0,8,0.6503232664602328,0.6615801886330018,-1.3281207365229406,senior,6,5,11
T005,2026-01-19,3,15.0,0,8,0.6503232664602328,0.6615801886330018,-1.3281207365229406,junior,3,4,7
T005,2026-01-19,3,15.0,0,8,0.6503232664602328,0.6615801886330018,-1.3281207365229406,senior,4,3,7
T005,2026-01-26,4,15.0,0,8,0.6503232664602328,0.6615801886330018,-1.3281207365229406,junior,2,9,11
T005,2026-01-26,4,15.0,0,8,0.6503232664602328,0.6615801886330018,-1.3281207365229406,senior,3,3,6
T005,2026-02-02,5,15.0,0,8,0.6503232664602328,0.6615801886330018,-1.3281207365229406,junior,4,5,9
T005,2026-02-02,5,15.0,0,8,0.6503232664602328,0.6615801886330018,-1.3281207365229406,senior,3,7,10
T005,2026-02-09,6,15.0,0,8,0.6503232664602328,0.6615801886330018,-1.3281207365229406,junior,3,6,9
T005,2026-02-09,6,15.0,0,8,0.6503232664602328,0.6615801886330018,-1.3281207365229406,senior,4,5,9
T005,2026-02-16,7,15.0,0,8,0.6503232664602328,0.6615801886330018,-1.3281207365229406,junior,2,4,6
T005,2026-02-16,7,15.0,0,8,0.6503232664602328,0.6615801886330018,-1.3281207365229406,senior,4,2,6
T005,2026-02-23,8,15.0,0,8,0.6503232664602328,0.6615801886330018,-1.3281207365229406,junior,7,3,10
T005,2026-02-23,8,15.0,0,8,0.6503232664602328,0.6615801886330018,-1.3281207365229406,senior,4,5,9
T005,2026-03-02,9,15.0,0,8,0.6503232664602328,0.6615801886330018,-1.3281207365229406,junior,1,2,3
T005,2026-03-02,9,15.0,0,8,0.6503232664602328,0.6615801886330018,-1.3281207365229406,senior,4,4,8
T005,2026-03-09,10,15.0,0,8,0.6503232664602328,0.6615801886330018,-1.3281207365229406,junior,8,6,14
T005,2026-03-09,10,15.0,0,8,0.6503232664602328,0.6615801886330018,-1.3281207365229406,senior,5,4,9
T005,2026-03-16,11,15.0,0,8,0.6503232664602328,0.6615801886330018,-1.3281207365229406,junior,2,6,8
T005,2026-03-16,11,15.0,0,8,0.6503232664602328,0.6615801886330018,-1.3281207365229406,senior,7,6,13
T005,2026-03-23,12,15.0,0,8,0.6503232664602328,0.6615801886330018,-1.3281207365229406,junior,2,4,6
T005,2026-03-23,12,15.0,0,8,0.6503232664602328,0.6615801886330018,-1.3281207365229406,senior,2,6,8
T005,2026-03-30,13,15.0,0,8,0.6503232664602328,0.6615801886330018,-1.3281207365229406,junior,1,5,6
T005,2026-03-30,13,15.0,0,8,0.6503232664602328,0.6615801886330018,-1.3281207365229406,senior,5,5,10
T005,2026-04-06,14,15.0,0,8,0.6503232664602328,0.6615801886330018,-1.3281207365229406,junior,1,7,8
T005,2026-04-06,14,15.0,0,8,0.6503232664602328,0.6615801886330018,-1.3281207365229406,senior,4,5,9
T005,2026-04-13,15,15.0,1,8,0.6503232664602328,0.6615801886330018,-1.3281207365229406,junior,9,7,16
T005,2026-04-13,15,15.0,1,8,0.6503232664602328,0.6615801886330018,-1.3281207365229406,senior,4,5,9
T005,2026-04-20,16,15.0,1,8,0.6503232664602328,0.6615801886330018,-1.3281207365229406,junior,8,7,15
T005,2026-04-20,16,15.0,1,8,0.6503232664602328,0.6615801886330018,-1.3281207365229406,senior,2,7,9
T005,2026-04-27,17,15.0,1,8,0.6503232664602328,0.6615801886330018,-1.3281207365229406,junior,6,10,16
T005,2026-04-27,17,15.0,1,8,0.6503232664602328,0.6615801886330018,-1.3281207365229406,senior,6,8,14
T005,2026-05-04,18,15.0,1,8,0.6503232664602328,0.6615801886330018,-1.3281207365229406,junior,7,11,18
T005,2026-05-04,18,15.0,1,8,0.6503232664602328,0.6615801886330018,-1.3281207365229406,senior,4,4,8
T005,2026-05-11,19,15.0,1,8,0.6503232664602328,0.6615801886330018,-1.3281207365229406,junior,3,3,6
T005,2026-05-11,19,15.0,1,8,0.6503232664602328,0.6615801886330018,-1.3281207365229406,senior,1,5,6
T005,2026-05-18,20,15.0,1,8,0.6503232664602328,0.6615801886330018,-1.3281207365229406,junior,4,12,16
T005,2026-05-18,20,15.0,1,8,0.6503232664602328,0.6615801886330018,-1.3281207365229406,senior,6,3,9
T005,2026-05-25,21,15.0,1,8,0.6503232664602328,0.6615801886330018,-1.3281207365229406,junior,3,6,9
T005,2026-05-25,21,15.0,1,8,0.6503232664602328,0.6615801886330018,-1.3281207365229406,senior,4,7,11
T005,2026-06-01,22,15.0,1,8,0.6503232664602328,0.6615801886330018,-1.3281207365229406,junior,1,8,9
T005,2026-06-01,22,15.0,1,8,0.6503232664602328,0.6615801886330018,-1.3281207365229406,senior,5,4,9
T005,2026-06-08,23,15.0,1,8,0.6503232664602328,0.6615801886330018,-1.3281207365229406,junior,5,6,11
T005,2026-06-08,23,15.0,1,8,0.6503232664602328,0.6615801886330018,-1.3281207365229406,senior,2,0,2
T005,2026-06-15,24,15.0,1,8,0.6503232664602328,0.6615801886330018,-1.3281207365229406,junior,3,5,8
T005,2026-06-15,24,15.0,1,8,0.6503232664602328,0.6615801886330018,-1.3281207365229406,senior,4,10,14
T005,2026-06-22,25,15.0,1,8,0.6503232664602328,0.6615801886330018,-1.3281207365229406,junior,4,5,9
T005,2026-06-22,25,15.0,1,8,0.6503232664602328,0.6615801886330018,-1.3281207365229406,senior,6,7,13
T005,2026-06-29,26,15.0,1,8,0.6503232664602328,0.6615801886330018,-1.3281207365229406,junior,3,5,8
T005,2026-06-29,26,15.0,1,8,0.6503232664602328,0.6615801886330018,-1.3281207365229406,senior,2,5,7
T005,2026-07-06,27,15.0,1,8,0.6503232664602328,0.6615801886330018,-1.3281207365229406,junior,4,2,6
T005,2026-07-06,27,15.0,1,8,0.6503232664602328,0.6615801886330018,-1.3281207365229406,senior,6,4,10
T005,2026-07-13,28,15.0,1,8,0.6503232664602328,0.6615801886330018,-1.3281207365229406,junior,5,4,9
T005,2026-07-13,28,15.0,1,8,0.6503232664602328,0.6615801886330018,-1.3281207365229406,senior,4,7,11
T005,2026-07-20,29,15.0,1,8,0.6503232664602328,0.6615801886330018,-1.3281207365229406,junior,3,5,8
T005,2026-07-20,29,15.0,1,8,0.6503232664602328,0.6615801886330018,-1.3281207365229406,senior,2,2,4
T005,2026-07-27,30,15.0,1,8,0.6503232664602328,0.6615801886330018,-1.3281207365229406,junior,4,5,9
T005,2026-07-27,30,15.0,1,8,0.6503232664602328,0.6615801886330018,-1.3281207365229406,senior,3,3,6
T006,2026-01-05,1,9.0,0,4,0.7620331936724192,0.22771690376465745,-0.7756414932941826,junior,3,2,5
T006,2026-01-05,1,9.0,0,4,0.7620331936724192,0.22771690376465745,-0.7756414932941826,senior,8,8,16
T006,2026-01-12,2,9.0,0,4,0.7620331936724192,0.22771690376465745,-0.7756414932941826,junior,1,3,4
T006,2026-01-12,2,9.0,0,4,0.7620331936724192,0.22771690376465745,-0.7756414932941826,senior,8,5,13
T006,2026-01-19,3,9.0,0,4,0.7620331936724192,0.22771690376465745,-0.7756414932941826,junior,1,5,6
T006,2026-01-19,3,9.0,0,4,0.7620331936724192,0.22771690376465745,-0.7756414932941826,senior,5,6,11
T006,2026-01-26,4,9.0,0,4,0.7620331936724192,0.22771690376465745,-0.7756414932941826,junior,2,3,5
T006,2026-01-26,4,9.0,0,4,0.7620331936724192,0.22771690376465745,-0.7756414932941826,senior,2,4,6
T006,2026-02-02,5,9.0,0,4,0.7620331936724192,0.22771690376465745,-0.7756414932941826,junior,5,2,7
T006,2026-02-02,5,9.0,0,4,0.7620331936724192,0.22771690376465745,-0.7756414932941826,senior,6,6,12
T006,2026-02-09,6,9.0,0,4,0.7620331936724192,0.22771690376465745,-0.7756414932941826,junior,1,4,5
T006,2026-02-09,6,9.0,0,4,0.7620331936724192,0.22771690376465745,-0.7756414932941826,senior,7,2,9
T006,2026-02-16,7,9.0,0,4,0.7620331936724192,0.22771690376465745,-0.7756414932941826,junior,4,3,7
T006,2026-02-16,7,9.0,0,4,0.7620331936724192,0.22771690376465745,-0.7756414932941826,senior,2,8,10
T006,2026-02-23,8,9.0,0,4,0.7620331936724192,0.22771690376465745,-0.7756414932941826,junior,3,0,3
T006,2026-02-23,8,9.0,0,4,0.7620331936724192,0.22771690376465745,-0.7756414932941826,senior,6,7,13
T006,2026-03-02,9,9.0,1,4,0.7620331936724192,0.22771690376465745,-0.7756414932941826,junior,1,3,4
T006,2026-03-02,9,9.0,1,4,0.7620331936724192,0.22771690376465745,-0.7756414932941826,senior,3,7,10
T006,2026-03-09,10,9.0,1,4,0.7620331936724192,0.22771690376465745,-0.7756414932941826,junior,4,1,5
T006,2026-03-09,10,9.0,1,4,0.7620331936724192,0.22771690376465745,-0.7756414932941826,senior,6,5,11
T006,2026-03-16,11,9.0,1,4,0.7620331936724192,0.22771690376465745,-0.7756414932941826,junior,5,2,7
T006,2026-03-16,11,9.0,1,4,0.7620331936724192,0.22771690376465745,-0.7756414932941826,senior,3,5,8
T006,2026-03-23,12,9.0,1,4,0.7620331936724192,0.22771690376465745,-0.7756414932941826,junior,2,2,4
T006,2026-03-23,12,9.0,1,4,0.7620331936724192,0.22771690376465745,-0.7756414932941826,senior,2,4,6
T006,2026-03-30,13,9.0,1,4,0.7620331936724192,0.22771690376465745,-0.7756414932941826,junior,5,4,9
T006,2026-03-30,13,9.0,1,4,0.7620331936724192,0.22771690376465745,-0.7756414932941826,senior,8,8,16
T006,2026-04-06,14,9.0,1,4,0.7620331936724192,0.22771690376465745,-0.7756414932941826,junior,1,1,2
T006,2026-04-06,14,9.0,1,4,0.7620331936724192,0.22771690376465745,-0.7756414932941826,senior,8,5,13
T006,2026-04-13,15,9.0,1,4,0.7620331936724192,0.22771690376465745,-0.7756414932941826,junior,1,5,6
T006,2026-04-13,15,9.0,1,4,0.7620331936724192,0.22771690376465745,-0.7756414932941826,senior,5,1,6
T006,2026-04-20,16,9.0,1,4,0.7620331936724192,0.22771690376465745,-0.7756414932941826,junior,4,3,7
T006,2026-04-20,16,9.0,1,4,0.7620331936724192,0.22771690376465745,-0.7756414932941826,senior,4,6,10
T006,2026-04-27,17,9.0,1,4,0.7620331936724192,0.22771690376465745,-0.7756414932941826,junior,4,3,7
T006,2026-04-27,17,9.0,1,4,0.7620331936724192,0.22771690376465745,-0.7756414932941826,senior,3,5,8
T006,2026-05-04,18,9.0,1,4,0.7620331936724192,0.22771690376465745,-0.7756414932941826,junior,2,3,5
T006,2026-05-04,18,9.0,1,4,0.7620331936724192,0.22771690376465745,-0.7756414932941826,senior,7,6,13
T006,2026-05-11,19,9.0,1,4,0.7620331936724192,0.22771690376465745,-0.7756414932941826,junior,5,3,8
T006,2026-05-11,19,9.0,1,4,0.7620331936724192,0.22771690376465745,-0.7756414932941826,senior,4,7,11
T006,2026-05-18,20,9.0,1,4,0.7620331936724192,0.22771690376465745,-0.7756414932941826,junior,1,5,6
T006,2026-05-18,20,9.0,1,4,0.7620331936724192,0.22771690376465745,-0.7756414932941826,senior,10,7,17
T006,2026-05-25,21,9.0,1,4,0.7620331936724192,0.22771690376465745,-0.7756414932941826,junior,4,4,8
T006,2026-05-25,21,9.0,1,4,0.7620331936724192,0.22771690376465745,-0.7756414932941826,senior,2,6,8
T006,2026-06-01,22,9.0,1,4,0.7620331936724192,0.22771690376465745,-0.7756414932941826,junior,1,3,4
T006,2026-06-01,22,9.0,1,4,0.7620331936724192,0.22771690376465745,-0.7756414932941826,senior,5,3,8
T006,2026-06-08,23,9.0,1,4,0.7620331936724192,0.22771690376465745,-0.7756414932941826,junior,7,4,11
T006,2026-06-08,23,9.0,1,4,0.7620331936724192,0.22771690376465745,-0.7756414932941826,senior,3,2,5
T006,2026-06-15,24,9.0,1,4,0.7620331936724192,0.22771690376465745,-0.7756414932941826,junior,1,5,6
T006,2026-06-15,24,9.0,1,4,0.7620331936724192,0.22771690376465745,-0.7756414932941826,senior,4,3,7
T006,2026-06-22,25,9.0,1,4,0.7620331936724192,0.22771690376465745,-0.7756414932941826,junior,3,2,5
T006,2026-06-22,25,9.0,1,4,0.7620331936724192,0.22771690376465745,-0.7756414932941826,senior,3,4,7
T006,2026-06-29,26,9.0,1,4,0.7620331936724192,0.22771690376465745,-0.7756414932941826,junior,1,3,4
T006,2026-06-29,26,9.0,1,4,0.7620331936724192,0.22771690376465745,-0.7756414932941826,senior,6,6,12
T006,2026-07-06,27,9.0,1,4,0.7620331936724192,0.22771690376465745,-0.7756414932941826,junior,1,3,4
T006,2026-07-06,27,9.0,1,4,0.7620331936724192,0.22771690376465745,-0.7756414932941826,senior,4,3,7
T006,2026-07-13,28,9.0,1,4,0.7620331936724192,0.22771690376465745,-0.7756414932941826,junior,2,1,3
T006,2026-07-13,28,9.0,1,4,0.7620331936724192,0.22771690376465745,-0.7756414932941826,senior,3,6,9
T006,2026-07-20,29,9.0,1,4,0.7620331936724192,0.22771690376465745,-0.7756414932941826,junior,0,4,4
T006,2026-07-20,29,9.0,1,4,0.7620331936724192,0.22771690376465745,-0.7756414932941826,senior,6,2,8
T006,2026-07-27,30,9.0,1,4,0.7620331936724192,0.22771690376465745,-0.7756414932941826,junior,0,6,6
T006,2026-07-27,30,9.0,1,4,0.7620331936724192,0.22771690376465745,-0.7756414932941826,senior,8,4,12
T007,2026-01-05,1,18.0,0,5,0.7184363493100526,0.3593932209439112,1.2379572804269763,junior,6,12,18
T007,2026-01-05,1,18.0,0,5,0.7184363493100526,0.3593932209439112,1.2379572804269763,senior,6,12,18
T007,2026-01-12,2,18.0,0,5,0.7184363493100526,0.3593932209439112,1.2379572804269763,junior,17,9,26
T007,2026-01-12,2,18.0,0,5,0.7184363493100526,0.3593932209439112,1.2379572804269763,senior,9,5,14
T007,2026-01-19,3,18.0,0,5,0.7184363493100526,0.3593932209439112,1.2379572804269763,junior,15,10,25
T007,2026-01-19,3,18.0,0,5,0.7184363493100526,0.3593932209439112,1.2379572804269763,senior,7,11,18
T007,2026-01-26,4,18.0,0,5,0.7184363493100526,0.3593932209439112,1.2379572804269763,junior,10,10,20
T007,2026-01-26,4,18.0,0,5,0.7184363493100526,0.3593932209439112,1.2379572804269763,senior,6,13,19
T007,2026-02-02,5,18.0,0,5,0.7184363493100526,0.3593932209439112,1.2379572804269763,junior,8,11,19
T007,2026-02-02,5,18.0,0,5,0.7184363493100526,0.3593932209439112,1.2379572804269763,senior,9,6,15
T007,2026-02-09,6,18.0,0,5,0.7184363493100526,0.3593932209439112,1.2379572804269763,junior,8,6,14
T007,2026-02-09,6,18.0,0,5,0.7184363493100526,0.3593932209439112,1.2379572804269763,senior,5,6,11
T007,2026-02-16,7,18.0,0,5,0.7184363493100526,0.3593932209439112,1.2379572804269763,junior,9,7,16
T007,2026-02-16,7,18.0,0,5,0.7184363493100526,0.3593932209439112,1.2379572804269763,senior,4,4,8
T007,2026-02-23,8,18.0,0,5,0.7184363493100526,0.3593932209439112,1.2379572804269763,junior,6,8,14
T007,2026-02-23,8,18.0,0,5,0.7184363493100526,0.3593932209439112,1.2379572804269763,senior,4,9,13
T007,2026-03-02,9,18.0,0,5,0.7184363493100526,0.3593932209439112,1.2379572804269763,junior,1,12,13
T007,2026-03-02,9,18.0,0,5,0.7184363493100526,0.3593932209439112,1.2379572804269763,senior,4,18,22
T007,2026-03-09,10,18.0,0,5,0.7184363493100526,0.3593932209439112,1.2379572804269763,junior,4,1,5
T007,2026-03-09,10,18.0,0,5,0.7184363493100526,0.3593932209439112,1.2379572804269763,senior,8,5,13
T007,2026-03-16,11,18.0,0,5,0.7184363493100526,0.3593932209439112,1.2379572804269763,junior,8,11,19
T007,2026-03-16,11,18.0,0,5,0.7184363493100526,0.3593932209439112,1.2379572804269763,senior,13,15,28
T007,2026-03-23,12,18.0,0,5,0.7184363493100526,0.3593932209439112,1.2379572804269763,junior,7,6,13
T007,2026-03-23,12,18.0,0,5,0.7184363493100526,0.3593932209439112,1.2379572804269763,senior,8,9,17
T007,2026-03-30,13,18.0,0,5,0.7184363493100526,0.3593932209439112,1.2379572804269763,junior,8,6,14
T007,2026-03-30,13,18.0,0,5,0.7184363493100526,0.3593932209439112,1.2379572804269763,senior,8,10,18
T007,2026-04-06,14,18.0,0,5,0.7184363493100526,0.3593932209439112,1.2379572804269763,junior,2,4,6
T007,2026-04-06,14,18.0,0,5,0.7184363493100526,0.3593932209439112,1.2379572804269763,senior,9,13,22
T007,2026-04-13,15,18.0,0,5,0.7184363493100526,0.3593932209439112,1.2379572804269763,junior,3,6,9
T007,2026-04-13,15,18.0,0,5,0.7184363493100526,0.3593932209439112,1.2379572804269763,senior,3,6,9
T007,2026-04-20,16,18.0,0,5,0.7184363493100526,0.3593932209439112,1.2379572804269763,junior,4,8,12
T007,2026-04-20,16,18.0,0,5,0.7184363493100526,0.3593932209439112,1.2379572804269763,senior,8,22,30
T007,2026-04-27,17,18.0,0,5,0.7184363493100526,0.3593932209439112,1.2379572804269763,junior,5,4,9
T007,2026-04-27,17,18.0,0,5,0.7184363493100526,0.3593932209439112,1.2379572804269763,senior,4,8,12
T007,2026-05-04,18,18.0,1,5,0.7184363493100526,0.3593932209439112,1.2379572804269763,junior,13,9,22
T007,2026-05-04,18,18.0,1,5,0.7184363493100526,0.3593932209439112,1.2379572804269763,senior,5,10,15
T007,2026-05-11,19,18.0,1,5,0.7184363493100526,0.3593932209439112,1.2379572804269763,junior,7,4,11
T007,2026-05-11,19,18.0,1,5,0.7184363493100526,0.3593932209439112,1.2379572804269763,senior,10,6,16
T007,2026-05-18,20,18.0,1,5,0.7184363493100526,0.3593932209439112,1.2379572804269763,junior,8,12,20
T007,2026-05-18,20,18.0,1,5,0.7184363493100526,0.3593932209439112,1.2379572804269763,senior,5,3,8
T007,2026-05-25,21,18.0,1,5,0.7184363493100526,0.3593932209439112,1.2379572804269763,junior,6,11,17
T007,2026-05-25,21,18.0,1,5,0.7184363493100526,0.3593932209439112,1.2379572804269763,senior,16,10,26
T007,2026-06-01,22,18.0,1,5,0.7184363493100526,0.3593932209439112,1.2379572804269763,junior,9,13,22
T007,2026-06-01,22,18.0,1,5,0.7184363493100526,0.3593932209439112,1.2379572804269763,senior,7,6,13
T007,2026-06-08,23,18.0,1,5,0.7184363493100526,0.3593932209439112,1.2379572804269763,junior,6,11,17
T007,2026-06-08,23,18.0,1,5,0.7184363493100526,0.3593932209439112,1.2379572804269763,senior,7,9,16
T007,2026-06-15,24,18.0,1,5,0.7184363493100526,0.3593932209439112,1.2379572804269763,junior,6,12,18
T007,2026-06-15,24,18.0,1,5,0.7184363493100526,0.3593932209439112,1.2379572804269763,senior,7,13,20
T007,2026-06-22,25,18.0,1,5,0.7184363493100526,0.3593932209439112,1.2379572804269763,junior,7,9,16
T007,2026-06-22,25,18.0,1,5,0.7184363493100526,0.3593932209439112,1.2379572804269763,senior,7,12,19
T007,2026-06-29,26,18.0,1,5,0.7184363493100526,0.3593932209439112,1.2379572804269763,junior,5,5,10
T007,2026-06-29,26,18.0,1,5,0.7184363493100526,0.3593932209439112,1.2379572804269763,senior,3,5,8
T007,2026-07-06,27,18.0,1,5,0.7184363493100526,0.3593932209439112,1.2379572804269763,junior,11,14,25
T007,2026-07-06,27,18.0,1,5,0.7184363493100526,0.3593932209439112,1.2379572804269763,senior,7,6,13
T007,2026-07-13,28,18.0,1,5,0.7184363493100526,0.3593932209439112,1.2379572804269763,junior,9,5,14
T007,2026-07-13,28,18.0,1,5,0.7184363493100526,0.3593932209439112,1.2379572804269763,senior,8,13,21
T007,2026-07-20,29,18.0,1,5,0.7184363493100526,0.3593932209439112,1.2379572804269763,junior,6,10,16
T007,2026-07-20,29,18.0,1,5,0.7184363493100526,0.3593932209439112,1.2379572804269763,senior,7,10,17
T007,2026-07-27,30,18.0,1,5,0.7184363493100526,0.3593932209439112,1.2379572804269763,junior,7,8,15
T007,2026-07-27,30,18.0,1,5,0.7184363493100526,0.3593932209439112,1.2379572804269763,senior,8,11,19
T008,2026-01-05,1,16.0,0,5,0.5317533389963387,0.12836048617507143,0.5190065897501542,junior,4,6,10
T008,2026-01-05,1,16.0,0,5,0.5317533389963387,0.12836048617507143,0.5190065897501542,senior,14,11,25
T008,2026-01-12,2,16.0,0,5,0.5317533389963387,0.12836048617507143,0.5190065897501542,junior,3,8,11
T008,2026-01-12,2,16.0,0,5,0.5317533389963387,0.12836048617507143,0.5190065897501542,senior,4,11,15
T008,2026-01-19,3,16.0,0,5,0.5317533389963387,0.12836048617507143,0.5190065897501542,junior,6,3,9
T008,2026-01-19,3,16.0,0,5,0.5317533389963387,0.12836048617507143,0.5190065897501542,senior,7,7,14
T008,2026-01-26,4,16.0,0,5,0.5317533389963387,0.12836048617507143,0.5190065897501542,junior,7,7,14
T008,2026-01-26,4,16.0,0,5,0.5317533389963387,0.12836048617507143,0.5190065897501542,senior,9,8,17
T008,2026-02-02,5,16.0,0,5,0.5317533389963387,0.12836048617507143,0.5190065897501542,junior,2,6,8
T008,2026-02-02,5,16.0,0,5,0.5317533389963387,0.12836048617507143,0.5190065897501542,senior,5,4,9
T008,2026-02-09,6,16.0,0,5,0.5317533389963387,0.12836048617507143,0.5190065897501542,junior,7,2,9
T008,2026-02-09,6,16.0,0,5,0.5317533389963387,0.12836048617507143,0.5190065897501542,senior,13,15,28
T008,2026-02-16,7,16.0,0,5,0.5317533389963387,0.12836048617507143,0.5190065897501542,junior,6,5,11
T008,2026-02-16,7,16.0,0,5,0.5317533389963387,0.12836048617507143,0.5190065897501542,senior,8,6,14
T008,2026-02-23,8,16.0,0,5,0.5317533389963387,0.12836048617507143,0.5190065897501542,junior,7,5,12
T008,2026-02-23,8,16.0,0,5,0.5317533389963387,0.12836048617507143,0.5190065897501542,senior,8,9,17
T008,2026-03-02,9,16.0,0,5,0.5317533389963387,0.12836048617507143,0.5190065897501542,junior,5,5,10
T008,2026-03-02,9,16.0,0,5,0.5317533389963387,0.12836048617507143,0.5190065897501542,senior,11,9,20
T008,2026-03-09,10,16.0,0,5,0.5317533389963387,0.12836048617507143,0.5190065897501542,junior,4,8,12
T008,2026-03-09,10,16.0,0,5,0.5317533389963387,0.12836048617507143,0.5190065897501542,senior,13,7,20
T008,2026-03-16,11,16.0,0,5,0.5317533389963387,0.12836048617507143,0.5190065897501542,junior,5,4,9
T008,2026-03-16,11,16.0,0,5,0.5317533389963387,0.12836048617507143,0.5190065897501542,senior,13,10,23
T008,2026-03-23,12,16.0,0,5,0.5317533389963387,0.12836048617507143,0.5190065897501542,junior,2,5,7
T008,2026-03-23,12,16.0,0,5,0.5317533389963387,0.12836048617507143,0.5190065897501542,senior,6,10,16
T008,2026-03-30,13,16.0,0,5,0.5317533389963387,0.12836048617507143,0.5190065897501542,junior,4,4,8
T008,2026-03-30,13,16.0,0,5,0.5317533389963387,0.12836048617507143,0.5190065897501542,senior,2,4,6
T008,2026-04-06,14,16.0,0,5,0.5317533389963387,0.12836048617507143,0.5190065897501542,junior,2,6,8
T008,2026-04-06,14,16.0,0,5,0.5317533389963387,0.12836048617507143,0.5190065897501542,senior,6,6,12
T008,2026-04-13,15,16.0,0,5,0.5317533389963387,0.12836048617507143,0.5190065897501542,junior,1,7,8
T008,2026-04-13,15,16.0,0,5,0.5317533389963387,0.12836048617507143,0.5190065897501542,senior,6,6,12
T008,2026-04-20,16,16.0,1,5,0.5317533389963387,0.12836048617507143,0.5190065897501542,junior,2,3,5
T008,2026-04-20,16,16.0,1,5,0.5317533389963387,0.12836048617507143,0.5190065897501542,senior,11,9,20
T008,2026-04-27,17,16.0,1,5,0.5317533389963387,0.12836048617507143,0.5190065897501542,junior,6,2,8
T008,2026-04-27,17,16.0,1,5,0.5317533389963387,0.12836048617507143,0.5190065897501542,senior,4,11,15
T008,2026-05-04,18,16.0,1,5,0.5317533389963387,0.12836048617507143,0.5190065897501542,junior,3,6,9
T008,2026-05-04,18,16.0,1,5,0.5317533389963387,0.12836048617507143,0.5190065897501542,senior,7,10,17
T008,2026-05-11,19,16.0,1,5,0.5317533389963387,0.12836048617507143,0.5190065897501542,junior,5,7,12
T008,2026-05-11,19,16.0,1,5,0.5317533389963387,0.12836048617507143,0.5190065897501542,senior,6,11,17
T008,2026-05-18,20,16.0,1,5,0.5317533389963387,0.12836048617507143,0.5190065897501542,junior,5,6,11
T008,2026-05-18,20,16.0,1,5,0.5317533389963387,0.12836048617507143,0.5190065897501542,senior,6,10,16
T008,2026-05-25,21,16.0,1,5,0.5317533389963387,0.12836048617507143,0.5190065897501542,junior,5,4,9
T008,2026-05-25,21,16.0,1,5,0.5317533389963387,0.12836048617507143,0.5190065897501542,senior,11,12,23
T008,2026-06-01,22,16.0,1,5,0.5317533389963387,0.12836048617507143,0.5190065897501542,junior,0,3,3
T008,2026-06-01,22,16.0,1,5,0.5317533389963387,0.12836048617507143,0.5190065897501542,senior,6,14,20
T008,2026-06-08,23,16.0,1,5,0.5317533389963387,0.12836048617507143,0.5190065897501542,junior,8,6,14
T008,2026-06-08,23,16.0,1,5,0.5317533389963387,0.12836048617507143,0.5190065897501542,senior,9,12,21
T008,2026-06-15,24,16.0,1,5,0.5317533389963387,0.12836048617507143,0.5190065897501542,junior,5,4,9
T008,2026-06-15,24,16.0,1,5,0.5317533389963387,0.12836048617507143,0.5190065897501542,senior,7,9,16
T008,2026-06-22,25,16.0,1,5,0.5317533389963387,0.12836048617507143,0.5190065897501542,junior,10,1,11
T008,2026-06-22,25,16.0,1,5,0.5317533389963387,0.12836048617507143,0.5190065897501542,senior,2,7,9
T008,2026-06-29,26,16.0,1,5,0.5317533389963387,0.12836048617507143,0.5190065897501542,junior,6,6,12
T008,2026-06-29,26,16.0,1,5,0.5317533389963387,0.12836048617507143,0.5190065897501542,senior,8,12,20
T008,2026-07-06,27,16.0,1,5,0.5317533389963387,0.12836048617507143,0.5190065897501542,junior,6,5,11
T008,2026-07-06,27,16.0,1,5,0.5317533389963387,0.12836048617507143,0.5190065897501542,senior,6,9,15
T008,2026-07-13,28,16.0,1,5,0.5317533389963387,0.12836048617507143,0.5190065897501542,junior,0,3,3
T008,2026-07-13,28,16.0,1,5,0.5317533389963387,0.12836048617507143,0.5190065897501542,senior,8,6,14
T008,2026-07-20,29,16.0,1,5,0.5317533389963387,0.12836048617507143,0.5190065897501542,junior,4,9,13
T008,2026-07-20,29,16.0,1,5,0.5317533389963387,0.12836048617507143,0.5190065897501542,senior,9,11,20
T008,2026-07-27,30,16.0,1,5,0.5317533389963387,0.12836048617507143,0.5190065897501542,junior,10,7,17
T008,2026-07-27,30,16.0,1,5,0.5317533389963387,0.12836048617507143,0.5190065897501542,senior,6,7,13
T009,2026-01-05,1,12.0,0,11,0.7309643837084757,0.25442425054425544,-1.3229783873970196,junior,5,4,9
T009,2026-01-05,1,12.0,0,11,0.7309643837084757,0.25442425054425544,-1.3229783873970196,senior,7,8,15
T009,2026-01-12,2,12.0,0,11,0.7309643837084757,0.25442425054425544,-1.3229783873970196,junior,4,2,6
T009,2026-01-12,2,12.0,0,11,0.7309643837084757,0.25442425054425544,-1.3229783873970196,senior,4,4,8
T009,2026-01-19,3,12.0,0,11,0.7309643837084757,0.25442425054425544,-1.3229783873970196,junior,4,2,6
T009,2026-01-19,3,12.0,0,11,0.7309643837084757,0.25442425054425544,-1.3229783873970196,senior,8,4,12
T009,2026-01-26,4,12.0,0,11,0.7309643837084757,0.25442425054425544,-1.3229783873970196,junior,3,9,12
T009,2026-01-26,4,12.0,0,11,0.7309643837084757,0.25442425054425544,-1.3229783873970196,senior,9,5,14
T009,2026-02-02,5,12.0,0,11,0.7309643837084757,0.25442425054425544,-1.3229783873970196,junior,1,6,7
T009,2026-02-02,5,12.0,0,11,0.7309643837084757,0.25442425054425544,-1.3229783873970196,senior,5,11,16
T009,2026-02-09,6,12.0,0,11,0.7309643837084757,0.25442425054425544,-1.3229783873970196,junior,6,5,11
T009,2026-02-09,6,12.0,0,11,0.7309643837084757,0.25442425054425544,-1.3229783873970196,senior,8,15,23
T009,2026-02-16,7,12.0,0,11,0.7309643837084757,0.25442425054425544,-1.3229783873970196,junior,2,3,5
T009,2026-02-16,7,12.0,0,11,0.7309643837084757,0.25442425054425544,-1.3229783873970196,senior,13,6,19
T009,2026-02-23,8,12.0,0,11,0.7309643837084757,0.25442425054425544,-1.3229783873970196,junior,3,4,7
T009,2026-02-23,8,12.0,0,11,0.7309643837084757,0.25442425054425544,-1.3229783873970196,senior,8,8,16
T009,2026-03-02,9,12.0,0,11,0.7309643837084757,0.25442425054425544,-1.3229783873970196,junior,5,1,6
T009,2026-03-02,9,12.0,0,11,0.7309643837084757,0.25442425054425544,-1.3229783873970196,senior,3,8,11
T009,2026-03-09,10,12.0,0,11,0.7309643837084757,0.25442425054425544,-1.3229783873970196,junior,1,4,5
T009,2026-03-09,10,12.0,0,11,0.7309643837084757,0.25442425054425544,-1.3229783873970196,senior,6,8,14
T009,2026-03-16,11,12.0,0,11,0.7309643837084757,0.25442425054425544,-1.3229783873970196,junior,4,1,5
T009,2026-03-16,11,12.0,0,11,0.7309643837084757,0.25442425054425544,-1.3229783873970196,senior,7,6,13
T009,2026-03-23,12,12.0,1,11,0.7309643837084757,0.25442425054425544,-1.3229783873970196,junior,2,2,4
T009,2026-03-23,12,12.0,1,11,0.7309643837084757,0.25442425054425544,-1.3229783873970196,senior,8,9,17
T009,2026-03-30,13,12.0,1,11,0.7309643837084757,0.25442425054425544,-1.3229783873970196,junior,4,4,8
T009,2026-03-30,13,12.0,1,11,0.7309643837084757,0.25442425054425544,-1.3229783873970196,senior,3,12,15
T009,2026-04-06,14,12.0,1,11,0.7309643837084757,0.25442425054425544,-1.3229783873970196,junior,4,2,6
T009,2026-04-06,14,12.0,1,11,0.7309643837084757,0.25442425054425544,-1.3229783873970196,senior,10,11,21
T009,2026-04-13,15,12.0,1,11,0.7309643837084757,0.25442425054425544,-1.3229783873970196,junior,2,1,3
T009,2026-04-13,15,12.0,1,11,0.7309643837084757,0.25442425054425544,-1.3229783873970196,senior,3,8,11
T009,2026-04-20,16,12.0,1,11,0.7309643837084757,0.25442425054425544,-1.3229783873970196,junior,1,2,3
T009,2026-04-20,16,12.0,1,11,0.7309643837084757,0.25442425054425544,-1.3229783873970196,senior,6,11,17
T009,2026-04-27,17,12.0,1,11,0.7309643837084757,0.25442425054425544,-1.3229783873970196,junior,4,4,8
T009,2026-04-27,17,12.0,1,11,0.7309643837084757,0.25442425054425544,-1.3229783873970196,senior,7,6,13
T009,2026-05-04,18,12.0,1,11,0.7309643837084757,0.25442425054425544,-1.3229783873970196,junior,4,6,10
T009,2026-05-04,18,12.0,1,11,0.7309643837084757,0.25442425054425544,-1.3229783873970196,senior,10,7,17
T009,2026-05-11,19,12.0,1,11,0.7309643837084757,0.25442425054425544,-1.3229783873970196,junior,2,1,3
T009,2026-05-11,19,12.0,1,11,0.7309643837084757,0.25442425054425544,-1.3229783873970196,senior,10,7,17
T009,2026-05-18,20,12.0,1,11,0.7309643837084757,0.25442425054425544,-1.3229783873970196,junior,7,3,10
T009,2026-05-18,20,12.0,1,11,0.7309643837084757,0.25442425054425544,-1.3229783873970196,senior,10,4,14
T009,2026-05-25,21,12.0,1,11,0.7309643837084757,0.25442425054425544,-1.3229783873970196,junior,4,1,5
T009,2026-05-25,21,12.0,1,11,0.7309643837084757,0.25442425054425544,-1.3229783873970196,senior,8,12,20
T009,2026-06-01,22,12.0,1,11,0.7309643837084757,0.25442425054425544,-1.3229783873970196,junior,4,6,10
T009,2026-06-01,22,12.0,1,11,0.7309643837084757,0.25442425054425544,-1.3229783873970196,senior,2,5,7
T009,2026-06-08,23,12.0,1,11,0.7309643837084757,0.25442425054425544,-1.3229783873970196,junior,4,2,6
T009,2026-06-08,23,12.0,1,11,0.7309643837084757,0.25442425054425544,-1.3229783873970196,senior,6,9,15
T009,2026-06-15,24,12.0,1,11,0.7309643837084757,0.25442425054425544,-1.3229783873970196,junior,7,7,14
T009,2026-06-15,24,12.0,1,11,0.7309643837084757,0.25442425054425544,-1.3229783873970196,senior,4,7,11
T009,2026-06-22,25,12.0,1,11,0.7309643837084757,0.25442425054425544,-1.3229783873970196,junior,3,3,6
T009,2026-06-22,25,12.0,1,11,0.7309643837084757,0.25442425054425544,-1.3229783873970196,senior,11,15,26
T009,2026-06-29,26,12.0,1,11,0.7309643837084757,0.25442425054425544,-1.3229783873970196,junior,6,5,11
T009,2026-06-29,26,12.0,1,11,0.7309643837084757,0.25442425054425544,-1.3229783873970196,senior,10,8,18
T009,2026-07-06,27,12.0,1,11,0.7309643837084757,0.25442425054425544,-1.3229783873970196,junior,7,5,12
T009,2026-07-06,27,12.0,1,11,0.7309643837084757,0.25442425054425544,-1.3229783873970196,senior,6,11,17
T009,2026-07-13,28,12.0,1,11,0.7309643837084757,0.25442425054425544,-1.3229783873970196,junior,2,2,4
T009,2026-07-13,28,12.0,1,11,0.7309643837084757,0.25442425054425544,-1.3229783873970196,senior,6,7,13
T009,2026-07-20,29,12.0,1,11,0.7309643837084757,0.25442425054425544,-1.3229783873970196,junior,4,2,6
T009,2026-07-20,29,12.0,1,11,0.7309643837084757,0.25442425054425544,-1.3229783873970196,senior,4,11,15
T009,2026-07-27,30,12.0,1,11,0.7309643837084757,0.25442425054425544,-1.3229783873970196,junior,5,3,8
T009,2026-07-27,30,12.0,1,11,0.7309643837084757,0.25442425054425544,-1.3229783873970196,senior,8,4,12
T010,2026-01-05,1,,0,10,0.704279276517674,0.6784419242458808,-0.05126808573742537,junior,11,18,29
T010,2026-01-05,1,,0,10,0.704279276517674,0.6784419242458808,-0.05126808573742537,senior,6,9,15
T010,2026-01-12,2,,0,10,0.704279276517674,0.6784419242458808,-0.05126808573742537,junior,8,11,19
T010,2026-01-12,2,,0,10,0.704279276517674,0.6784419242458808,-0.05126808573742537,senior,5,5,10
T010,2026-01-19,3,,0,10,0.704279276517674,0.6784419242458808,-0.05126808573742537,junior,5,12,17
T010,2026-01-19,3,,0,10,0.704279276517674,0.6784419242458808,-0.05126808573742537,senior,6,7,13
T010,2026-01-26,4,,0,10,0.704279276517674,0.6784419242458808,-0.05126808573742537,junior,9,8,17
T010,2026-01-26,4,,0,10,0.704279276517674,0.6784419242458808,-0.05126808573742537,senior,9,4,13
T010,2026-02-02,5,,0,10,0.704279276517674,0.6784419242458808,-0.05126808573742537,junior,2,18,20
T010,2026-02-02,5,,0,10,0.704279276517674,0.6784419242458808,-0.05126808573742537,senior,11,14,25
T010,2026-02-09,6,,0,10,0.704279276517674,0.6784419242458808,-0.05126808573742537,junior,8,12,20
T010,2026-02-09,6,,0,10,0.704279276517674,0.6784419242458808,-0.05126808573742537,senior,8,12,20
T010,2026-02-16,7,,0,10,0.704279276517674,0.6784419242458808,-0.05126808573742537,junior,3,14,17
T010,2026-02-16,7,,0,10,0.704279276517674,0.6784419242458808,-0.05126808573742537,senior,6,7,13
T010,2026-02-23,8,,0,10,0.704279276517674,0.6784419242458808,-0.05126808573742537,junior,7,5,12
T010,2026-02-23,8,,0,10,0.704279276517674,0.6784419242458808,-0.05126808573742537,senior,3,1,4
T010,2026-03-02,9,,0,10,0.704279276517674,0.6784419242458808,-0.05126808573742537,junior,5,8,13
T010,2026-03-02,9,,0,10,0.704279276517674,0.6784419242458808,-0.05126808573742537,senior,8,4,12
T010,2026-03-09,10,,0,10,0.704279276517674,0.6784419242458808,-0.05126808573742537,junior,4,6,10
T010,2026-03-09,10,,0,10,0.704279276517674,0.6784419242458808,-0.05126808573742537,senior,6,14,20
T010,2026-03-16,11,,0,10,0.704279276517674,0.6784419242458808,-0.05126808573742537,junior,6,8,14
T010,2026-03-16,11,,0,10,0.704279276517674,0.6784419242458808,-0.05126808573742537,senior,9,8,17
T010,2026-03-23,12,,0,10,0.704279276517674,0.6784419242458808,-0.05126808573742537,junior,6,2,8
T010,2026-03-23,12,,0,10,0.704279276517674,0.6784419242458808,-0.05126808573742537,senior,5,9,14
T010,2026-03-30,13,,0,10,0.704279276517674,0.6784419242458808,-0.05126808573742537,junior,6,7,13
T010,2026-03-30,13,,0,10,0.704279276517674,0.6784419242458808,-0.05126808573742537,senior,5,6,11
T010,2026-04-06,14,,0,10,0.704279276517674,0.6784419242458808,-0.05126808573742537,junior,8,13,21
T010,2026-04-06,14,,0,10,0.704279276517674,0.6784419242458808,-0.05126808573742537,senior,7,3,10
T010,2026-04-13,15,,0,10,0.704279276517674,0.6784419242458808,-0.05126808573742537,junior,5,8,13
T010,2026-04-13,15,,0,10,0.704279276517674,0.6784419242458808,-0.05126808573742537,senior,7,10,17
T010,2026-04-20,16,,0,10,0.704279276517674,0.6784419242458808,-0.05126808573742537,junior,11,7,18
T010,2026-04-20,16,,0,10,0.704279276517674,0.6784419242458808,-0.05126808573742537,senior,6,10,16
T010,2026-04-27,17,,0,10,0.704279276517674,0.6784419242458808,-0.05126808573742537,junior,5,13,18
T010,2026-04-27,17,,0,10,0.704279276517674,0.6784419242458808,-0.05126808573742537,senior,6,6,12
T010,2026-05-04,18,,0,10,0.704279276517674,0.6784419242458808,-0.05126808573742537,junior,8,7,15
T010,2026-05-04,18,,0,10,0.704279276517674,0.6784419242458808,-0.05126808573742537,senior,4,4,8
T010,2026-05-11,19,,0,10,0.704279276517674,0.6784419242458808,-0.05126808573742537,junior,8,8,16
T010,2026-05-11,19,,0,10,0.704279276517674,0.6784419242458808,-0.05126808573742537,senior,4,5,9
T010,2026-05-18,20,,0,10,0.704279276517674,0.6784419242458808,-0.05126808573742537,junior,12,13,25
T010,2026-05-18,20,,0,10,0.704279276517674,0.6784419242458808,-0.05126808573742537,senior,5,9,14
T010,2026-05-25,21,,0,10,0.704279276517674,0.6784419242458808,-0.05126808573742537,junior,6,15,21
T010,2026-05-25,21,,0,10,0.704279276517674,0.6784419242458808,-0.05126808573742537,senior,3,6,9
T010,2026-06-01,22,,0,10,0.704279276517674,0.6784419242458808,-0.05126808573742537,junior,5,8,13
T010,2026-06-01,22,,0,10,0.704279276517674,0.6784419242458808,-0.05126808573742537,senior,4,4,8
T010,2026-06-08,23,,0,10,0.704279276517674,0.6784419242458808,-0.05126808573742537,junior,10,10,20
T010,2026-06-08,23,,0,10,0.704279276517674,0.6784419242458808,-0.05126808573742537,senior,4,5,9
T010,2026-06-15,24,,0,10,0.704279276517674,0.6784419242458808,-0.05126808573742537,junior,8,9,17
T010,2026-06-15,24,,0,10,0.704279276517674,0.6784419242458808,-0.05126808573742537,senior,2,11,13
T010,2026-06-22,25,,0,10,0.704279276517674,0.6784419242458808,-0.05126808573742537,junior,14,18,32
T010,2026-06-22,25,,0,10,0.704279276517674,0.6784419242458808,-0.05126808573742537,senior,10,8,18
T010,2026-06-29,26,,0,10,0.704279276517674,0.6784419242458808,-0.05126808573742537,junior,4,6,10
T010,2026-06-29,26,,0,10,0.704279276517674,0.6784419242458808,-0.05126808573742537,senior,4,4,8
T010,2026-07-06,27,,0,10,0.704279276517674,0.6784419242458808,-0.05126808573742537,junior,14,6,20
T010,2026-07-06,27,,0,10,0.704279276517674,0.6784419242458808,-0.05126808573742537,senior,5,11,16
T010,2026-07-13,28,,0,10,0.704279276517674,0.6784419242458808,-0.05126808573742537,junior,8,8,16
T010,2026-07-13,28,,0,10,0.704279276517674,0.6784419242458808,-0.05126808573742537,senior,9,14,23
T010,2026-07-20,29,,0,10,0.704279276517674,0.6784419242458808,-0.05126808573742537,junior,4,8,12
T010,2026-07-20,29,,0,10,0.704279276517674,0.6784419242458808,-0.05126808573742537,senior,6,8,14
T010,2026-07-27,30,,0,10,0.704279276517674,0.6784419242458808,-0.05126808573742537,junior,4,6,10
T010,2026-07-27,30,,0,10,0.704279276517674,0.6784419242458808,-0.05126808573742537,senior,9,6,15
T011,2026-01-05,1,16.0,0,8,0.6717005633021764,0.12218758692159896,0.23066386572828212,junior,2,6,8
T011,2026-01-05,1,16.0,0,8,0.6717005633021764,0.12218758692159896,0.23066386572828212,senior,9,16,25
T011,2026-01-12,2,16.0,0,8,0.6717005633021764,0.12218758692159896,0.23066386572828212,junior,3,5,8
T011,2026-01-12,2,16.0,0,8,0.6717005633021764,0.12218758692159896,0.23066386572828212,senior,9,10,19
T011,2026-01-19,3,16.0,0,8,0.6717005633021764,0.12218758692159896,0.23066386572828212,junior,2,10,12
T011,2026-01-19,3,16.0,0,8,0.6717005633021764,0.12218758692159896,0.23066386572828212,senior,12,13,25
T011,2026-01-26,4,16.0,0,8,0.6717005633021764,0.12218758692159896,0.23066386572828212,junior,1,1,2
T011,2026-01-26,4,16.0,0,8,0.6717005633021764,0.12218758692159896,0.23066386572828212,senior,5,9,14
T011,2026-02-02,5,16.0,0,8,0.6717005633021764,0.12218758692159896,0.23066386572828212,junior,6,11,17
T011,2026-02-02,5,16.0,0,8,0.6717005633021764,0.12218758692159896,0.23066386572828212,senior,5,8,13
T011,2026-02-09,6,16.0,0,8,0.6717005633021764,0.12218758692159896,0.23066386572828212,junior,3,4,7
T011,2026-02-09,6,16.0,0,8,0.6717005633021764,0.12218758692159896,0.23066386572828212,senior,8,7,15
T011,2026-02-16,7,16.0,0,8,0.6717005633021764,0.12218758692159896,0.23066386572828212,junior,0,4,4
T011,2026-02-16,7,16.0,0,8,0.6717005633021764,0.12218758692159896,0.23066386572828212,senior,7,14,21
T011,2026-02-23,8,16.0,0,8,0.6717005633021764,0.12218758692159896,0.23066386572828212,junior,4,7,11
T011,2026-02-23,8,16.0,0,8,0.6717005633021764,0.12218758692159896,0.23066386572828212,senior,4,13,17
T011,2026-03-02,9,16.0,0,8,0.6717005633021764,0.12218758692159896,0.23066386572828212,junior,4,9,13
T011,2026-03-02,9,16.0,0,8,0.6717005633021764,0.12218758692159896,0.23066386572828212,senior,9,16,25
T011,2026-03-09,10,16.0,0,8,0.6717005633021764,0.12218758692159896,0.23066386572828212,junior,5,4,9
T011,2026-03-09,10,16.0,0,8,0.6717005633021764,0.12218758692159896,0.23066386572828212,senior,17,11,28
T011,2026-03-16,11,16.0,0,8,0.6717005633021764,0.12218758692159896,0.23066386572828212,junior,5,7,12
T011,2026-03-16,11,16.0,0,8,0.6717005633021764,0.12218758692159896,0.23066386572828212,senior,0,16,16
T011,2026-03-23,12,16.0,0,8,0.6717005633021764,0.12218758692159896,0.23066386572828212,junior,5,2,7
T011,2026-03-23,12,16.0,0,8,0.6717005633021764,0.12218758692159896,0.23066386572828212,senior,6,8,14
T011,2026-03-30,13,16.0,0,8,0.6717005633021764,0.12218758692159896,0.23066386572828212,junior,3,4,7
T011,2026-03-30,13,16.0,0,8,0.6717005633021764,0.12218758692159896,0.23066386572828212,senior,10,8,18
T011,2026-04-06,14,16.0,0,8,0.6717005633021764,0.12218758692159896,0.23066386572828212,junior,7,4,11
T011,2026-04-06,14,16.0,0,8,0.6717005633021764,0.12218758692159896,0.23066386572828212,senior,7,21,28
T011,2026-04-13,15,16.0,0,8,0.6717005633021764,0.12218758692159896,0.23066386572828212,junior,0,4,4
T011,2026-04-13,15,16.0,0,8,0.6717005633021764,0.12218758692159896,0.23066386572828212,senior,8,10,18
T011,2026-04-20,16,16.0,1,8,0.6717005633021764,0.12218758692159896,0.23066386572828212,junior,6,5,11
T011,2026-04-20,16,16.0,1,8,0.6717005633021764,0.12218758692159896,0.23066386572828212,senior,11,4,15
T011,2026-04-27,17,16.0,1,8,0.6717005633021764,0.12218758692159896,0.23066386572828212,junior,5,9,14
T011,2026-04-27,17,16.0,1,8,0.6717005633021764,0.12218758692159896,0.23066386572828212,senior,12,11,23
T011,2026-05-04,18,16.0,1,8,0.6717005633021764,0.12218758692159896,0.23066386572828212,junior,4,4,8
T011,2026-05-04,18,16.0,1,8,0.6717005633021764,0.12218758692159896,0.23066386572828212,senior,10,12,22
T011,2026-05-11,19,16.0,1,8,0.6717005633021764,0.12218758692159896,0.23066386572828212,junior,6,12,18
T011,2026-05-11,19,16.0,1,8,0.6717005633021764,0.12218758692159896,0.23066386572828212,senior,5,4,9
T011,2026-05-18,20,16.0,1,8,0.6717005633021764,0.12218758692159896,0.23066386572828212,junior,6,7,13
T011,2026-05-18,20,16.0,1,8,0.6717005633021764,0.12218758692159896,0.23066386572828212,senior,11,18,29
T011,2026-05-25,21,16.0,1,8,0.6717005633021764,0.12218758692159896,0.23066386572828212,junior,8,6,14
T011,2026-05-25,21,16.0,1,8,0.6717005633021764,0.12218758692159896,0.23066386572828212,senior,11,16,27
T011,2026-06-01,22,16.0,1,8,0.6717005633021764,0.12218758692159896,0.23066386572828212,junior,3,9,12
T011,2026-06-01,22,16.0,1,8,0.6717005633021764,0.12218758692159896,0.23066386572828212,senior,7,11,18
T011,2026-06-08,23,16.0,1,8,0.6717005633021764,0.12218758692159896,0.23066386572828212,junior,4,7,11
T011,2026-06-08,23,16.0,1,8,0.6717005633021764,0.12218758692159896,0.23066386572828212,senior,4,10,14
T011,2026-06-15,24,16.0,1,8,0.6717005633021764,0.12218758692159896,0.23066386572828212,junior,6,8,14
T011,2026-06-15,24,16.0,1,8,0.6717005633021764,0.12218758692159896,0.23066386572828212,senior,11,10,21
T011,2026-06-22,25,16.0,1,8,0.6717005633021764,0.12218758692159896,0.23066386572828212,junior,4,6,10
T011,2026-06-22,25,16.0,1,8,0.6717005633021764,0.12218758692159896,0.23066386572828212,senior,8,7,15
T011,2026-06-29,26,16.0,1,8,0.6717005633021764,0.12218758692159896,0.23066386572828212,junior,2,1,3
T011,2026-06-29,26,16.0,1,8,0.6717005633021764,0.12218758692159896,0.23066386572828212,senior,12,7,19
T011,2026-07-06,27,16.0,1,8,0.6717005633021764,0.12218758692159896,0.23066386572828212,junior,5,6,11
T011,2026-07-06,27,16.0,1,8,0.6717005633021764,0.12218758692159896,0.23066386572828212,senior,8,11,19
T011,2026-07-13,28,16.0,1,8,0.6717005633021764,0.12218758692159896,0.23066386572828212,junior,3,7,10
T011,2026-07-13,28,16.0,1,8,0.6717005633021764,0.12218758692159896,0.23066386572828212,senior,9,11,20
T011,2026-07-20,29,16.0,1,8,0.6717005633021764,0.12218758692159896,0.23066386572828212,junior,9,2,11
T011,2026-07-20,29,16.0,1,8,0.6717005633021764,0.12218758692159896,0.23066386572828212,senior,7,10,17
T011,2026-07-27,30,16.0,1,8,0.6717005633021764,0.12218758692159896,0.23066386572828212,junior,3,10,13
T011,2026-07-27,30,16.0,1,8,0.6717005633021764,0.12218758692159896,0.23066386572828212,senior,7,13,20
T012,2026-01-05,1,20.0,0,8,0.2771262296407854,0.4693382792413343,0.9934509023341556,junior,14,14,28
T012,2026-01-05,1,20.0,0,8,0.2771262296407854,0.4693382792413343,0.9934509023341556,senior,6,6,12
T012,2026-01-12,2,20.0,0,8,0.2771262296407854,0.4693382792413343,0.9934509023341556,junior,13,12,25
T012,2026-01-12,2,20.0,0,8,0.2771262296407854,0.4693382792413343,0.9934509023341556,senior,5,7,12
T012,2026-01-19,3,20.0,0,8,0.2771262296407854,0.4693382792413343,0.9934509023341556,junior,12,23,35
T012,2026-01-19,3,20.0,0,8,0.2771262296407854,0.4693382792413343,0.9934509023341556,senior,10,11,21
T012,2026-01-26,4,20.0,0,8,0.2771262296407854,0.4693382792413343,0.9934509023341556,junior,7,14,21
T012,2026-01-26,4,20.0,0,8,0.2771262296407854,0.4693382792413343,0.9934509023341556,senior,5,12,17
T012,2026-02-02,5,20.0,0,8,0.2771262296407854,0.4693382792413343,0.9934509023341556,junior,10,9,19
T012,2026-02-02,5,20.0,0,8,0.2771262296407854,0.4693382792413343,0.9934509023341556,senior,14,11,25
T012,2026-02-09,6,20.0,0,8,0.2771262296407854,0.4693382792413343,0.9934509023341556,junior,8,15,23
T012,2026-02-09,6,20.0,0,8,0.2771262296407854,0.4693382792413343,0.9934509023341556,senior,11,10,21
T012,2026-02-16,7,20.0,0,8,0.2771262296407854,0.4693382792413343,0.9934509023341556,junior,9,13,22
T012,2026-02-16,7,20.0,0,8,0.2771262296407854,0.4693382792413343,0.9934509023341556,senior,6,11,17
T012,2026-02-23,8,20.0,0,8,0.2771262296407854,0.4693382792413343,0.9934509023341556,junior,8,11,19
T012,2026-02-23,8,20.0,0,8,0.2771262296407854,0.4693382792413343,0.9934509023341556,senior,3,5,8
T012,2026-03-02,9,20.0,0,8,0.2771262296407854,0.4693382792413343,0.9934509023341556,junior,11,9,20
T012,2026-03-02,9,20.0,0,8,0.2771262296407854,0.4693382792413343,0.9934509023341556,senior,10,10,20
T012,2026-03-09,10,20.0,0,8,0.2771262296407854,0.4693382792413343,0.9934509023341556,junior,15,10,25
T012,2026-03-09,10,20.0,0,8,0.2771262296407854,0.4693382792413343,0.9934509023341556,senior,10,7,17
T012,2026-03-16,11,20.0,0,8,0.2771262296407854,0.4693382792413343,0.9934509023341556,junior,10,10,20
T012,2026-03-16,11,20.0,0,8,0.2771262296407854,0.4693382792413343,0.9934509023341556,senior,3,11,14
T012,2026-03-23,12,20.0,0,8,0.2771262296407854,0.4693382792413343,0.9934509023341556,junior,11,18,29
T012,2026-03-23,12,20.0,0,8,0.2771262296407854,0.4693382792413343,0.9934509023341556,senior,14,12,26
T012,2026-03-30,13,20.0,0,8,0.2771262296407854,0.4693382792413343,0.9934509023341556,junior,11,16,27
T012,2026-03-30,13,20.0,0,8,0.2771262296407854,0.4693382792413343,0.9934509023341556,senior,9,11,20
T012,2026-04-06,14,20.0,0,8,0.2771262296407854,0.4693382792413343,0.9934509023341556,junior,9,13,22
T012,2026-04-06,14,20.0,0,8,0.2771262296407854,0.4693382792413343,0.9934509023341556,senior,7,8,15
T012,2026-04-13,15,20.0,0,8,0.2771262296407854,0.4693382792413343,0.9934509023341556,junior,11,17,28
T012,2026-04-13,15,20.0,0,8,0.2771262296407854,0.4693382792413343,0.9934509023341556,senior,7,11,18
T012,2026-04-20,16,20.0,0,8,0.2771262296407854,0.4693382792413343,0.9934509023341556,junior,9,16,25
T012,2026-04-20,16,20.0,0,8,0.2771262296407854,0.4693382792413343,0.9934509023341556,senior,3,13,16
T012,2026-04-27,17,20.0,0,8,0.2771262296407854,0.4693382792413343,0.9934509023341556,junior,13,10,23
T012,2026-04-27,17,20.0,0,8,0.2771262296407854,0.4693382792413343,0.9934509023341556,senior,9,10,19
T012,2026-05-04,18,20.0,0,8,0.2771262296407854,0.4693382792413343,0.9934509023341556,junior,10,14,24
T012,2026-05-04,18,20.0,0,8,0.2771262296407854,0.4693382792413343,0.9934509023341556,senior,5,9,14
T012,2026-05-11,19,20.0,0,8,0.2771262296407854,0.4693382792413343,0.9934509023341556,junior,13,23,36
T012,2026-05-11,19,20.0,0,8,0.2771262296407854,0.4693382792413343,0.9934509023341556,senior,9,13,22
T012,2026-05-18,20,20.0,1,8,0.2771262296407854,0.4693382792413343,0.9934509023341556,junior,16,22,38
T012,2026-05-18,20,20.0,1,8,0.2771262296407854,0.4693382792413343,0.9934509023341556,senior,7,4,11
T012,2026-05-25,21,20.0,1,8,0.2771262296407854,0.4693382792413343,0.9934509023341556,junior,21,21,42
T012,2026-05-25,21,20.0,1,8,0.2771262296407854,0.4693382792413343,0.9934509023341556,senior,5,6,11
T012,2026-06-01,22,20.0,1,8,0.2771262296407854,0.4693382792413343,0.9934509023341556,junior,18,28,46
T012,2026-06-01,22,20.0,1,8,0.2771262296407854,0.4693382792413343,0.9934509023341556,senior,7,11,18
T012,2026-06-08,23,20.0,1,8,0.2771262296407854,0.4693382792413343,0.9934509023341556,junior,18,20,38
T012,2026-06-08,23,20.0,1,8,0.2771262296407854,0.4693382792413343,0.9934509023341556,senior,12,10,22
T012,2026-06-15,24,20.0,1,8,0.2771262296407854,0.4693382792413343,0.9934509023341556,junior,13,24,37
T012,2026-06-15,24,20.0,1,8,0.2771262296407854,0.4693382792413343,0.9934509023341556,senior,8,11,19
T012,2026-06-22,25,20.0,1,8,0.2771262296407854,0.4693382792413343,0.9934509023341556,junior,12,16,28
T012,2026-06-22,25,20.0,1,8,0.2771262296407854,0.4693382792413343,0.9934509023341556,senior,11,12,23
T012,2026-06-29,26,20.0,1,8,0.2771262296407854,0.4693382792413343,0.9934509023341556,junior,17,22,39
T012,2026-06-29,26,20.0,1,8,0.2771262296407854,0.4693382792413343,0.9934509023341556,senior,7,14,21
T012,2026-07-06,27,20.0,1,8,0.2771262296407854,0.4693382792413343,0.9934509023341556,junior,18,10,28
T012,2026-07-06,27,20.0,1,8,0.2771262296407854,0.4693382792413343,0.9934509023341556,senior,5,8,13
T012,2026-07-13,28,20.0,1,8,0.2771262296407854,0.4693382792413343,0.9934509023341556,junior,10,20,30
T012,2026-07-13,28,20.0,1,8,0.2771262296407854,0.4693382792413343,0.9934509023341556,senior,9,13,22
T012,2026-07-20,29,20.0,1,8,0.2771262296407854,0.4693382792413343,0.9934509023341556,junior,19,20,39
T012,2026-07-20,29,20.0,1,8,0.2771262296407854,0.4693382792413343,0.9934509023341556,senior,13,13,26
T012,2026-07-27,30,20.0,1,8,0.2771262296407854,0.4693382792413343,0.9934509023341556,junior,11,20,31
T012,2026-07-27,30,20.0,1,8,0.2771262296407854,0.4693382792413343,0.9934509023341556,senior,4,8,12
T013,2026-01-05,1,12.0,0,6,0.5588953112474919,0.20530862682566814,0.27621786947105675,junior,2,5,7
T013,2026-01-05,1,12.0,0,6,0.5588953112474919,0.20530862682566814,0.27621786947105675,senior,10,2,12
T013,2026-01-12,2,12.0,0,6,0.5588953112474919,0.20530862682566814,0.27621786947105675,junior,5,3,8
T013,2026-01-12,2,12.0,0,6,0.5588953112474919,0.20530862682566814,0.27621786947105675,senior,2,7,9
T013,2026-01-19,3,12.0,0,6,0.5588953112474919,0.20530862682566814,0.27621786947105675,junior,6,7,13
T013,2026-01-19,3,12.0,0,6,0.5588953112474919,0.20530862682566814,0.27621786947105675,senior,6,16,22
T013,2026-01-26,4,12.0,0,6,0.5588953112474919,0.20530862682566814,0.27621786947105675,junior,5,2,7
T013,2026-01-26,4,12.0,0,6,0.5588953112474919,0.20530862682566814,0.27621786947105675,senior,5,7,12
T013,2026-02-02,5,12.0,0,6,0.5588953112474919,0.20530862682566814,0.27621786947105675,junior,4,3,7
T013,2026-02-02,5,12.0,0,6,0.5588953112474919,0.20530862682566814,0.27621786947105675,senior,7,5,12
T013,2026-02-09,6,12.0,0,6,0.5588953112474919,0.20530862682566814,0.27621786947105675,junior,5,7,12
T013,2026-02-09,6,12.0,0,6,0.5588953112474919,0.20530862682566814,0.27621786947105675,senior,3,10,13
T013,2026-02-16,7,12.0,0,6,0.5588953112474919,0.20530862682566814,0.27621786947105675,junior,3,7,10
T013,2026-02-16,7,12.0,0,6,0.5588953112474919,0.20530862682566814,0.27621786947105675,senior,1,5,6
T013,2026-02-23,8,12.0,0,6,0.5588953112474919,0.20530862682566814,0.27621786947105675,junior,5,9,14
T013,2026-02-23,8,12.0,0,6,0.5588953112474919,0.20530862682566814,0.27621786947105675,senior,12,5,17
T013,2026-03-02,9,12.0,0,6,0.5588953112474919,0.20530862682566814,0.27621786947105675,junior,2,4,6
T013,2026-03-02,9,12.0,0,6,0.5588953112474919,0.20530862682566814,0.27621786947105675,senior,4,11,15
T013,2026-03-09,10,12.0,0,6,0.5588953112474919,0.20530862682566814,0.27621786947105675,junior,7,0,7
T013,2026-03-09,10,12.0,0,6,0.5588953112474919,0.20530862682566814,0.27621786947105675,senior,10,12,22
T013,2026-03-16,11,12.0,0,6,0.5588953112474919,0.20530862682566814,0.27621786947105675,junior,8,4,12
T013,2026-03-16,11,12.0,0,6,0.5588953112474919,0.20530862682566814,0.27621786947105675,senior,13,11,24
T013,2026-03-23,12,12.0,1,6,0.5588953112474919,0.20530862682566814,0.27621786947105675,junior,4,4,8
T013,2026-03-23,12,12.0,1,6,0.5588953112474919,0.20530862682566814,0.27621786947105675,senior,9,6,15
T013,2026-03-30,13,12.0,1,6,0.5588953112474919,0.20530862682566814,0.27621786947105675,junior,5,6,11
T013,2026-03-30,13,12.0,1,6,0.5588953112474919,0.20530862682566814,0.27621786947105675,senior,9,13,22
T013,2026-04-06,14,12.0,1,6,0.5588953112474919,0.20530862682566814,0.27621786947105675,junior,3,6,9
T013,2026-04-06,14,12.0,1,6,0.5588953112474919,0.20530862682566814,0.27621786947105675,senior,5,9,14
T013,2026-04-13,15,12.0,1,6,0.5588953112474919,0.20530862682566814,0.27621786947105675,junior,4,3,7
T013,2026-04-13,15,12.0,1,6,0.5588953112474919,0.20530862682566814,0.27621786947105675,senior,4,8,12
T013,2026-04-20,16,12.0,1,6,0.5588953112474919,0.20530862682566814,0.27621786947105675,junior,3,6,9
T013,2026-04-20,16,12.0,1,6,0.5588953112474919,0.20530862682566814,0.27621786947105675,senior,8,11,19
T013,2026-04-27,17,12.0,1,6,0.5588953112474919,0.20530862682566814,0.27621786947105675,junior,7,7,14
T013,2026-04-27,17,12.0,1,6,0.5588953112474919,0.20530862682566814,0.27621786947105675,senior,4,4,8
T013,2026-05-04,18,12.0,1,6,0.5588953112474919,0.20530862682566814,0.27621786947105675,junior,5,4,9
T013,2026-05-04,18,12.0,1,6,0.5588953112474919,0.20530862682566814,0.27621786947105675,senior,12,6,18
T013,2026-05-11,19,12.0,1,6,0.5588953112474919,0.20530862682566814,0.27621786947105675,junior,7,6,13
T013,2026-05-11,19,12.0,1,6,0.5588953112474919,0.20530862682566814,0.27621786947105675,senior,11,6,17
T013,2026-05-18,20,12.0,1,6,0.5588953112474919,0.20530862682566814,0.27621786947105675,junior,7,9,16
T013,2026-05-18,20,12.0,1,6,0.5588953112474919,0.20530862682566814,0.27621786947105675,senior,9,5,14
T013,2026-05-25,21,12.0,1,6,0.5588953112474919,0.20530862682566814,0.27621786947105675,junior,7,7,14
T013,2026-05-25,21,12.0,1,6,0.5588953112474919,0.20530862682566814,0.27621786947105675,senior,2,8,10
T013,2026-06-01,22,12.0,1,6,0.5588953112474919,0.20530862682566814,0.27621786947105675,junior,7,8,15
T013,2026-06-01,22,12.0,1,6,0.5588953112474919,0.20530862682566814,0.27621786947105675,senior,7,4,11
T013,2026-06-08,23,12.0,1,6,0.5588953112474919,0.20530862682566814,0.27621786947105675,junior,7,8,15
T013,2026-06-08,23,12.0,1,6,0.5588953112474919,0.20530862682566814,0.27621786947105675,senior,14,8,22
T013,2026-06-15,24,12.0,1,6,0.5588953112474919,0.20530862682566814,0.27621786947105675,junior,7,5,12
T013,2026-06-15,24,12.0,1,6,0.5588953112474919,0.20530862682566814,0.27621786947105675,senior,11,8,19
T013,2026-06-22,25,12.0,1,6,0.5588953112474919,0.20530862682566814,0.27621786947105675,junior,2,6,8
T013,2026-06-22,25,12.0,1,6,0.5588953112474919,0.20530862682566814,0.27621786947105675,senior,6,5,11
T013,2026-06-29,26,12.0,1,6,0.5588953112474919,0.20530862682566814,0.27621786947105675,junior,7,3,10
T013,2026-06-29,26,12.0,1,6,0.5588953112474919,0.20530862682566814,0.27621786947105675,senior,7,10,17
T013,2026-07-06,27,12.0,1,6,0.5588953112474919,0.20530862682566814,0.27621786947105675,junior,6,5,11
T013,2026-07-06,27,12.0,1,6,0.5588953112474919,0.20530862682566814,0.27621786947105675,senior,5,8,13
T013,2026-07-13,28,12.0,1,6,0.5588953112474919,0.20530862682566814,0.27621786947105675,junior,4,4,8
T013,2026-07-13,28,12.0,1,6,0.5588953112474919,0.20530862682566814,0.27621786947105675,senior,9,9,18
T013,2026-07-20,29,12.0,1,6,0.5588953112474919,0.20530862682566814,0.27621786947105675,junior,6,3,9
T013,2026-07-20,29,12.0,1,6,0.5588953112474919,0.20530862682566814,0.27621786947105675,senior,10,9,19
T013,2026-07-27,30,12.0,1,6,0.5588953112474919,0.20530862682566814,0.27621786947105675,junior,7,6,13
T013,2026-07-27,30,12.0,1,6,0.5588953112474919,0.20530862682566814,0.27621786947105675,senior,8,12,20
T014,2026-01-05,1,,0,5,0.19451960637205135,0.5848934098174061,-0.2997493786437888,junior,6,4,10
T014,2026-01-05,1,,0,5,0.19451960637205135,0.5848934098174061,-0.2997493786437888,senior,11,6,17
T014,2026-01-12,2,,0,5,0.19451960637205135,0.5848934098174061,-0.2997493786437888,junior,9,10,19
T014,2026-01-12,2,,0,5,0.19451960637205135,0.5848934098174061,-0.2997493786437888,senior,7,4,11
T014,2026-01-19,3,,0,5,0.19451960637205135,0.5848934098174061,-0.2997493786437888,junior,9,19,28
T014,2026-01-19,3,,0,5,0.19451960637205135,0.5848934098174061,-0.2997493786437888,senior,1,2,3
T014,2026-01-26,4,,0,5,0.19451960637205135,0.5848934098174061,-0.2997493786437888,junior,3,11,14
T014,2026-01-26,4,,0,5,0.19451960637205135,0.5848934098174061,-0.2997493786437888,senior,6,1,7
T014,2026-02-02,5,,0,5,0.19451960637205135,0.5848934098174061,-0.2997493786437888,junior,7,11,18
T014,2026-02-02,5,,0,5,0.19451960637205135,0.5848934098174061,-0.2997493786437888,senior,5,5,10
T014,2026-02-09,6,,0,5,0.19451960637205135,0.5848934098174061,-0.2997493786437888,junior,4,8,12
T014,2026-02-09,6,,0,5,0.19451960637205135,0.5848934098174061,-0.2997493786437888,senior,6,3,9
T014,2026-02-16,7,,0,5,0.19451960637205135,0.5848934098174061,-0.2997493786437888,junior,4,9,13
T014,2026-02-16,7,,0,5,0.19451960637205135,0.5848934098174061,-0.2997493786437888,senior,5,8,13
T014,2026-02-23,8,,0,5,0.19451960637205135,0.5848934098174061,-0.2997493786437888,junior,6,6,12
T014,2026-02-23,8,,0,5,0.19451960637205135,0.5848934098174061,-0.2997493786437888,senior,8,7,15
T014,2026-03-02,9,,0,5,0.19451960637205135,0.5848934098174061,-0.2997493786437888,junior,7,5,12
T014,2026-03-02,9,,0,5,0.19451960637205135,0.5848934098174061,-0.2997493786437888,senior,2,4,6
T014,2026-03-09,10,,0,5,0.19451960637205135,0.5848934098174061,-0.2997493786437888,junior,6,5,11
T014,2026-03-09,10,,0,5,0.19451960637205135,0.5848934098174061,-0.2997493786437888,senior,3,6,9
T014,2026-03-16,11,,0,5,0.19451960637205135,0.5848934098174061,-0.2997493786437888,junior,11,12,23
T014,2026-03-16,11,,0,5,0.19451960637205135,0.5848934098174061,-0.2997493786437888,senior,2,6,8
T014,2026-03-23,12,,0,5,0.19451960637205135,0.5848934098174061,-0.2997493786437888,junior,6,7,13
T014,2026-03-23,12,,0,5,0.19451960637205135,0.5848934098174061,-0.2997493786437888,senior,5,4,9
T014,2026-03-30,13,,0,5,0.19451960637205135,0.5848934098174061,-0.2997493786437888,junior,5,8,13
T014,2026-03-30,13,,0,5,0.19451960637205135,0.5848934098174061,-0.2997493786437888,senior,6,5,11
T014,2026-04-06,14,,0,5,0.19451960637205135,0.5848934098174061,-0.2997493786437888,junior,6,12,18
T014,2026-04-06,14,,0,5,0.19451960637205135,0.5848934098174061,-0.2997493786437888,senior,6,1,7
T014,2026-04-13,15,,0,5,0.19451960637205135,0.5848934098174061,-0.2997493786437888,junior,4,10,14
T014,2026-04-13,15,,0,5,0.19451960637205135,0.5848934098174061,-0.2997493786437888,senior,3,4,7
T014,2026-04-20,16,,0,5,0.19451960637205135,0.5848934098174061,-0.2997493786437888,junior,9,7,16
T014,2026-04-20,16,,0,5,0.19451960637205135,0.5848934098174061,-0.2997493786437888,senior,4,6,10
T014,2026-04-27,17,,0,5,0.19451960637205135,0.5848934098174061,-0.2997493786437888,junior,6,5,11
T014,2026-04-27,17,,0,5,0.19451960637205135,0.5848934098174061,-0.2997493786437888,senior,3,6,9
T014,2026-05-04,18,,0,5,0.19451960637205135,0.5848934098174061,-0.2997493786437888,junior,6,7,13
T014,2026-05-04,18,,0,5,0.19451960637205135,0.5848934098174061,-0.2997493786437888,senior,3,4,7
T014,2026-05-11,19,,0,5,0.19451960637205135,0.5848934098174061,-0.2997493786437888,junior,6,6,12
T014,2026-05-11,19,,0,5,0.19451960637205135,0.5848934098174061,-0.2997493786437888,senior,4,3,7
T014,2026-05-18,20,,0,5,0.19451960637205135,0.5848934098174061,-0.2997493786437888,junior,4,12,16
T014,2026-05-18,20,,0,5,0.19451960637205135,0.5848934098174061,-0.2997493786437888,senior,2,7,9
T014,2026-05-25,21,,0,5,0.19451960637205135,0.5848934098174061,-0.2997493786437888,junior,11,2,13
T014,2026-05-25,21,,0,5,0.19451960637205135,0.5848934098174061,-0.2997493786437888,senior,8,5,13
T014,2026-06-01,22,,0,5,0.19451960637205135,0.5848934098174061,-0.2997493786437888,junior,5,5,10
T014,2026-06-01,22,,0,5,0.19451960637205135,0.5848934098174061,-0.2997493786437888,senior,5,4,9
T014,2026-06-08,23,,0,5,0.19451960637205135,0.5848934098174061,-0.2997493786437888,junior,6,8,14
T014,2026-06-08,23,,0,5,0.19451960637205135,0.5848934098174061,-0.2997493786437888,senior,1,4,5
T014,2026-06-15,24,,0,5,0.19451960637205135,0.5848934098174061,-0.2997493786437888,junior,8,9,17
T014,2026-06-15,24,,0,5,0.19451960637205135,0.5848934098174061,-0.2997493786437888,senior,5,0,5
T014,2026-06-22,25,,0,5,0.19451960637205135,0.5848934098174061,-0.2997493786437888,junior,11,7,18
T014,2026-06-22,25,,0,5,0.19451960637205135,0.5848934098174061,-0.2997493786437888,senior,2,6,8
T014,2026-06-29,26,,0,5,0.19451960637205135,0.5848934098174061,-0.2997493786437888,junior,14,11,25
T014,2026-06-29,26,,0,5,0.19451960637205135,0.5848934098174061,-0.2997493786437888,senior,1,7,8
T014,2026-07-06,27,,0,5,0.19451960637205135,0.5848934098174061,-0.2997493786437888,junior,3,10,13
T014,2026-07-06,27,,0,5,0.19451960637205135,0.5848934098174061,-0.2997493786437888,senior,1,2,3
T014,2026-07-13,28,,0,5,0.19451960637205135,0.5848934098174061,-0.2997493786437888,junior,5,5,10
T014,2026-07-13,28,,0,5,0.19451960637205135,0.5848934098174061,-0.2997493786437888,senior,5,8,13
T014,2026-07-20,29,,0,5,0.19451960637205135,0.5848934098174061,-0.2997493786437888,junior,5,6,11
T014,2026-07-20,29,,0,5,0.19451960637205135,0.5848934098174061,-0.2997493786437888,senior,0,2,2
T014,2026-07-27,30,,0,5,0.19451960637205135,0.5848934098174061,-0.2997493786437888,junior,7,5,12
T014,2026-07-27,30,,0,5,0.19451960637205135,0.5848934098174061,-0.2997493786437888,senior,5,10,15
T015,2026-01-05,1,,0,7,0.25994297232405456,0.8016524262872226,1.6464776194323587,junior,12,25,37
T015,2026-01-05,1,,0,7,0.25994297232405456,0.8016524262872226,1.6464776194323587,senior,7,4,11
T015,2026-01-12,2,,0,7,0.25994297232405456,0.8016524262872226,1.6464776194323587,junior,25,28,53
T015,2026-01-12,2,,0,7,0.25994297232405456,0.8016524262872226,1.6464776194323587,senior,8,6,14
T015,2026-01-19,3,,0,7,0.25994297232405456,0.8016524262872226,1.6464776194323587,junior,24,21,45
T015,2026-01-19,3,,0,7,0.25994297232405456,0.8016524262872226,1.6464776194323587,senior,7,6,13
T015,2026-01-26,4,,0,7,0.25994297232405456,0.8016524262872226,1.6464776194323587,junior,22,30,52
T015,2026-01-26,4,,0,7,0.25994297232405456,0.8016524262872226,1.6464776194323587,senior,8,4,12
T015,2026-02-02,5,,0,7,0.25994297232405456,0.8016524262872226,1.6464776194323587,junior,24,22,46
T015,2026-02-02,5,,0,7,0.25994297232405456,0.8016524262872226,1.6464776194323587,senior,3,5,8
T015,2026-02-09,6,,0,7,0.25994297232405456,0.8016524262872226,1.6464776194323587,junior,19,25,44
T015,2026-02-09,6,,0,7,0.25994297232405456,0.8016524262872226,1.6464776194323587,senior,4,9,13
T015,2026-02-16,7,,0,7,0.25994297232405456,0.8016524262872226,1.6464776194323587,junior,14,17,31
T015,2026-02-16,7,,0,7,0.25994297232405456,0.8016524262872226,1.6464776194323587,senior,3,9,12
T015,2026-02-23,8,,0,7,0.25994297232405456,0.8016524262872226,1.6464776194323587,junior,14,23,37
T015,2026-02-23,8,,0,7,0.25994297232405456,0.8016524262872226,1.6464776194323587,senior,7,4,11
T015,2026-03-02,9,,0,7,0.25994297232405456,0.8016524262872226,1.6464776194323587,junior,10,15,25
T015,2026-03-02,9,,0,7,0.25994297232405456,0.8016524262872226,1.6464776194323587,senior,5,5,10
T015,2026-03-09,10,,0,7,0.25994297232405456,0.8016524262872226,1.6464776194323587,junior,13,32,45
T015,2026-03-09,10,,0,7,0.25994297232405456,0.8016524262872226,1.6464776194323587,senior,5,6,11
T015,2026-03-16,11,,0,7,0.25994297232405456,0.8016524262872226,1.6464776194323587,junior,17,19,36
T015,2026-03-16,11,,0,7,0.25994297232405456,0.8016524262872226,1.6464776194323587,senior,10,7,17
T015,2026-03-23,12,,0,7,0.25994297232405456,0.8016524262872226,1.6464776194323587,junior,12,20,32
T015,2026-03-23,12,,0,7,0.25994297232405456,0.8016524262872226,1.6464776194323587,senior,4,6,10
T015,2026-03-30,13,,0,7,0.25994297232405456,0.8016524262872226,1.6464776194323587,junior,18,19,37
T015,2026-03-30,13,,0,7,0.25994297232405456,0.8016524262872226,1.6464776194323587,senior,5,6,11
T015,2026-04-06,14,,0,7,0.25994297232405456,0.8016524262872226,1.6464776194323587,junior,15,23,38
T015,2026-04-06,14,,0,7,0.25994297232405456,0.8016524262872226,1.6464776194323587,senior,5,9,14
T015,2026-04-13,15,,0,7,0.25994297232405456,0.8016524262872226,1.6464776194323587,junior,14,22,36
T015,2026-04-13,15,,0,7,0.25994297232405456,0.8016524262872226,1.6464776194323587,senior,5,3,8
T015,2026-04-20,16,,0,7,0.25994297232405456,0.8016524262872226,1.6464776194323587,junior,22,26,48
T015,2026-04-20,16,,0,7,0.25994297232405456,0.8016524262872226,1.6464776194323587,senior,5,7,12
T015,2026-04-27,17,,0,7,0.25994297232405456,0.8016524262872226,1.6464776194323587,junior,24,34,58
T015,2026-04-27,17,,0,7,0.25994297232405456,0.8016524262872226,1.6464776194323587,senior,3,8,11
T015,2026-05-04,18,,0,7,0.25994297232405456,0.8016524262872226,1.6464776194323587,junior,11,19,30
T015,2026-05-04,18,,0,7,0.25994297232405456,0.8016524262872226,1.6464776194323587,senior,4,2,6
T015,2026-05-11,19,,0,7,0.25994297232405456,0.8016524262872226,1.6464776194323587,junior,21,24,45
T015,2026-05-11,19,,0,7,0.25994297232405456,0.8016524262872226,1.6464776194323587,senior,6,10,16
T015,2026-05-18,20,,0,7,0.25994297232405456,0.8016524262872226,1.6464776194323587,junior,17,18,35
T015,2026-05-18,20,,0,7,0.25994297232405456,0.8016524262872226,1.6464776194323587,senior,1,2,3
T015,2026-05-25,21,,0,7,0.25994297232405456,0.8016524262872226,1.6464776194323587,junior,16,23,39
T015,2026-05-25,21,,0,7,0.25994297232405456,0.8016524262872226,1.6464776194323587,senior,2,8,10
T015,2026-06-01,22,,0,7,0.25994297232405456,0.8016524262872226,1.6464776194323587,junior,18,31,49
T015,2026-06-01,22,,0,7,0.25994297232405456,0.8016524262872226,1.6464776194323587,senior,3,4,7
T015,2026-06-08,23,,0,7,0.25994297232405456,0.8016524262872226,1.6464776194323587,junior,24,27,51
T015,2026-06-08,23,,0,7,0.25994297232405456,0.8016524262872226,1.6464776194323587,senior,3,5,8
T015,2026-06-15,24,,0,7,0.25994297232405456,0.8016524262872226,1.6464776194323587,junior,21,22,43
T015,2026-06-15,24,,0,7,0.25994297232405456,0.8016524262872226,1.6464776194323587,senior,4,7,11
T015,2026-06-22,25,,0,7,0.25994297232405456,0.8016524262872226,1.6464776194323587,junior,14,24,38
T015,2026-06-22,25,,0,7,0.25994297232405456,0.8016524262872226,1.6464776194323587,senior,6,3,9
T015,2026-06-29,26,,0,7,0.25994297232405456,0.8016524262872226,1.6464776194323587,junior,19,33,52
T015,2026-06-29,26,,0,7,0.25994297232405456,0.8016524262872226,1.6464776194323587,senior,2,8,10
T015,2026-07-06,27,,0,7,0.25994297232405456,0.8016524262872226,1.6464776194323587,junior,8,19,27
T015,2026-07-06,27,,0,7,0.25994297232405456,0.8016524262872226,1.6464776194323587,senior,2,4,6
T015,2026-07-13,28,,0,7,0.25994297232405456,0.8016524262872226,1.6464776194323587,junior,17,26,43
T015,2026-07-13,28,,0,7,0.25994297232405456,0.8016524262872226,1.6464776194323587,senior,9,5,14
T015,2026-07-20,29,,0,7,0.25994297232405456,0.8016524262872226,1.6464776194323587,junior,22,27,49
T015,2026-07-20,29,,0,7,0.25994297232405456,0.8016524262872226,1.6464776194323587,senior,3,8,11
T015,2026-07-27,30,,0,7,0.25994297232405456,0.8016524262872226,1.6464776194323587,junior,18,13,31
T015,2026-07-27,30,,0,7,0.25994297232405456,0.8016524262872226,1.6464776194323587,senior,4,4,8
T016,2026-01-05,1,,0,4,0.7990759981834519,0.4555895411788597,-0.43407645299791203,junior,4,4,8
T016,2026-01-05,1,,0,4,0.7990759981834519,0.4555895411788597,-0.43407645299791203,senior,2,7,9
T016,2026-01-12,2,,0,4,0.7990759981834519,0.4555895411788597,-0.43407645299791203,junior,3,2,5
T016,2026-01-12,2,,0,4,0.7990759981834519,0.4555895411788597,-0.43407645299791203,senior,3,4,7
T016,2026-01-19,3,,0,4,0.7990759981834519,0.4555895411788597,-0.43407645299791203,junior,7,4,11
T016,2026-01-19,3,,0,4,0.7990759981834519,0.4555895411788597,-0.43407645299791203,senior,4,3,7
T016,2026-01-26,4,,0,4,0.7990759981834519,0.4555895411788597,-0.43407645299791203,junior,3,7,10
T016,2026-01-26,4,,0,4,0.7990759981834519,0.4555895411788597,-0.43407645299791203,senior,2,2,4
T016,2026-02-02,5,,0,4,0.7990759981834519,0.4555895411788597,-0.43407645299791203,junior,3,3,6
T016,2026-02-02,5,,0,4,0.7990759981834519,0.4555895411788597,-0.43407645299791203,senior,1,6,7
T016,2026-02-09,6,,0,4,0.7990759981834519,0.4555895411788597,-0.43407645299791203,junior,3,4,7
T016,2026-02-09,6,,0,4,0.7990759981834519,0.4555895411788597,-0.43407645299791203,senior,6,3,9
T016,2026-02-16,7,,0,4,0.7990759981834519,0.4555895411788597,-0.43407645299791203,junior,4,2,6
T016,2026-02-16,7,,0,4,0.7990759981834519,0.4555895411788597,-0.43407645299791203,senior,4,4,8
T016,2026-02-23,8,,0,4,0.7990759981834519,0.4555895411788597,-0.43407645299791203,junior,2,1,3
T016,2026-02-23,8,,0,4,0.7990759981834519,0.4555895411788597,-0.43407645299791203,senior,3,5,8
T016,2026-03-02,9,,0,4,0.7990759981834519,0.4555895411788597,-0.43407645299791203,junior,3,2,5
T016,2026-03-02,9,,0,4,0.7990759981834519,0.4555895411788597,-0.43407645299791203,senior,3,5,8
T016,2026-03-09,10,,0,4,0.7990759981834519,0.4555895411788597,-0.43407645299791203,junior,3,4,7
T016,2026-03-09,10,,0,4,0.7990759981834519,0.4555895411788597,-0.43407645299791203,senior,6,7,13
T016,2026-03-16,11,,0,4,0.7990759981834519,0.4555895411788597,-0.43407645299791203,junior,3,6,9
T016,2026-03-16,11,,0,4,0.7990759981834519,0.4555895411788597,-0.43407645299791203,senior,2,5,7
T016,2026-03-23,12,,0,4,0.7990759981834519,0.4555895411788597,-0.43407645299791203,junior,1,3,4
T016,2026-03-23,12,,0,4,0.7990759981834519,0.4555895411788597,-0.43407645299791203,senior,4,5,9
T016,2026-03-30,13,,0,4,0.7990759981834519,0.4555895411788597,-0.43407645299791203,junior,2,8,10
T016,2026-03-30,13,,0,4,0.7990759981834519,0.4555895411788597,-0.43407645299791203,senior,5,2,7
T016,2026-04-06,14,,0,4,0.7990759981834519,0.4555895411788597,-0.43407645299791203,junior,3,4,7
T016,2026-04-06,14,,0,4,0.7990759981834519,0.4555895411788597,-0.43407645299791203,senior,6,4,10
T016,2026-04-13,15,,0,4,0.7990759981834519,0.4555895411788597,-0.43407645299791203,junior,5,6,11
T016,2026-04-13,15,,0,4,0.7990759981834519,0.4555895411788597,-0.43407645299791203,senior,6,6,12
T016,2026-04-20,16,,0,4,0.7990759981834519,0.4555895411788597,-0.43407645299791203,junior,3,3,6
T016,2026-04-20,16,,0,4,0.7990759981834519,0.4555895411788597,-0.43407645299791203,senior,4,8,12
T016,2026-04-27,17,,0,4,0.7990759981834519,0.4555895411788597,-0.43407645299791203,junior,6,2,8
T016,2026-04-27,17,,0,4,0.7990759981834519,0.4555895411788597,-0.43407645299791203,senior,4,4,8
T016,2026-05-04,18,,0,4,0.7990759981834519,0.4555895411788597,-0.43407645299791203,junior,2,3,5
T016,2026-05-04,18,,0,4,0.7990759981834519,0.4555895411788597,-0.43407645299791203,senior,6,7,13
T016,2026-05-11,19,,0,4,0.7990759981834519,0.4555895411788597,-0.43407645299791203,junior,5,4,9
T016,2026-05-11,19,,0,4,0.7990759981834519,0.4555895411788597,-0.43407645299791203,senior,4,4,8
T016,2026-05-18,20,,0,4,0.7990759981834519,0.4555895411788597,-0.43407645299791203,junior,2,2,4
T016,2026-05-18,20,,0,4,0.7990759981834519,0.4555895411788597,-0.43407645299791203,senior,6,5,11
T016,2026-05-25,21,,0,4,0.7990759981834519,0.4555895411788597,-0.43407645299791203,junior,8,3,11
T016,2026-05-25,21,,0,4,0.7990759981834519,0.4555895411788597,-0.43407645299791203,senior,2,10,12
T016,2026-06-01,22,,0,4,0.7990759981834519,0.4555895411788597,-0.43407645299791203,junior,5,0,5
T016,2026-06-01,22,,0,4,0.7990759981834519,0.4555895411788597,-0.43407645299791203,senior,5,6,11
T016,2026-06-08,23,,0,4,0.7990759981834519,0.4555895411788597,-0.43407645299791203,junior,4,1,5
T016,2026-06-08,23,,0,4,0.7990759981834519,0.4555895411788597,-0.43407645299791203,senior,7,5,12
T016,2026-06-15,24,,0,4,0.7990759981834519,0.4555895411788597,-0.43407645299791203,junior,3,4,7
T016,2026-06-15,24,,0,4,0.7990759981834519,0.4555895411788597,-0.43407645299791203,senior,3,2,5
T016,2026-06-22,25,,0,4,0.7990759981834519,0.4555895411788597,-0.43407645299791203,junior,4,5,9
T016,2026-06-22,25,,0,4,0.7990759981834519,0.4555895411788597,-0.43407645299791203,senior,2,5,7
T016,2026-06-29,26,,0,4,0.7990759981834519,0.4555895411788597,-0.43407645299791203,junior,1,3,4
T016,2026-06-29,26,,0,4,0.7990759981834519,0.4555895411788597,-0.43407645299791203,senior,5,4,9
T016,2026-07-06,27,,0,4,0.7990759981834519,0.4555895411788597,-0.43407645299791203,junior,1,8,9
T016,2026-07-06,27,,0,4,0.7990759981834519,0.4555895411788597,-0.43407645299791203,senior,5,5,10
T016,2026-07-13,28,,0,4,0.7990759981834519,0.4555895411788597,-0.43407645299791203,junior,4,7,11
T016,2026-07-13,28,,0,4,0.7990759981834519,0.4555895411788597,-0.43407645299791203,senior,4,6,10
T016,2026-07-20,29,,0,4,0.7990759981834519,0.4555895411788597,-0.43407645299791203,junior,0,3,3
T016,2026-07-20,29,,0,4,0.7990759981834519,0.4555895411788597,-0.43407645299791203,senior,9,11,20
T016,2026-07-27,30,,0,4,0.7990759981834519,0.4555895411788597,-0.43407645299791203,junior,1,2,3
T016,2026-07-27,30,,0,4,0.7990759981834519,0.4555895411788597,-0.43407645299791203,senior,3,4,7
T017,2026-01-05,1,14.0,0,9,0.3996204168839805,0.252527836157425,-0.5575187419940922,junior,3,13,16
T017,2026-01-05,1,14.0,0,9,0.3996204168839805,0.252527836157425,-0.5575187419940922,senior,10,14,24
T017,2026-01-12,2,14.0,0,9,0.3996204168839805,0.252527836157425,-0.5575187419940922,junior,3,6,9
T017,2026-01-12,2,14.0,0,9,0.3996204168839805,0.252527836157425,-0.5575187419940922,senior,5,5,10
T017,2026-01-19,3,14.0,0,9,0.3996204168839805,0.252527836157425,-0.5575187419940922,junior,2,5,7
T017,2026-01-19,3,14.0,0,9,0.3996204168839805,0.252527836157425,-0.5575187419940922,senior,7,6,13
T017,2026-01-26,4,14.0,0,9,0.3996204168839805,0.252527836157425,-0.5575187419940922,junior,6,5,11
T017,2026-01-26,4,14.0,0,9,0.3996204168839805,0.252527836157425,-0.5575187419940922,senior,10,10,20
T017,2026-02-02,5,14.0,0,9,0.3996204168839805,0.252527836157425,-0.5575187419940922,junior,2,8,10
T017,2026-02-02,5,14.0,0,9,0.3996204168839805,0.252527836157425,-0.5575187419940922,senior,10,14,24
T017,2026-02-09,6,14.0,0,9,0.3996204168839805,0.252527836157425,-0.5575187419940922,junior,8,7,15
T017,2026-02-09,6,14.0,0,9,0.3996204168839805,0.252527836157425,-0.5575187419940922,senior,3,15,18
T017,2026-02-16,7,14.0,0,9,0.3996204168839805,0.252527836157425,-0.5575187419940922,junior,4,5,9
T017,2026-02-16,7,14.0,0,9,0.3996204168839805,0.252527836157425,-0.5575187419940922,senior,13,7,20
T017,2026-02-23,8,14.0,0,9,0.3996204168839805,0.252527836157425,-0.5575187419940922,junior,4,3,7
T017,2026-02-23,8,14.0,0,9,0.3996204168839805,0.252527836157425,-0.5575187419940922,senior,8,10,18
T017,2026-03-02,9,14.0,0,9,0.3996204168839805,0.252527836157425,-0.5575187419940922,junior,3,6,9
T017,2026-03-02,9,14.0,0,9,0.3996204168839805,0.252527836157425,-0.5575187419940922,senior,7,10,17
T017,2026-03-09,10,14.0,0,9,0.3996204168839805,0.252527836157425,-0.5575187419940922,junior,4,7,11
T017,2026-03-09,10,14.0,0,9,0.3996204168839805,0.252527836157425,-0.5575187419940922,senior,5,12,17
T017,2026-03-16,11,14.0,0,9,0.3996204168839805,0.252527836157425,-0.5575187419940922,junior,1,3,4
T017,2026-03-16,11,14.0,0,9,0.3996204168839805,0.252527836157425,-0.5575187419940922,senior,5,14,19
T017,2026-03-23,12,14.0,0,9,0.3996204168839805,0.252527836157425,-0.5575187419940922,junior,2,8,10
T017,2026-03-23,12,14.0,0,9,0.3996204168839805,0.252527836157425,-0.5575187419940922,senior,4,9,13
T017,2026-03-30,13,14.0,0,9,0.3996204168839805,0.252527836157425,-0.5575187419940922,junior,4,1,5
T017,2026-03-30,13,14.0,0,9,0.3996204168839805,0.252527836157425,-0.5575187419940922,senior,6,13,19
T017,2026-04-06,14,14.0,1,9,0.3996204168839805,0.252527836157425,-0.5575187419940922,junior,9,6,15
T017,2026-04-06,14,14.0,1,9,0.3996204168839805,0.252527836157425,-0.5575187419940922,senior,3,14,17
T017,2026-04-13,15,14.0,1,9,0.3996204168839805,0.252527836157425,-0.5575187419940922,junior,7,8,15
T017,2026-04-13,15,14.0,1,9,0.3996204168839805,0.252527836157425,-0.5575187419940922,senior,5,6,11
T017,2026-04-20,16,14.0,1,9,0.3996204168839805,0.252527836157425,-0.5575187419940922,junior,10,12,22
T017,2026-04-20,16,14.0,1,9,0.3996204168839805,0.252527836157425,-0.5575187419940922,senior,5,9,14
T017,2026-04-27,17,14.0,1,9,0.3996204168839805,0.252527836157425,-0.5575187419940922,junior,8,10,18
T017,2026-04-27,17,14.0,1,9,0.3996204168839805,0.252527836157425,-0.5575187419940922,senior,5,8,13
T017,2026-05-04,18,14.0,1,9,0.3996204168839805,0.252527836157425,-0.5575187419940922,junior,8,2,10
T017,2026-05-04,18,14.0,1,9,0.3996204168839805,0.252527836157425,-0.5575187419940922,senior,4,13,17
T017,2026-05-11,19,14.0,1,9,0.3996204168839805,0.252527836157425,-0.5575187419940922,junior,5,10,15
T017,2026-05-11,19,14.0,1,9,0.3996204168839805,0.252527836157425,-0.5575187419940922,senior,11,13,24
T017,2026-05-18,20,14.0,1,9,0.3996204168839805,0.252527836157425,-0.5575187419940922,junior,5,9,14
T017,2026-05-18,20,14.0,1,9,0.3996204168839805,0.252527836157425,-0.5575187419940922,senior,2,13,15
T017,2026-05-25,21,14.0,1,9,0.3996204168839805,0.252527836157425,-0.5575187419940922,junior,9,12,21
T017,2026-05-25,21,14.0,1,9,0.3996204168839805,0.252527836157425,-0.5575187419940922,senior,9,16,25
T017,2026-06-01,22,14.0,1,9,0.3996204168839805,0.252527836157425,-0.5575187419940922,junior,4,9,13
T017,2026-06-01,22,14.0,1,9,0.3996204168839805,0.252527836157425,-0.5575187419940922,senior,6,7,13
T017,2026-06-08,23,14.0,1,9,0.3996204168839805,0.252527836157425,-0.5575187419940922,junior,5,12,17
T017,2026-06-08,23,14.0,1,9,0.3996204168839805,0.252527836157425,-0.5575187419940922,senior,10,8,18
T017,2026-06-15,24,14.0,1,9,0.3996204168839805,0.252527836157425,-0.5575187419940922,junior,7,9,16
T017,2026-06-15,24,14.0,1,9,0.3996204168839805,0.252527836157425,-0.5575187419940922,senior,8,6,14
T017,2026-06-22,25,14.0,1,9,0.3996204168839805,0.252527836157425,-0.5575187419940922,junior,2,7,9
T017,2026-06-22,25,14.0,1,9,0.3996204168839805,0.252527836157425,-0.5575187419940922,senior,10,4,14
T017,2026-06-29,26,14.0,1,9,0.3996204168839805,0.252527836157425,-0.5575187419940922,junior,6,7,13
T017,2026-06-29,26,14.0,1,9,0.3996204168839805,0.252527836157425,-0.5575187419940922,senior,6,14,20
T017,2026-07-06,27,14.0,1,9,0.3996204168839805,0.252527836157425,-0.5575187419940922,junior,4,9,13
T017,2026-07-06,27,14.0,1,9,0.3996204168839805,0.252527836157425,-0.5575187419940922,senior,6,11,17
T017,2026-07-13,28,14.0,1,9,0.3996204168839805,0.252527836157425,-0.5575187419940922,junior,6,2,8
T017,2026-07-13,28,14.0,1,9,0.3996204168839805,0.252527836157425,-0.5575187419940922,senior,8,14,22
T017,2026-07-20,29,14.0,1,9,0.3996204168839805,0.252527836157425,-0.5575187419940922,junior,6,7,13
T017,2026-07-20,29,14.0,1,9,0.3996204168839805,0.252527836157425,-0.5575187419940922,senior,6,6,12
T017,2026-07-27,30,14.0,1,9,0.3996204168839805,0.252527836157425,-0.5575187419940922,junior,10,5,15
T017,2026-07-27,30,14.0,1,9,0.3996204168839805,0.252527836157425,-0.5575187419940922,senior,13,8,21
T018,2026-01-05,1,,0,5,0.7082746942699158,0.5133074166488544,-0.5292605142531779,junior,4,6,10
T018,2026-01-05,1,,0,5,0.7082746942699158,0.5133074166488544,-0.5292605142531779,senior,3,3,6
T018,2026-01-12,2,,0,5,0.7082746942699158,0.5133074166488544,-0.5292605142531779,junior,2,5,7
T018,2026-01-12,2,,0,5,0.7082746942699158,0.5133074166488544,-0.5292605142531779,senior,6,5,11
T018,2026-01-19,3,,0,5,0.7082746942699158,0.5133074166488544,-0.5292605142531779,junior,4,4,8
T018,2026-01-19,3,,0,5,0.7082746942699158,0.5133074166488544,-0.5292605142531779,senior,0,8,8
T018,2026-01-26,4,,0,5,0.7082746942699158,0.5133074166488544,-0.5292605142531779,junior,5,4,9
T018,2026-01-26,4,,0,5,0.7082746942699158,0.5133074166488544,-0.5292605142531779,senior,4,6,10
T018,2026-02-02,5,,0,5,0.7082746942699158,0.5133074166488544,-0.5292605142531779,junior,7,5,12
T018,2026-02-02,5,,0,5,0.7082746942699158,0.5133074166488544,-0.5292605142531779,senior,4,2,6
T018,2026-02-09,6,,0,5,0.7082746942699158,0.5133074166488544,-0.5292605142531779,junior,3,3,6
T018,2026-02-09,6,,0,5,0.7082746942699158,0.5133074166488544,-0.5292605142531779,senior,3,4,7
T018,2026-02-16,7,,0,5,0.7082746942699158,0.5133074166488544,-0.5292605142531779,junior,1,2,3
T018,2026-02-16,7,,0,5,0.7082746942699158,0.5133074166488544,-0.5292605142531779,senior,5,4,9
T018,2026-02-23,8,,0,5,0.7082746942699158,0.5133074166488544,-0.5292605142531779,junior,7,5,12
T018,2026-02-23,8,,0,5,0.7082746942699158,0.5133074166488544,-0.5292605142531779,senior,6,4,10
T018,2026-03-02,9,,0,5,0.7082746942699158,0.5133074166488544,-0.5292605142531779,junior,1,6,7
T018,2026-03-02,9,,0,5,0.7082746942699158,0.5133074166488544,-0.5292605142531779,senior,4,7,11
T018,2026-03-09,10,,0,5,0.7082746942699158,0.5133074166488544,-0.5292605142531779,junior,1,6,7
T018,2026-03-09,10,,0,5,0.7082746942699158,0.5133074166488544,-0.5292605142531779,senior,6,6,12
T018,2026-03-16,11,,0,5,0.7082746942699158,0.5133074166488544,-0.5292605142531779,junior,0,2,2
T018,2026-03-16,11,,0,5,0.7082746942699158,0.5133074166488544,-0.5292605142531779,senior,4,4,8
T018,2026-03-23,12,,0,5,0.7082746942699158,0.5133074166488544,-0.5292605142531779,junior,3,8,11
T018,2026-03-23,12,,0,5,0.7082746942699158,0.5133074166488544,-0.5292605142531779,senior,7,3,10
T018,2026-03-30,13,,0,5,0.7082746942699158,0.5133074166488544,-0.5292605142531779,junior,5,2,7
T018,2026-03-30,13,,0,5,0.7082746942699158,0.5133074166488544,-0.5292605142531779,senior,3,4,7
T018,2026-04-06,14,,0,5,0.7082746942699158,0.5133074166488544,-0.5292605142531779,junior,3,3,6
T018,2026-04-06,14,,0,5,0.7082746942699158,0.5133074166488544,-0.5292605142531779,senior,6,6,12
T018,2026-04-13,15,,0,5,0.7082746942699158,0.5133074166488544,-0.5292605142531779,junior,1,3,4
T018,2026-04-13,15,,0,5,0.7082746942699158,0.5133074166488544,-0.5292605142531779,senior,4,8,12
T018,2026-04-20,16,,0,5,0.7082746942699158,0.5133074166488544,-0.5292605142531779,junior,4,3,7
T018,2026-04-20,16,,0,5,0.7082746942699158,0.5133074166488544,-0.5292605142531779,senior,3,8,11
T018,2026-04-27,17,,0,5,0.7082746942699158,0.5133074166488544,-0.5292605142531779,junior,5,4,9
T018,2026-04-27,17,,0,5,0.7082746942699158,0.5133074166488544,-0.5292605142531779,senior,9,4,13
T018,2026-05-04,18,,0,5,0.7082746942699158,0.5133074166488544,-0.5292605142531779,junior,2,4,6
T018,2026-05-04,18,,0,5,0.7082746942699158,0.5133074166488544,-0.5292605142531779,senior,6,5,11
T018,2026-05-11,19,,0,5,0.7082746942699158,0.5133074166488544,-0.5292605142531779,junior,2,1,3
T018,2026-05-11,19,,0,5,0.7082746942699158,0.5133074166488544,-0.5292605142531779,senior,7,6,13
T018,2026-05-18,20,,0,5,0.7082746942699158,0.5133074166488544,-0.5292605142531779,junior,4,2,6
T018,2026-05-18,20,,0,5,0.7082746942699158,0.5133074166488544,-0.5292605142531779,senior,13,6,19
T018,2026-05-25,21,,0,5,0.7082746942699158,0.5133074166488544,-0.5292605142531779,junior,3,3,6
T018,2026-05-25,21,,0,5,0.7082746942699158,0.5133074166488544,-0.5292605142531779,senior,1,6,7
T018,2026-06-01,22,,0,5,0.7082746942699158,0.5133074166488544,-0.5292605142531779,junior,5,5,10
T018,2026-06-01,22,,0,5,0.7082746942699158,0.5133074166488544,-0.5292605142531779,senior,6,5,11
T018,2026-06-08,23,,0,5,0.7082746942699158,0.5133074166488544,-0.5292605142531779,junior,2,5,7
T018,2026-06-08,23,,0,5,0.7082746942699158,0.5133074166488544,-0.5292605142531779,senior,2,8,10
T018,2026-06-15,24,,0,5,0.7082746942699158,0.5133074166488544,-0.5292605142531779,junior,3,6,9
T018,2026-06-15,24,,0,5,0.7082746942699158,0.5133074166488544,-0.5292605142531779,senior,4,1,5
T018,2026-06-22,25,,0,5,0.7082746942699158,0.5133074166488544,-0.5292605142531779,junior,6,4,10
T018,2026-06-22,25,,0,5,0.7082746942699158,0.5133074166488544,-0.5292605142531779,senior,3,3,6
T018,2026-06-29,26,,0,5,0.7082746942699158,0.5133074166488544,-0.5292605142531779,junior,1,4,5
T018,2026-06-29,26,,0,5,0.7082746942699158,0.5133074166488544,-0.5292605142531779,senior,4,3,7
T018,2026-07-06,27,,0,5,0.7082746942699158,0.5133074166488544,-0.5292605142531779,junior,1,3,4
T018,2026-07-06,27,,0,5,0.7082746942699158,0.5133074166488544,-0.5292605142531779,senior,8,9,17
T018,2026-07-13,28,,0,5,0.7082746942699158,0.5133074166488544,-0.5292605142531779,junior,3,4,7
T018,2026-07-13,28,,0,5,0.7082746942699158,0.5133074166488544,-0.5292605142531779,senior,4,2,6
T018,2026-07-20,29,,0,5,0.7082746942699158,0.5133074166488544,-0.5292605142531779,junior,1,5,6
T018,2026-07-20,29,,0,5,0.7082746942699158,0.5133074166488544,-0.5292605142531779,senior,5,1,6
T018,2026-07-27,30,,0,5,0.7082746942699158,0.5133074166488544,-0.5292605142531779,junior,4,2,6
T018,2026-07-27,30,,0,5,0.7082746942699158,0.5133074166488544,-0.5292605142531779,senior,5,5,10
T019,2026-01-05,1,,0,11,0.5917222599460938,0.6560950402240489,-0.8393999136754184,junior,6,8,14
T019,2026-01-05,1,,0,11,0.5917222599460938,0.6560950402240489,-0.8393999136754184,senior,3,6,9
T019,2026-01-12,2,,0,11,0.5917222599460938,0.6560950402240489,-0.8393999136754184,junior,7,8,15
T019,2026-01-12,2,,0,11,0.5917222599460938,0.6560950402240489,-0.8393999136754184,senior,5,8,13
T019,2026-01-19,3,,0,11,0.5917222599460938,0.6560950402240489,-0.8393999136754184,junior,6,6,12
T019,2026-01-19,3,,0,11,0.5917222599460938,0.6560950402240489,-0.8393999136754184,senior,3,4,7
T019,2026-01-26,4,,0,11,0.5917222599460938,0.6560950402240489,-0.8393999136754184,junior,7,9,16
T019,2026-01-26,4,,0,11,0.5917222599460938,0.6560950402240489,-0.8393999136754184,senior,9,4,13
T019,2026-02-02,5,,0,11,0.5917222599460938,0.6560950402240489,-0.8393999136754184,junior,7,11,18
T019,2026-02-02,5,,0,11,0.5917222599460938,0.6560950402240489,-0.8393999136754184,senior,10,4,14
T019,2026-02-09,6,,0,11,0.5917222599460938,0.6560950402240489,-0.8393999136754184,junior,1,3,4
T019,2026-02-09,6,,0,11,0.5917222599460938,0.6560950402240489,-0.8393999136754184,senior,8,4,12
T019,2026-02-16,7,,0,11,0.5917222599460938,0.6560950402240489,-0.8393999136754184,junior,7,16,23
T019,2026-02-16,7,,0,11,0.5917222599460938,0.6560950402240489,-0.8393999136754184,senior,7,4,11
T019,2026-02-23,8,,0,11,0.5917222599460938,0.6560950402240489,-0.8393999136754184,junior,3,6,9
T019,2026-02-23,8,,0,11,0.5917222599460938,0.6560950402240489,-0.8393999136754184,senior,7,8,15
T019,2026-03-02,9,,0,11,0.5917222599460938,0.6560950402240489,-0.8393999136754184,junior,3,9,12
T019,2026-03-02,9,,0,11,0.5917222599460938,0.6560950402240489,-0.8393999136754184,senior,3,5,8
T019,2026-03-09,10,,0,11,0.5917222599460938,0.6560950402240489,-0.8393999136754184,junior,6,8,14
T019,2026-03-09,10,,0,11,0.5917222599460938,0.6560950402240489,-0.8393999136754184,senior,9,8,17
T019,2026-03-16,11,,0,11,0.5917222599460938,0.6560950402240489,-0.8393999136754184,junior,10,8,18
T019,2026-03-16,11,,0,11,0.5917222599460938,0.6560950402240489,-0.8393999136754184,senior,5,9,14
T019,2026-03-23,12,,0,11,0.5917222599460938,0.6560950402240489,-0.8393999136754184,junior,5,9,14
T019,2026-03-23,12,,0,11,0.5917222599460938,0.6560950402240489,-0.8393999136754184,senior,7,7,14
T019,2026-03-30,13,,0,11,0.5917222599460938,0.6560950402240489,-0.8393999136754184,junior,7,6,13
T019,2026-03-30,13,,0,11,0.5917222599460938,0.6560950402240489,-0.8393999136754184,senior,7,8,15
T019,2026-04-06,14,,0,11,0.5917222599460938,0.6560950402240489,-0.8393999136754184,junior,11,9,20
T019,2026-04-06,14,,0,11,0.5917222599460938,0.6560950402240489,-0.8393999136754184,senior,11,3,14
T019,2026-04-13,15,,0,11,0.5917222599460938,0.6560950402240489,-0.8393999136754184,junior,7,8,15
T019,2026-04-13,15,,0,11,0.5917222599460938,0.6560950402240489,-0.8393999136754184,senior,5,10,15
T019,2026-04-20,16,,0,11,0.5917222599460938,0.6560950402240489,-0.8393999136754184,junior,4,7,11
T019,2026-04-20,16,,0,11,0.5917222599460938,0.6560950402240489,-0.8393999136754184,senior,5,7,12
T019,2026-04-27,17,,0,11,0.5917222599460938,0.6560950402240489,-0.8393999136754184,junior,7,8,15
T019,2026-04-27,17,,0,11,0.5917222599460938,0.6560950402240489,-0.8393999136754184,senior,4,4,8
T019,2026-05-04,18,,0,11,0.5917222599460938,0.6560950402240489,-0.8393999136754184,junior,8,5,13
T019,2026-05-04,18,,0,11,0.5917222599460938,0.6560950402240489,-0.8393999136754184,senior,6,6,12
T019,2026-05-11,19,,0,11,0.5917222599460938,0.6560950402240489,-0.8393999136754184,junior,11,6,17
T019,2026-05-11,19,,0,11,0.5917222599460938,0.6560950402240489,-0.8393999136754184,senior,4,4,8
T019,2026-05-18,20,,0,11,0.5917222599460938,0.6560950402240489,-0.8393999136754184,junior,6,15,21
T019,2026-05-18,20,,0,11,0.5917222599460938,0.6560950402240489,-0.8393999136754184,senior,5,3,8
T019,2026-05-25,21,,0,11,0.5917222599460938,0.6560950402240489,-0.8393999136754184,junior,8,7,15
T019,2026-05-25,21,,0,11,0.5917222599460938,0.6560950402240489,-0.8393999136754184,senior,5,5,10
T019,2026-06-01,22,,0,11,0.5917222599460938,0.6560950402240489,-0.8393999136754184,junior,5,7,12
T019,2026-06-01,22,,0,11,0.5917222599460938,0.6560950402240489,-0.8393999136754184,senior,3,5,8
T019,2026-06-08,23,,0,11,0.5917222599460938,0.6560950402240489,-0.8393999136754184,junior,4,7,11
T019,2026-06-08,23,,0,11,0.5917222599460938,0.6560950402240489,-0.8393999136754184,senior,6,6,12
T019,2026-06-15,24,,0,11,0.5917222599460938,0.6560950402240489,-0.8393999136754184,junior,11,9,20
T019,2026-06-15,24,,0,11,0.5917222599460938,0.6560950402240489,-0.8393999136754184,senior,7,8,15
T019,2026-06-22,25,,0,11,0.5917222599460938,0.6560950402240489,-0.8393999136754184,junior,8,7,15
T019,2026-06-22,25,,0,11,0.5917222599460938,0.6560950402240489,-0.8393999136754184,senior,7,12,19
T019,2026-06-29,26,,0,11,0.5917222599460938,0.6560950402240489,-0.8393999136754184,junior,8,5,13
T019,2026-06-29,26,,0,11,0.5917222599460938,0.6560950402240489,-0.8393999136754184,senior,7,2,9
T019,2026-07-06,27,,0,11,0.5917222599460938,0.6560950402240489,-0.8393999136754184,junior,6,6,12
T019,2026-07-06,27,,0,11,0.5917222599460938,0.6560950402240489,-0.8393999136754184,senior,10,6,16
T019,2026-07-13,28,,0,11,0.5917222599460938,0.6560950402240489,-0.8393999136754184,junior,5,6,11
T019,2026-07-13,28,,0,11,0.5917222599460938,0.6560950402240489,-0.8393999136754184,senior,2,5,7
T019,2026-07-20,29,,0,11,0.5917222599460938,0.6560950402240489,-0.8393999136754184,junior,11,7,18
T019,2026-07-20,29,,0,11,0.5917222599460938,0.6560950402240489,-0.8393999136754184,senior,3,3,6
T019,2026-07-27,30,,0,11,0.5917222599460938,0.6560950402240489,-0.8393999136754184,junior,1,11,12
T019,2026-07-27,30,,0,11,0.5917222599460938,0.6560950402240489,-0.8393999136754184,senior,4,12,16
T020,2026-01-05,1,11.0,0,7,0.6157824913131725,0.39955547082811677,-0.3919168888927796,junior,1,8,9
T020,2026-01-05,1,11.0,0,7,0.6157824913131725,0.39955547082811677,-0.3919168888927796,senior,4,7,11
T020,2026-01-12,2,11.0,0,7,0.6157824913131725,0.39955547082811677,-0.3919168888927796,junior,7,5,12
T020,2026-01-12,2,11.0,0,7,0.6157824913131725,0.39955547082811677,-0.3919168888927796,senior,5,1,6
T020,2026-01-19,3,11.0,0,7,0.6157824913131725,0.39955547082811677,-0.3919168888927796,junior,4,10,14
T020,2026-01-19,3,11.0,0,7,0.6157824913131725,0.39955547082811677,-0.3919168888927796,senior,2,9,11
T020,2026-01-26,4,11.0,0,7,0.6157824913131725,0.39955547082811677,-0.3919168888927796,junior,5,6,11
T020,2026-01-26,4,11.0,0,7,0.6157824913131725,0.39955547082811677,-0.3919168888927796,senior,6,8,14
T020,2026-02-02,5,11.0,0,7,0.6157824913131725,0.39955547082811677,-0.3919168888927796,junior,3,4,7
T020,2026-02-02,5,11.0,0,7,0.6157824913131725,0.39955547082811677,-0.3919168888927796,senior,3,7,10
T020,2026-02-09,6,11.0,0,7,0.6157824913131725,0.39955547082811677,-0.3919168888927796,junior,3,3,6
T020,2026-02-09,6,11.0,0,7,0.6157824913131725,0.39955547082811677,-0.3919168888927796,senior,9,7,16
T020,2026-02-16,7,11.0,0,7,0.6157824913131725,0.39955547082811677,-0.3919168888927796,junior,5,1,6
T020,2026-02-16,7,11.0,0,7,0.6157824913131725,0.39955547082811677,-0.3919168888927796,senior,4,10,14
T020,2026-02-23,8,11.0,0,7,0.6157824913131725,0.39955547082811677,-0.3919168888927796,junior,4,5,9
T020,2026-02-23,8,11.0,0,7,0.6157824913131725,0.39955547082811677,-0.3919168888927796,senior,5,6,11
T020,2026-03-02,9,11.0,0,7,0.6157824913131725,0.39955547082811677,-0.3919168888927796,junior,2,5,7
T020,2026-03-02,9,11.0,0,7,0.6157824913131725,0.39955547082811677,-0.3919168888927796,senior,5,9,14
T020,2026-03-09,10,11.0,0,7,0.6157824913131725,0.39955547082811677,-0.3919168888927796,junior,3,3,6
T020,2026-03-09,10,11.0,0,7,0.6157824913131725,0.39955547082811677,-0.3919168888927796,senior,7,7,14
T020,2026-03-16,11,11.0,1,7,0.6157824913131725,0.39955547082811677,-0.3919168888927796,junior,4,6,10
T020,2026-03-16,11,11.0,1,7,0.6157824913131725,0.39955547082811677,-0.3919168888927796,senior,3,7,10
T020,2026-03-23,12,11.0,1,7,0.6157824913131725,0.39955547082811677,-0.3919168888927796,junior,2,2,4
T020,2026-03-23,12,11.0,1,7,0.6157824913131725,0.39955547082811677,-0.3919168888927796,senior,5,7,12
T020,2026-03-30,13,11.0,1,7,0.6157824913131725,0.39955547082811677,-0.3919168888927796,junior,3,2,5
T020,2026-03-30,13,11.0,1,7,0.6157824913131725,0.39955547082811677,-0.3919168888927796,senior,6,5,11
T020,2026-04-06,14,11.0,1,7,0.6157824913131725,0.39955547082811677,-0.3919168888927796,junior,4,6,10
T020,2026-04-06,14,11.0,1,7,0.6157824913131725,0.39955547082811677,-0.3919168888927796,senior,5,8,13
T020,2026-04-13,15,11.0,1,7,0.6157824913131725,0.39955547082811677,-0.3919168888927796,junior,2,5,7
T020,2026-04-13,15,11.0,1,7,0.6157824913131725,0.39955547082811677,-0.3919168888927796,senior,2,8,10
T020,2026-04-20,16,11.0,1,7,0.6157824913131725,0.39955547082811677,-0.3919168888927796,junior,7,7,14
T020,2026-04-20,16,11.0,1,7,0.6157824913131725,0.39955547082811677,-0.3919168888927796,senior,7,10,17
T020,2026-04-27,17,11.0,1,7,0.6157824913131725,0.39955547082811677,-0.3919168888927796,junior,6,6,12
T020,2026-04-27,17,11.0,1,7,0.6157824913131725,0.39955547082811677,-0.3919168888927796,senior,5,5,10
T020,2026-05-04,18,11.0,1,7,0.6157824913131725,0.39955547082811677,-0.3919168888927796,junior,2,8,10
T020,2026-05-04,18,11.0,1,7,0.6157824913131725,0.39955547082811677,-0.3919168888927796,senior,5,5,10
T020,2026-05-11,19,11.0,1,7,0.6157824913131725,0.39955547082811677,-0.3919168888927796,junior,5,6,11
T020,2026-05-11,19,11.0,1,7,0.6157824913131725,0.39955547082811677,-0.3919168888927796,senior,3,8,11
T020,2026-05-18,20,11.0,1,7,0.6157824913131725,0.39955547082811677,-0.3919168888927796,junior,10,9,19
T020,2026-05-18,20,11.0,1,7,0.6157824913131725,0.39955547082811677,-0.3919168888927796,senior,1,6,7
T020,2026-05-25,21,11.0,1,7,0.6157824913131725,0.39955547082811677,-0.3919168888927796,junior,2,5,7
T020,2026-05-25,21,11.0,1,7,0.6157824913131725,0.39955547082811677,-0.3919168888927796,senior,10,7,17
T020,2026-06-01,22,11.0,1,7,0.6157824913131725,0.39955547082811677,-0.3919168888927796,junior,7,8,15
T020,2026-06-01,22,11.0,1,7,0.6157824913131725,0.39955547082811677,-0.3919168888927796,senior,4,6,10
T020,2026-06-08,23,11.0,1,7,0.6157824913131725,0.39955547082811677,-0.3919168888927796,junior,4,5,9
T020,2026-06-08,23,11.0,1,7,0.6157824913131725,0.39955547082811677,-0.3919168888927796,senior,7,8,15
T020,2026-06-15,24,11.0,1,7,0.6157824913131725,0.39955547082811677,-0.3919168888927796,junior,7,3,10
T020,2026-06-15,24,11.0,1,7,0.6157824913131725,0.39955547082811677,-0.3919168888927796,senior,9,9,18
T020,2026-06-22,25,11.0,1,7,0.6157824913131725,0.39955547082811677,-0.3919168888927796,junior,2,12,14
T020,2026-06-22,25,11.0,1,7,0.6157824913131725,0.39955547082811677,-0.3919168888927796,senior,5,7,12
T020,2026-06-29,26,11.0,1,7,0.6157824913131725,0.39955547082811677,-0.3919168888927796,junior,2,7,9
T020,2026-06-29,26,11.0,1,7,0.6157824913131725,0.39955547082811677,-0.3919168888927796,senior,6,12,18
T020,2026-07-06,27,11.0,1,7,0.6157824913131725,0.39955547082811677,-0.3919168888927796,junior,4,10,14
T020,2026-07-06,27,11.0,1,7,0.6157824913131725,0.39955547082811677,-0.3919168888927796,senior,2,9,11
T020,2026-07-13,28,11.0,1,7,0.6157824913131725,0.39955547082811677,-0.3919168888927796,junior,12,3,15
T020,2026-07-13,28,11.0,1,7,0.6157824913131725,0.39955547082811677,-0.3919168888927796,senior,8,7,15
T020,2026-07-20,29,11.0,1,7,0.6157824913131725,0.39955547082811677,-0.3919168888927796,junior,2,5,7
T020,2026-07-20,29,11.0,1,7,0.6157824913131725,0.39955547082811677,-0.3919168888927796,senior,6,11,17
T020,2026-07-27,30,11.0,1,7,0.6157824913131725,0.39955547082811677,-0.3919168888927796,junior,2,4,6
T020,2026-07-27,30,11.0,1,7,0.6157824913131725,0.39955547082811677,-0.3919168888927796,senior,6,5,11
T021,2026-01-05,1,,0,10,0.5449926604332402,0.7372265528013446,1.1416187024728472,junior,13,14,27
T021,2026-01-05,1,,0,10,0.5449926604332402,0.7372265528013446,1.1416187024728472,senior,4,5,9
T021,2026-01-12,2,,0,10,0.5449926604332402,0.7372265528013446,1.1416187024728472,junior,18,23,41
T021,2026-01-12,2,,0,10,0.5449926604332402,0.7372265528013446,1.1416187024728472,senior,7,8,15
T021,2026-01-19,3,,0,10,0.5449926604332402,0.7372265528013446,1.1416187024728472,junior,21,17,38
T021,2026-01-19,3,,0,10,0.5449926604332402,0.7372265528013446,1.1416187024728472,senior,5,5,10
T021,2026-01-26,4,,0,10,0.5449926604332402,0.7372265528013446,1.1416187024728472,junior,12,20,32
T021,2026-01-26,4,,0,10,0.5449926604332402,0.7372265528013446,1.1416187024728472,senior,8,10,18
T021,2026-02-02,5,,0,10,0.5449926604332402,0.7372265528013446,1.1416187024728472,junior,17,20,37
T021,2026-02-02,5,,0,10,0.5449926604332402,0.7372265528013446,1.1416187024728472,senior,3,8,11
T021,2026-02-09,6,,0,10,0.5449926604332402,0.7372265528013446,1.1416187024728472,junior,15,20,35
T021,2026-02-09,6,,0,10,0.5449926604332402,0.7372265528013446,1.1416187024728472,senior,5,9,14
T021,2026-02-16,7,,0,10,0.5449926604332402,0.7372265528013446,1.1416187024728472,junior,13,23,36
T021,2026-02-16,7,,0,10,0.5449926604332402,0.7372265528013446,1.1416187024728472,senior,9,14,23
T021,2026-02-23,8,,0,10,0.5449926604332402,0.7372265528013446,1.1416187024728472,junior,9,11,20
T021,2026-02-23,8,,0,10,0.5449926604332402,0.7372265528013446,1.1416187024728472,senior,6,3,9
T021,2026-03-02,9,,0,10,0.5449926604332402,0.7372265528013446,1.1416187024728472,junior,11,17,28
T021,2026-03-02,9,,0,10,0.5449926604332402,0.7372265528013446,1.1416187024728472,senior,8,6,14
T021,2026-03-09,10,,0,10,0.5449926604332402,0.7372265528013446,1.1416187024728472,junior,12,20,32
T021,2026-03-09,10,,0,10,0.5449926604332402,0.7372265528013446,1.1416187024728472,senior,2,9,11
T021,2026-03-16,11,,0,10,0.5449926604332402,0.7372265528013446,1.1416187024728472,junior,13,11,24
T021,2026-03-16,11,,0,10,0.5449926604332402,0.7372265528013446,1.1416187024728472,senior,5,9,14
T021,2026-03-23,12,,0,10,0.5449926604332402,0.7372265528013446,1.1416187024728472,junior,6,12,18
T021,2026-03-23,12,,0,10,0.5449926604332402,0.7372265528013446,1.1416187024728472,senior,5,7,12
T021,2026-03-30,13,,0,10,0.5449926604332402,0.7372265528013446,1.1416187024728472,junior,13,14,27
T021,2026-03-30,13,,0,10,0.5449926604332402,0.7372265528013446,1.1416187024728472,senior,12,7,19
T021,2026-04-06,14,,0,10,0.5449926604332402,0.7372265528013446,1.1416187024728472,junior,8,13,21
T021,2026-04-06,14,,0,10,0.5449926604332402,0.7372265528013446,1.1416187024728472,senior,6,9,15
T021,2026-04-13,15,,0,10,0.5449926604332402,0.7372265528013446,1.1416187024728472,junior,17,8,25
T021,2026-04-13,15,,0,10,0.5449926604332402,0.7372265528013446,1.1416187024728472,senior,5,7,12
T021,2026-04-20,16,,0,10,0.5449926604332402,0.7372265528013446,1.1416187024728472,junior,13,23,36
T021,2026-04-20,16,,0,10,0.5449926604332402,0.7372265528013446,1.1416187024728472,senior,12,6,18
T021,2026-04-27,17,,0,10,0.5449926604332402,0.7372265528013446,1.1416187024728472,junior,19,35,54
T021,2026-04-27,17,,0,10,0.5449926604332402,0.7372265528013446,1.1416187024728472,senior,9,13,22
T021,2026-05-04,18,,0,10,0.5449926604332402,0.7372265528013446,1.1416187024728472,junior,21,22,43
T021,2026-05-04,18,,0,10,0.5449926604332402,0.7372265528013446,1.1416187024728472,senior,4,7,11
T021,2026-05-11,19,,0,10,0.5449926604332402,0.7372265528013446,1.1416187024728472,junior,13,17,30
T021,2026-05-11,19,,0,10,0.5449926604332402,0.7372265528013446,1.1416187024728472,senior,9,9,18
T021,2026-05-18,20,,0,10,0.5449926604332402,0.7372265528013446,1.1416187024728472,junior,17,11,28
T021,2026-05-18,20,,0,10,0.5449926604332402,0.7372265528013446,1.1416187024728472,senior,5,4,9
T021,2026-05-25,21,,0,10,0.5449926604332402,0.7372265528013446,1.1416187024728472,junior,16,25,41
T021,2026-05-25,21,,0,10,0.5449926604332402,0.7372265528013446,1.1416187024728472,senior,4,10,14
T021,2026-06-01,22,,0,10,0.5449926604332402,0.7372265528013446,1.1416187024728472,junior,21,16,37
T021,2026-06-01,22,,0,10,0.5449926604332402,0.7372265528013446,1.1416187024728472,senior,9,4,13
T021,2026-06-08,23,,0,10,0.5449926604332402,0.7372265528013446,1.1416187024728472,junior,20,15,35
T021,2026-06-08,23,,0,10,0.5449926604332402,0.7372265528013446,1.1416187024728472,senior,5,14,19
T021,2026-06-15,24,,0,10,0.5449926604332402,0.7372265528013446,1.1416187024728472,junior,15,8,23
T021,2026-06-15,24,,0,10,0.5449926604332402,0.7372265528013446,1.1416187024728472,senior,7,8,15
T021,2026-06-22,25,,0,10,0.5449926604332402,0.7372265528013446,1.1416187024728472,junior,15,9,24
T021,2026-06-22,25,,0,10,0.5449926604332402,0.7372265528013446,1.1416187024728472,senior,4,9,13
T021,2026-06-29,26,,0,10,0.5449926604332402,0.7372265528013446,1.1416187024728472,junior,18,17,35
T021,2026-06-29,26,,0,10,0.5449926604332402,0.7372265528013446,1.1416187024728472,senior,4,11,15
T021,2026-07-06,27,,0,10,0.5449926604332402,0.7372265528013446,1.1416187024728472,junior,9,20,29
T021,2026-07-06,27,,0,10,0.5449926604332402,0.7372265528013446,1.1416187024728472,senior,5,9,14
T021,2026-07-13,28,,0,10,0.5449926604332402,0.7372265528013446,1.1416187024728472,junior,10,17,27
T021,2026-07-13,28,,0,10,0.5449926604332402,0.7372265528013446,1.1416187024728472,senior,3,8,11
T021,2026-07-20,29,,0,10,0.5449926604332402,0.7372265528013446,1.1416187024728472,junior,18,12,30
T021,2026-07-20,29,,0,10,0.5449926604332402,0.7372265528013446,1.1416187024728472,senior,5,9,14
T021,2026-07-27,30,,0,10,0.5449926604332402,0.7372265528013446,1.1416187024728472,junior,10,13,23
T021,2026-07-27,30,,0,10,0.5449926604332402,0.7372265528013446,1.1416187024728472,senior,7,8,15
T022,2026-01-05,1,,0,4,0.3868220623905683,0.19776027630167456,1.4749484574422742,junior,6,10,16
T022,2026-01-05,1,,0,4,0.3868220623905683,0.19776027630167456,1.4749484574422742,senior,9,18,27
T022,2026-01-12,2,,0,4,0.3868220623905683,0.19776027630167456,1.4749484574422742,junior,9,9,18
T022,2026-01-12,2,,0,4,0.3868220623905683,0.19776027630167456,1.4749484574422742,senior,4,11,15
T022,2026-01-19,3,,0,4,0.3868220623905683,0.19776027630167456,1.4749484574422742,junior,13,8,21
T022,2026-01-19,3,,0,4,0.3868220623905683,0.19776027630167456,1.4749484574422742,senior,6,3,9
T022,2026-01-26,4,,0,4,0.3868220623905683,0.19776027630167456,1.4749484574422742,junior,10,17,27
T022,2026-01-26,4,,0,4,0.3868220623905683,0.19776027630167456,1.4749484574422742,senior,6,6,12
T022,2026-02-02,5,,0,4,0.3868220623905683,0.19776027630167456,1.4749484574422742,junior,10,10,20
T022,2026-02-02,5,,0,4,0.3868220623905683,0.19776027630167456,1.4749484574422742,senior,5,14,19
T022,2026-02-09,6,,0,4,0.3868220623905683,0.19776027630167456,1.4749484574422742,junior,7,10,17
T022,2026-02-09,6,,0,4,0.3868220623905683,0.19776027630167456,1.4749484574422742,senior,11,10,21
T022,2026-02-16,7,,0,4,0.3868220623905683,0.19776027630167456,1.4749484574422742,junior,7,19,26
T022,2026-02-16,7,,0,4,0.3868220623905683,0.19776027630167456,1.4749484574422742,senior,11,9,20
T022,2026-02-23,8,,0,4,0.3868220623905683,0.19776027630167456,1.4749484574422742,junior,11,5,16
T022,2026-02-23,8,,0,4,0.3868220623905683,0.19776027630167456,1.4749484574422742,senior,6,3,9
T022,2026-03-02,9,,0,4,0.3868220623905683,0.19776027630167456,1.4749484574422742,junior,8,0,8
T022,2026-03-02,9,,0,4,0.3868220623905683,0.19776027630167456,1.4749484574422742,senior,7,17,24
T022,2026-03-09,10,,0,4,0.3868220623905683,0.19776027630167456,1.4749484574422742,junior,13,10,23
T022,2026-03-09,10,,0,4,0.3868220623905683,0.19776027630167456,1.4749484574422742,senior,9,10,19
T022,2026-03-16,11,,0,4,0.3868220623905683,0.19776027630167456,1.4749484574422742,junior,2,15,17
T022,2026-03-16,11,,0,4,0.3868220623905683,0.19776027630167456,1.4749484574422742,senior,9,6,15
T022,2026-03-23,12,,0,4,0.3868220623905683,0.19776027630167456,1.4749484574422742,junior,1,13,14
T022,2026-03-23,12,,0,4,0.3868220623905683,0.19776027630167456,1.4749484574422742,senior,14,15,29
T022,2026-03-30,13,,0,4,0.3868220623905683,0.19776027630167456,1.4749484574422742,junior,9,12,21
T022,2026-03-30,13,,0,4,0.3868220623905683,0.19776027630167456,1.4749484574422742,senior,7,11,18
T022,2026-04-06,14,,0,4,0.3868220623905683,0.19776027630167456,1.4749484574422742,junior,3,5,8
T022,2026-04-06,14,,0,4,0.3868220623905683,0.19776027630167456,1.4749484574422742,senior,8,13,21
T022,2026-04-13,15,,0,4,0.3868220623905683,0.19776027630167456,1.4749484574422742,junior,13,8,21
T022,2026-04-13,15,,0,4,0.3868220623905683,0.19776027630167456,1.4749484574422742,senior,6,6,12
T022,2026-04-20,16,,0,4,0.3868220623905683,0.19776027630167456,1.4749484574422742,junior,2,7,9
T022,2026-04-20,16,,0,4,0.3868220623905683,0.19776027630167456,1.4749484574422742,senior,8,12,20
T022,2026-04-27,17,,0,4,0.3868220623905683,0.19776027630167456,1.4749484574422742,junior,7,12,19
T022,2026-04-27,17,,0,4,0.3868220623905683,0.19776027630167456,1.4749484574422742,senior,11,8,19
T022,2026-05-04,18,,0,4,0.3868220623905683,0.19776027630167456,1.4749484574422742,junior,8,8,16
T022,2026-05-04,18,,0,4,0.3868220623905683,0.19776027630167456,1.4749484574422742,senior,16,12,28
T022,2026-05-11,19,,0,4,0.3868220623905683,0.19776027630167456,1.4749484574422742,junior,7,19,26
T022,2026-05-11,19,,0,4,0.3868220623905683,0.19776027630167456,1.4749484574422742,senior,12,8,20
T022,2026-05-18,20,,0,4,0.3868220623905683,0.19776027630167456,1.4749484574422742,junior,10,10,20
T022,2026-05-18,20,,0,4,0.3868220623905683,0.19776027630167456,1.4749484574422742,senior,9,3,12
T022,2026-05-25,21,,0,4,0.3868220623905683,0.19776027630167456,1.4749484574422742,junior,12,12,24
T022,2026-05-25,21,,0,4,0.3868220623905683,0.19776027630167456,1.4749484574422742,senior,5,13,18
T022,2026-06-01,22,,0,4,0.3868220623905683,0.19776027630167456,1.4749484574422742,junior,7,4,11
T022,2026-06-01,22,,0,4,0.3868220623905683,0.19776027630167456,1.4749484574422742,senior,13,11,24
T022,2026-06-08,23,,0,4,0.3868220623905683,0.19776027630167456,1.4749484574422742,junior,9,13,22
T022,2026-06-08,23,,0,4,0.3868220623905683,0.19776027630167456,1.4749484574422742,senior,3,10,13
T022,2026-06-15,24,,0,4,0.3868220623905683,0.19776027630167456,1.4749484574422742,junior,7,14,21
T022,2026-06-15,24,,0,4,0.3868220623905683,0.19776027630167456,1.4749484574422742,senior,13,16,29
T022,2026-06-22,25,,0,4,0.3868220623905683,0.19776027630167456,1.4749484574422742,junior,11,12,23
T022,2026-06-22,25,,0,4,0.3868220623905683,0.19776027630167456,1.4749484574422742,senior,8,13,21
T022,2026-06-29,26,,0,4,0.3868220623905683,0.19776027630167456,1.4749484574422742,junior,4,16,20
T022,2026-06-29,26,,0,4,0.3868220623905683,0.19776027630167456,1.4749484574422742,senior,9,9,18
T022,2026-07-06,27,,0,4,0.3868220623905683,0.19776027630167456,1.4749484574422742,junior,5,9,14
T022,2026-07-06,27,,0,4,0.3868220623905683,0.19776027630167456,1.4749484574422742,senior,10,13,23
T022,2026-07-13,28,,0,4,0.3868220623905683,0.19776027630167456,1.4749484574422742,junior,10,4,14
T022,2026-07-13,28,,0,4,0.3868220623905683,0.19776027630167456,1.4749484574422742,senior,10,13,23
T022,2026-07-20,29,,0,4,0.3868220623905683,0.19776027630167456,1.4749484574422742,junior,5,6,11
T022,2026-07-20,29,,0,4,0.3868220623905683,0.19776027630167456,1.4749484574422742,senior,3,20,23
T022,2026-07-27,30,,0,4,0.3868220623905683,0.19776027630167456,1.4749484574422742,junior,7,4,11
T022,2026-07-27,30,,0,4,0.3868220623905683,0.19776027630167456,1.4749484574422742,senior,10,18,28
T023,2026-01-05,1,14.0,0,12,0.24938125527250396,0.4722017814595403,0.4653426554135602,junior,11,21,32
T023,2026-01-05,1,14.0,0,12,0.24938125527250396,0.4722017814595403,0.4653426554135602,senior,11,8,19
T023,2026-01-12,2,14.0,0,12,0.24938125527250396,0.4722017814595403,0.4653426554135602,junior,12,21,33
T023,2026-01-12,2,14.0,0,12,0.24938125527250396,0.4722017814595403,0.4653426554135602,senior,10,14,24
T023,2026-01-19,3,14.0,0,12,0.24938125527250396,0.4722017814595403,0.4653426554135602,junior,17,8,25
T023,2026-01-19,3,14.0,0,12,0.24938125527250396,0.4722017814595403,0.4653426554135602,senior,13,14,27
T023,2026-01-26,4,14.0,0,12,0.24938125527250396,0.4722017814595403,0.4653426554135602,junior,12,23,35
T023,2026-01-26,4,14.0,0,12,0.24938125527250396,0.4722017814595403,0.4653426554135602,senior,10,13,23
T023,2026-02-02,5,14.0,0,12,0.24938125527250396,0.4722017814595403,0.4653426554135602,junior,13,19,32
T023,2026-02-02,5,14.0,0,12,0.24938125527250396,0.4722017814595403,0.4653426554135602,senior,10,11,21
T023,2026-02-09,6,14.0,0,12,0.24938125527250396,0.4722017814595403,0.4653426554135602,junior,13,21,34
T023,2026-02-09,6,14.0,0,12,0.24938125527250396,0.4722017814595403,0.4653426554135602,senior,11,15,26
T023,2026-02-16,7,14.0,0,12,0.24938125527250396,0.4722017814595403,0.4653426554135602,junior,7,16,23
T023,2026-02-16,7,14.0,0,12,0.24938125527250396,0.4722017814595403,0.4653426554135602,senior,15,9,24
T023,2026-02-23,8,14.0,0,12,0.24938125527250396,0.4722017814595403,0.4653426554135602,junior,16,28,44
T023,2026-02-23,8,14.0,0,12,0.24938125527250396,0.4722017814595403,0.4653426554135602,senior,6,13,19
T023,2026-03-02,9,14.0,0,12,0.24938125527250396,0.4722017814595403,0.4653426554135602,junior,18,20,38
T023,2026-03-02,9,14.0,0,12,0.24938125527250396,0.4722017814595403,0.4653426554135602,senior,6,11,17
T023,2026-03-09,10,14.0,0,12,0.24938125527250396,0.4722017814595403,0.4653426554135602,junior,9,10,19
T023,2026-03-09,10,14.0,0,12,0.24938125527250396,0.4722017814595403,0.4653426554135602,senior,5,14,19
T023,2026-03-16,11,14.0,0,12,0.24938125527250396,0.4722017814595403,0.4653426554135602,junior,11,15,26
T023,2026-03-16,11,14.0,0,12,0.24938125527250396,0.4722017814595403,0.4653426554135602,senior,11,12,23
T023,2026-03-23,12,14.0,0,12,0.24938125527250396,0.4722017814595403,0.4653426554135602,junior,16,16,32
T023,2026-03-23,12,14.0,0,12,0.24938125527250396,0.4722017814595403,0.4653426554135602,senior,13,6,19
T023,2026-03-30,13,14.0,0,12,0.24938125527250396,0.4722017814595403,0.4653426554135602,junior,11,20,31
T023,2026-03-30,13,14.0,0,12,0.24938125527250396,0.4722017814595403,0.4653426554135602,senior,16,15,31
T023,2026-04-06,14,14.0,1,12,0.24938125527250396,0.4722017814595403,0.4653426554135602,junior,19,23,42
T023,2026-04-06,14,14.0,1,12,0.24938125527250396,0.4722017814595403,0.4653426554135602,senior,9,13,22
T023,2026-04-13,15,14.0,1,12,0.24938125527250396,0.4722017814595403,0.4653426554135602,junior,23,29,52
T023,2026-04-13,15,14.0,1,12,0.24938125527250396,0.4722017814595403,0.4653426554135602,senior,5,11,16
T023,2026-04-20,16,14.0,1,12,0.24938125527250396,0.4722017814595403,0.4653426554135602,junior,17,18,35
T023,2026-04-20,16,14.0,1,12,0.24938125527250396,0.4722017814595403,0.4653426554135602,senior,10,8,18
T023,2026-04-27,17,14.0,1,12,0.24938125527250396,0.4722017814595403,0.4653426554135602,junior,11,35,46
T023,2026-04-27,17,14.0,1,12,0.24938125527250396,0.4722017814595403,0.4653426554135602,senior,8,13,21
T023,2026-05-04,18,14.0,1,12,0.24938125527250396,0.4722017814595403,0.4653426554135602,junior,13,24,37
T023,2026-05-04,18,14.0,1,12,0.24938125527250396,0.4722017814595403,0.4653426554135602,senior,10,3,13
T023,2026-05-11,19,14.0,1,12,0.24938125527250396,0.4722017814595403,0.4653426554135602,junior,22,22,44
T023,2026-05-11,19,14.0,1,12,0.24938125527250396,0.4722017814595403,0.4653426554135602,senior,10,10,20
T023,2026-05-18,20,14.0,1,12,0.24938125527250396,0.4722017814595403,0.4653426554135602,junior,28,21,49
T023,2026-05-18,20,14.0,1,12,0.24938125527250396,0.4722017814595403,0.4653426554135602,senior,6,9,15
T023,2026-05-25,21,14.0,1,12,0.24938125527250396,0.4722017814595403,0.4653426554135602,junior,14,34,48
T023,2026-05-25,21,14.0,1,12,0.24938125527250396,0.4722017814595403,0.4653426554135602,senior,9,11,20
T023,2026-06-01,22,14.0,1,12,0.24938125527250396,0.4722017814595403,0.4653426554135602,junior,20,22,42
T023,2026-06-01,22,14.0,1,12,0.24938125527250396,0.4722017814595403,0.4653426554135602,senior,7,19,26
T023,2026-06-08,23,14.0,1,12,0.24938125527250396,0.4722017814595403,0.4653426554135602,junior,18,26,44
T023,2026-06-08,23,14.0,1,12,0.24938125527250396,0.4722017814595403,0.4653426554135602,senior,7,4,11
T023,2026-06-15,24,14.0,1,12,0.24938125527250396,0.4722017814595403,0.4653426554135602,junior,18,24,42
T023,2026-06-15,24,14.0,1,12,0.24938125527250396,0.4722017814595403,0.4653426554135602,senior,16,14,30
T023,2026-06-22,25,14.0,1,12,0.24938125527250396,0.4722017814595403,0.4653426554135602,junior,15,21,36
T023,2026-06-22,25,14.0,1,12,0.24938125527250396,0.4722017814595403,0.4653426554135602,senior,12,20,32
T023,2026-06-29,26,14.0,1,12,0.24938125527250396,0.4722017814595403,0.4653426554135602,junior,11,20,31
T023,2026-06-29,26,14.0,1,12,0.24938125527250396,0.4722017814595403,0.4653426554135602,senior,7,13,20
T023,2026-07-06,27,14.0,1,12,0.24938125527250396,0.4722017814595403,0.4653426554135602,junior,10,15,25
T023,2026-07-06,27,14.0,1,12,0.24938125527250396,0.4722017814595403,0.4653426554135602,senior,6,15,21
T023,2026-07-13,28,14.0,1,12,0.24938125527250396,0.4722017814595403,0.4653426554135602,junior,20,23,43
T023,2026-07-13,28,14.0,1,12,0.24938125527250396,0.4722017814595403,0.4653426554135602,senior,6,11,17
T023,2026-07-20,29,14.0,1,12,0.24938125527250396,0.4722017814595403,0.4653426554135602,junior,11,15,26
T023,2026-07-20,29,14.0,1,12,0.24938125527250396,0.4722017814595403,0.4653426554135602,senior,8,19,27
T023,2026-07-27,30,14.0,1,12,0.24938125527250396,0.4722017814595403,0.4653426554135602,junior,12,10,22
T023,2026-07-27,30,14.0,1,12,0.24938125527250396,0.4722017814595403,0.4653426554135602,senior,4,7,11
T024,2026-01-05,1,17.0,0,9,0.10180279142031576,0.41893292164031637,-0.5475878154071303,junior,14,14,28
T024,2026-01-05,1,17.0,0,9,0.10180279142031576,0.41893292164031637,-0.5475878154071303,senior,8,10,18
T024,2026-01-12,2,17.0,0,9,0.10180279142031576,0.41893292164031637,-0.5475878154071303,junior,3,7,10
T024,2026-01-12,2,17.0,0,9,0.10180279142031576,0.41893292164031637,-0.5475878154071303,senior,6,8,14
T024,2026-01-19,3,17.0,0,9,0.10180279142031576,0.41893292164031637,-0.5475878154071303,junior,6,15,21
T024,2026-01-19,3,17.0,0,9,0.10180279142031576,0.41893292164031637,-0.5475878154071303,senior,7,10,17
T024,2026-01-26,4,17.0,0,9,0.10180279142031576,0.41893292164031637,-0.5475878154071303,junior,5,10,15
T024,2026-01-26,4,17.0,0,9,0.10180279142031576,0.41893292164031637,-0.5475878154071303,senior,8,5,13
T024,2026-02-02,5,17.0,0,9,0.10180279142031576,0.41893292164031637,-0.5475878154071303,junior,9,5,14
T024,2026-02-02,5,17.0,0,9,0.10180279142031576,0.41893292164031637,-0.5475878154071303,senior,6,18,24
T024,2026-02-09,6,17.0,0,9,0.10180279142031576,0.41893292164031637,-0.5475878154071303,junior,9,12,21
T024,2026-02-09,6,17.0,0,9,0.10180279142031576,0.41893292164031637,-0.5475878154071303,senior,4,10,14
T024,2026-02-16,7,17.0,0,9,0.10180279142031576,0.41893292164031637,-0.5475878154071303,junior,4,14,18
T024,2026-02-16,7,17.0,0,9,0.10180279142031576,0.41893292164031637,-0.5475878154071303,senior,7,10,17
T024,2026-02-23,8,17.0,0,9,0.10180279142031576,0.41893292164031637,-0.5475878154071303,junior,6,3,9
T024,2026-02-23,8,17.0,0,9,0.10180279142031576,0.41893292164031637,-0.5475878154071303,senior,9,9,18
T024,2026-03-02,9,17.0,0,9,0.10180279142031576,0.41893292164031637,-0.5475878154071303,junior,10,7,17
T024,2026-03-02,9,17.0,0,9,0.10180279142031576,0.41893292164031637,-0.5475878154071303,senior,8,10,18
T024,2026-03-09,10,17.0,0,9,0.10180279142031576,0.41893292164031637,-0.5475878154071303,junior,5,5,10
T024,2026-03-09,10,17.0,0,9,0.10180279142031576,0.41893292164031637,-0.5475878154071303,senior,8,14,22
T024,2026-03-16,11,17.0,0,9,0.10180279142031576,0.41893292164031637,-0.5475878154071303,junior,5,8,13
T024,2026-03-16,11,17.0,0,9,0.10180279142031576,0.41893292164031637,-0.5475878154071303,senior,10,6,16
T024,2026-03-23,12,17.0,0,9,0.10180279142031576,0.41893292164031637,-0.5475878154071303,junior,7,9,16
T024,2026-03-23,12,17.0,0,9,0.10180279142031576,0.41893292164031637,-0.5475878154071303,senior,16,8,24
T024,2026-03-30,13,17.0,0,9,0.10180279142031576,0.41893292164031637,-0.5475878154071303,junior,6,8,14
T024,2026-03-30,13,17.0,0,9,0.10180279142031576,0.41893292164031637,-0.5475878154071303,senior,8,14,22
T024,2026-04-06,14,17.0,0,9,0.10180279142031576,0.41893292164031637,-0.5475878154071303,junior,3,5,8
T024,2026-04-06,14,17.0,0,9,0.10180279142031576,0.41893292164031637,-0.5475878154071303,senior,4,14,18
T024,2026-04-13,15,17.0,0,9,0.10180279142031576,0.41893292164031637,-0.5475878154071303,junior,3,6,9
T024,2026-04-13,15,17.0,0,9,0.10180279142031576,0.41893292164031637,-0.5475878154071303,senior,5,6,11
T024,2026-04-20,16,17.0,0,9,0.10180279142031576,0.41893292164031637,-0.5475878154071303,junior,9,7,16
T024,2026-04-20,16,17.0,0,9,0.10180279142031576,0.41893292164031637,-0.5475878154071303,senior,2,5,7
T024,2026-04-27,17,17.0,1,9,0.10180279142031576,0.41893292164031637,-0.5475878154071303,junior,12,10,22
T024,2026-04-27,17,17.0,1,9,0.10180279142031576,0.41893292164031637,-0.5475878154071303,senior,6,3,9
T024,2026-05-04,18,17.0,1,9,0.10180279142031576,0.41893292164031637,-0.5475878154071303,junior,9,8,17
T024,2026-05-04,18,17.0,1,9,0.10180279142031576,0.41893292164031637,-0.5475878154071303,senior,9,3,12
T024,2026-05-11,19,17.0,1,9,0.10180279142031576,0.41893292164031637,-0.5475878154071303,junior,14,7,21
T024,2026-05-11,19,17.0,1,9,0.10180279142031576,0.41893292164031637,-0.5475878154071303,senior,4,2,6
T024,2026-05-18,20,17.0,1,9,0.10180279142031576,0.41893292164031637,-0.5475878154071303,junior,8,14,22
T024,2026-05-18,20,17.0,1,9,0.10180279142031576,0.41893292164031637,-0.5475878154071303,senior,4,6,10
T024,2026-05-25,21,17.0,1,9,0.10180279142031576,0.41893292164031637,-0.5475878154071303,junior,8,13,21
T024,2026-05-25,21,17.0,1,9,0.10180279142031576,0.41893292164031637,-0.5475878154071303,senior,5,5,10
T024,2026-06-01,22,17.0,1,9,0.10180279142031576,0.41893292164031637,-0.5475878154071303,junior,9,17,26
T024,2026-06-01,22,17.0,1,9,0.10180279142031576,0.41893292164031637,-0.5475878154071303,senior,2,9,11
T024,2026-06-08,23,17.0,1,9,0.10180279142031576,0.41893292164031637,-0.5475878154071303,junior,14,15,29
T024,2026-06-08,23,17.0,1,9,0.10180279142031576,0.41893292164031637,-0.5475878154071303,senior,7,7,14
T024,2026-06-15,24,17.0,1,9,0.10180279142031576,0.41893292164031637,-0.5475878154071303,junior,6,11,17
T024,2026-06-15,24,17.0,1,9,0.10180279142031576,0.41893292164031637,-0.5475878154071303,senior,5,7,12
T024,2026-06-22,25,17.0,1,9,0.10180279142031576,0.41893292164031637,-0.5475878154071303,junior,8,7,15
T024,2026-06-22,25,17.0,1,9,0.10180279142031576,0.41893292164031637,-0.5475878154071303,senior,4,5,9
T024,2026-06-29,26,17.0,1,9,0.10180279142031576,0.41893292164031637,-0.5475878154071303,junior,6,11,17
T024,2026-06-29,26,17.0,1,9,0.10180279142031576,0.41893292164031637,-0.5475878154071303,senior,5,11,16
T024,2026-07-06,27,17.0,1,9,0.10180279142031576,0.41893292164031637,-0.5475878154071303,junior,5,11,16
T024,2026-07-06,27,17.0,1,9,0.10180279142031576,0.41893292164031637,-0.5475878154071303,senior,4,7,11
T024,2026-07-13,28,17.0,1,9,0.10180279142031576,0.41893292164031637,-0.5475878154071303,junior,3,7,10
T024,2026-07-13,28,17.0,1,9,0.10180279142031576,0.41893292164031637,-0.5475878154071303,senior,2,7,9
T024,2026-07-20,29,17.0,1,9,0.10180279142031576,0.41893292164031637,-0.5475878154071303,junior,14,15,29
T024,2026-07-20,29,17.0,1,9,0.10180279142031576,0.41893292164031637,-0.5475878154071303,senior,11,4,15
T024,2026-07-27,30,17.0,1,9,0.10180279142031576,0.41893292164031637,-0.5475878154071303,junior,10,7,17
T024,2026-07-27,30,17.0,1,9,0.10180279142031576,0.41893292164031637,-0.5475878154071303,senior,7,7,14
T025,2026-01-05,1,21.0,0,6,0.5101735761730433,0.21959499085187387,-0.005058779155578653,junior,0,5,5
T025,2026-01-05,1,21.0,0,6,0.5101735761730433,0.21959499085187387,-0.005058779155578653,senior,9,13,22
T025,2026-01-12,2,21.0,0,6,0.5101735761730433,0.21959499085187387,-0.005058779155578653,junior,3,7,10
T025,2026-01-12,2,21.0,0,6,0.5101735761730433,0.21959499085187387,-0.005058779155578653,senior,7,7,14
T025,2026-01-19,3,21.0,0,6,0.5101735761730433,0.21959499085187387,-0.005058779155578653,junior,4,7,11
T025,2026-01-19,3,21.0,0,6,0.5101735761730433,0.21959499085187387,-0.005058779155578653,senior,5,5,10
T025,2026-01-26,4,21.0,0,6,0.5101735761730433,0.21959499085187387,-0.005058779155578653,junior,5,3,8
T025,2026-01-26,4,21.0,0,6,0.5101735761730433,0.21959499085187387,-0.005058779155578653,senior,9,9,18
T025,2026-02-02,5,21.0,0,6,0.5101735761730433,0.21959499085187387,-0.005058779155578653,junior,2,6,8
T025,2026-02-02,5,21.0,0,6,0.5101735761730433,0.21959499085187387,-0.005058779155578653,senior,3,9,12
T025,2026-02-09,6,21.0,0,6,0.5101735761730433,0.21959499085187387,-0.005058779155578653,junior,3,4,7
T025,2026-02-09,6,21.0,0,6,0.5101735761730433,0.21959499085187387,-0.005058779155578653,senior,4,12,16
T025,2026-02-16,7,21.0,0,6,0.5101735761730433,0.21959499085187387,-0.005058779155578653,junior,3,8,11
T025,2026-02-16,7,21.0,0,6,0.5101735761730433,0.21959499085187387,-0.005058779155578653,senior,2,8,10
T025,2026-02-23,8,21.0,0,6,0.5101735761730433,0.21959499085187387,-0.005058779155578653,junior,3,5,8
T025,2026-02-23,8,21.0,0,6,0.5101735761730433,0.21959499085187387,-0.005058779155578653,senior,6,6,12
T025,2026-03-02,9,21.0,0,6,0.5101735761730433,0.21959499085187387,-0.005058779155578653,junior,6,7,13
T025,2026-03-02,9,21.0,0,6,0.5101735761730433,0.21959499085187387,-0.005058779155578653,senior,3,4,7
T025,2026-03-09,10,21.0,0,6,0.5101735761730433,0.21959499085187387,-0.005058779155578653,junior,1,1,2
T025,2026-03-09,10,21.0,0,6,0.5101735761730433,0.21959499085187387,-0.005058779155578653,senior,11,12,23
T025,2026-03-16,11,21.0,0,6,0.5101735761730433,0.21959499085187387,-0.005058779155578653,junior,2,3,5
T025,2026-03-16,11,21.0,0,6,0.5101735761730433,0.21959499085187387,-0.005058779155578653,senior,2,7,9
T025,2026-03-23,12,21.0,0,6,0.5101735761730433,0.21959499085187387,-0.005058779155578653,junior,1,4,5
T025,2026-03-23,12,21.0,0,6,0.5101735761730433,0.21959499085187387,-0.005058779155578653,senior,5,3,8
T025,2026-03-30,13,21.0,0,6,0.5101735761730433,0.21959499085187387,-0.005058779155578653,junior,2,4,6
T025,2026-03-30,13,21.0,0,6,0.5101735761730433,0.21959499085187387,-0.005058779155578653,senior,2,7,9
T025,2026-04-06,14,21.0,0,6,0.5101735761730433,0.21959499085187387,-0.005058779155578653,junior,3,5,8
T025,2026-04-06,14,21.0,0,6,0.5101735761730433,0.21959499085187387,-0.005058779155578653,senior,7,10,17
T025,2026-04-13,15,21.0,0,6,0.5101735761730433,0.21959499085187387,-0.005058779155578653,junior,2,3,5
T025,2026-04-13,15,21.0,0,6,0.5101735761730433,0.21959499085187387,-0.005058779155578653,senior,2,11,13
T025,2026-04-20,16,21.0,0,6,0.5101735761730433,0.21959499085187387,-0.005058779155578653,junior,6,4,10
T025,2026-04-20,16,21.0,0,6,0.5101735761730433,0.21959499085187387,-0.005058779155578653,senior,6,5,11
T025,2026-04-27,17,21.0,0,6,0.5101735761730433,0.21959499085187387,-0.005058779155578653,junior,4,2,6
T025,2026-04-27,17,21.0,0,6,0.5101735761730433,0.21959499085187387,-0.005058779155578653,senior,6,13,19
T025,2026-05-04,18,21.0,0,6,0.5101735761730433,0.21959499085187387,-0.005058779155578653,junior,7,9,16
T025,2026-05-04,18,21.0,0,6,0.5101735761730433,0.21959499085187387,-0.005058779155578653,senior,5,9,14
T025,2026-05-11,19,21.0,0,6,0.5101735761730433,0.21959499085187387,-0.005058779155578653,junior,6,5,11
T025,2026-05-11,19,21.0,0,6,0.5101735761730433,0.21959499085187387,-0.005058779155578653,senior,8,9,17
T025,2026-05-18,20,21.0,0,6,0.5101735761730433,0.21959499085187387,-0.005058779155578653,junior,3,7,10
T025,2026-05-18,20,21.0,0,6,0.5101735761730433,0.21959499085187387,-0.005058779155578653,senior,5,10,15
T025,2026-05-25,21,21.0,1,6,0.5101735761730433,0.21959499085187387,-0.005058779155578653,junior,4,7,11
T025,2026-05-25,21,21.0,1,6,0.5101735761730433,0.21959499085187387,-0.005058779155578653,senior,12,4,16
T025,2026-06-01,22,21.0,1,6,0.5101735761730433,0.21959499085187387,-0.005058779155578653,junior,3,3,6
T025,2026-06-01,22,21.0,1,6,0.5101735761730433,0.21959499085187387,-0.005058779155578653,senior,4,4,8
T025,2026-06-08,23,21.0,1,6,0.5101735761730433,0.21959499085187387,-0.005058779155578653,junior,3,11,14
T025,2026-06-08,23,21.0,1,6,0.5101735761730433,0.21959499085187387,-0.005058779155578653,senior,8,4,12
T025,2026-06-15,24,21.0,1,6,0.5101735761730433,0.21959499085187387,-0.005058779155578653,junior,6,9,15
T025,2026-06-15,24,21.0,1,6,0.5101735761730433,0.21959499085187387,-0.005058779155578653,senior,8,8,16
T025,2026-06-22,25,21.0,1,6,0.5101735761730433,0.21959499085187387,-0.005058779155578653,junior,5,8,13
T025,2026-06-22,25,21.0,1,6,0.5101735761730433,0.21959499085187387,-0.005058779155578653,senior,7,11,18
T025,2026-06-29,26,21.0,1,6,0.5101735761730433,0.21959499085187387,-0.005058779155578653,junior,3,4,7
T025,2026-06-29,26,21.0,1,6,0.5101735761730433,0.21959499085187387,-0.005058779155578653,senior,4,13,17
T025,2026-07-06,27,21.0,1,6,0.5101735761730433,0.21959499085187387,-0.005058779155578653,junior,5,5,10
T025,2026-07-06,27,21.0,1,6,0.5101735761730433,0.21959499085187387,-0.005058779155578653,senior,9,8,17
T025,2026-07-13,28,21.0,1,6,0.5101735761730433,0.21959499085187387,-0.005058779155578653,junior,4,8,12
T025,2026-07-13,28,21.0,1,6,0.5101735761730433,0.21959499085187387,-0.005058779155578653,senior,5,4,9
T025,2026-07-20,29,21.0,1,6,0.5101735761730433,0.21959499085187387,-0.005058779155578653,junior,5,8,13
T025,2026-07-20,29,21.0,1,6,0.5101735761730433,0.21959499085187387,-0.005058779155578653,senior,10,10,20
T025,2026-07-27,30,21.0,1,6,0.5101735761730433,0.21959499085187387,-0.005058779155578653,junior,3,3,6
T025,2026-07-27,30,21.0,1,6,0.5101735761730433,0.21959499085187387,-0.005058779155578653,senior,4,9,13
T026,2026-01-05,1,,0,10,0.43329570214078006,0.6862522253731516,1.4315137184577615,junior,18,18,36
T026,2026-01-05,1,,0,10,0.43329570214078006,0.6862522253731516,1.4315137184577615,senior,7,9,16
T026,2026-01-12,2,,0,10,0.43329570214078006,0.6862522253731516,1.4315137184577615,junior,12,16,28
T026,2026-01-12,2,,0,10,0.43329570214078006,0.6862522253731516,1.4315137184577615,senior,5,10,15
T026,2026-01-19,3,,0,10,0.43329570214078006,0.6862522253731516,1.4315137184577615,junior,20,21,41
T026,2026-01-19,3,,0,10,0.43329570214078006,0.6862522253731516,1.4315137184577615,senior,1,8,9
T026,2026-01-26,4,,0,10,0.43329570214078006,0.6862522253731516,1.4315137184577615,junior,17,23,40
T026,2026-01-26,4,,0,10,0.43329570214078006,0.6862522253731516,1.4315137184577615,senior,3,10,13
T026,2026-02-02,5,,0,10,0.43329570214078006,0.6862522253731516,1.4315137184577615,junior,16,15,31
T026,2026-02-02,5,,0,10,0.43329570214078006,0.6862522253731516,1.4315137184577615,senior,11,8,19
T026,2026-02-09,6,,0,10,0.43329570214078006,0.6862522253731516,1.4315137184577615,junior,22,28,50
T026,2026-02-09,6,,0,10,0.43329570214078006,0.6862522253731516,1.4315137184577615,senior,5,8,13
T026,2026-02-16,7,,0,10,0.43329570214078006,0.6862522253731516,1.4315137184577615,junior,22,31,53
T026,2026-02-16,7,,0,10,0.43329570214078006,0.6862522253731516,1.4315137184577615,senior,9,9,18
T026,2026-02-23,8,,0,10,0.43329570214078006,0.6862522253731516,1.4315137184577615,junior,12,17,29
T026,2026-02-23,8,,0,10,0.43329570214078006,0.6862522253731516,1.4315137184577615,senior,9,11,20
T026,2026-03-02,9,,0,10,0.43329570214078006,0.6862522253731516,1.4315137184577615,junior,19,17,36
T026,2026-03-02,9,,0,10,0.43329570214078006,0.6862522253731516,1.4315137184577615,senior,3,7,10
T026,2026-03-09,10,,0,10,0.43329570214078006,0.6862522253731516,1.4315137184577615,junior,18,23,41
T026,2026-03-09,10,,0,10,0.43329570214078006,0.6862522253731516,1.4315137184577615,senior,10,5,15
T026,2026-03-16,11,,0,10,0.43329570214078006,0.6862522253731516,1.4315137184577615,junior,16,24,40
T026,2026-03-16,11,,0,10,0.43329570214078006,0.6862522253731516,1.4315137184577615,senior,6,7,13
T026,2026-03-23,12,,0,10,0.43329570214078006,0.6862522253731516,1.4315137184577615,junior,14,19,33
T026,2026-03-23,12,,0,10,0.43329570214078006,0.6862522253731516,1.4315137184577615,senior,14,15,29
T026,2026-03-30,13,,0,10,0.43329570214078006,0.6862522253731516,1.4315137184577615,junior,20,23,43
T026,2026-03-30,13,,0,10,0.43329570214078006,0.6862522253731516,1.4315137184577615,senior,7,13,20
T026,2026-04-06,14,,0,10,0.43329570214078006,0.6862522253731516,1.4315137184577615,junior,15,19,34
T026,2026-04-06,14,,0,10,0.43329570214078006,0.6862522253731516,1.4315137184577615,senior,5,10,15
T026,2026-04-13,15,,0,10,0.43329570214078006,0.6862522253731516,1.4315137184577615,junior,24,19,43
T026,2026-04-13,15,,0,10,0.43329570214078006,0.6862522253731516,1.4315137184577615,senior,4,7,11
T026,2026-04-20,16,,0,10,0.43329570214078006,0.6862522253731516,1.4315137184577615,junior,25,17,42
T026,2026-04-20,16,,0,10,0.43329570214078006,0.6862522253731516,1.4315137184577615,senior,7,6,13
T026,2026-04-27,17,,0,10,0.43329570214078006,0.6862522253731516,1.4315137184577615,junior,17,23,40
T026,2026-04-27,17,,0,10,0.43329570214078006,0.6862522253731516,1.4315137184577615,senior,7,10,17
T026,2026-05-04,18,,0,10,0.43329570214078006,0.6862522253731516,1.4315137184577615,junior,12,28,40
T026,2026-05-04,18,,0,10,0.43329570214078006,0.6862522253731516,1.4315137184577615,senior,10,9,19
T026,2026-05-11,19,,0,10,0.43329570214078006,0.6862522253731516,1.4315137184577615,junior,11,20,31
T026,2026-05-11,19,,0,10,0.43329570214078006,0.6862522253731516,1.4315137184577615,senior,4,5,9
T026,2026-05-18,20,,0,10,0.43329570214078006,0.6862522253731516,1.4315137184577615,junior,13,21,34
T026,2026-05-18,20,,0,10,0.43329570214078006,0.6862522253731516,1.4315137184577615,senior,10,12,22
T026,2026-05-25,21,,0,10,0.43329570214078006,0.6862522253731516,1.4315137184577615,junior,21,31,52
T026,2026-05-25,21,,0,10,0.43329570214078006,0.6862522253731516,1.4315137184577615,senior,4,4,8
T026,2026-06-01,22,,0,10,0.43329570214078006,0.6862522253731516,1.4315137184577615,junior,23,21,44
T026,2026-06-01,22,,0,10,0.43329570214078006,0.6862522253731516,1.4315137184577615,senior,6,8,14
T026,2026-06-08,23,,0,10,0.43329570214078006,0.6862522253731516,1.4315137184577615,junior,17,26,43
T026,2026-06-08,23,,0,10,0.43329570214078006,0.6862522253731516,1.4315137184577615,senior,11,14,25
T026,2026-06-15,24,,0,10,0.43329570214078006,0.6862522253731516,1.4315137184577615,junior,22,33,55
T026,2026-06-15,24,,0,10,0.43329570214078006,0.6862522253731516,1.4315137184577615,senior,5,8,13
T026,2026-06-22,25,,0,10,0.43329570214078006,0.6862522253731516,1.4315137184577615,junior,13,25,38
T026,2026-06-22,25,,0,10,0.43329570214078006,0.6862522253731516,1.4315137184577615,senior,10,5,15
T026,2026-06-29,26,,0,10,0.43329570214078006,0.6862522253731516,1.4315137184577615,junior,17,19,36
T026,2026-06-29,26,,0,10,0.43329570214078006,0.6862522253731516,1.4315137184577615,senior,6,4,10
T026,2026-07-06,27,,0,10,0.43329570214078006,0.6862522253731516,1.4315137184577615,junior,21,20,41
T026,2026-07-06,27,,0,10,0.43329570214078006,0.6862522253731516,1.4315137184577615,senior,4,4,8
T026,2026-07-13,28,,0,10,0.43329570214078006,0.6862522253731516,1.4315137184577615,junior,16,18,34
T026,2026-07-13,28,,0,10,0.43329570214078006,0.6862522253731516,1.4315137184577615,senior,6,12,18
T026,2026-07-20,29,,0,10,0.43329570214078006,0.6862522253731516,1.4315137184577615,junior,20,24,44
T026,2026-07-20,29,,0,10,0.43329570214078006,0.6862522253731516,1.4315137184577615,senior,6,9,15
T026,2026-07-27,30,,0,10,0.43329570214078006,0.6862522253731516,1.4315137184577615,junior,18,30,48
T026,2026-07-27,30,,0,10,0.43329570214078006,0.6862522253731516,1.4315137184577615,senior,13,8,21
T027,2026-01-05,1,17.0,0,5,0.7620808564333861,0.677321145451108,-0.11864623280216303,junior,6,4,10
T027,2026-01-05,1,17.0,0,5,0.7620808564333861,0.677321145451108,-0.11864623280216303,senior,5,4,9
T027,2026-01-12,2,17.0,0,5,0.7620808564333861,0.677321145451108,-0.11864623280216303,junior,8,9,17
T027,2026-01-12,2,17.0,0,5,0.7620808564333861,0.677321145451108,-0.11864623280216303,senior,4,4,8
T027,2026-01-19,3,17.0,0,5,0.7620808564333861,0.677321145451108,-0.11864623280216303,junior,5,7,12
T027,2026-01-19,3,17.0,0,5,0.7620808564333861,0.677321145451108,-0.11864623280216303,senior,4,9,13
T027,2026-01-26,4,17.0,0,5,0.7620808564333861,0.677321145451108,-0.11864623280216303,junior,8,9,17
T027,2026-01-26,4,17.0,0,5,0.7620808564333861,0.677321145451108,-0.11864623280216303,senior,2,9,11
T027,2026-02-02,5,17.0,0,5,0.7620808564333861,0.677321145451108,-0.11864623280216303,junior,6,5,11
T027,2026-02-02,5,17.0,0,5,0.7620808564333861,0.677321145451108,-0.11864623280216303,senior,0,3,3
T027,2026-02-09,6,17.0,0,5,0.7620808564333861,0.677321145451108,-0.11864623280216303,junior,3,8,11
T027,2026-02-09,6,17.0,0,5,0.7620808564333861,0.677321145451108,-0.11864623280216303,senior,6,7,13
T027,2026-02-16,7,17.0,0,5,0.7620808564333861,0.677321145451108,-0.11864623280216303,junior,5,6,11
T027,2026-02-16,7,17.0,0,5,0.7620808564333861,0.677321145451108,-0.11864623280216303,senior,4,4,8
T027,2026-02-23,8,17.0,0,5,0.7620808564333861,0.677321145451108,-0.11864623280216303,junior,3,3,6
T027,2026-02-23,8,17.0,0,5,0.7620808564333861,0.677321145451108,-0.11864623280216303,senior,2,4,6
T027,2026-03-02,9,17.0,0,5,0.7620808564333861,0.677321145451108,-0.11864623280216303,junior,3,3,6
T027,2026-03-02,9,17.0,0,5,0.7620808564333861,0.677321145451108,-0.11864623280216303,senior,5,3,8
T027,2026-03-09,10,17.0,0,5,0.7620808564333861,0.677321145451108,-0.11864623280216303,junior,7,8,15
T027,2026-03-09,10,17.0,0,5,0.7620808564333861,0.677321145451108,-0.11864623280216303,senior,0,2,2
T027,2026-03-16,11,17.0,0,5,0.7620808564333861,0.677321145451108,-0.11864623280216303,junior,6,5,11
T027,2026-03-16,11,17.0,0,5,0.7620808564333861,0.677321145451108,-0.11864623280216303,senior,5,5,10
T027,2026-03-23,12,17.0,0,5,0.7620808564333861,0.677321145451108,-0.11864623280216303,junior,6,6,12
T027,2026-03-23,12,17.0,0,5,0.7620808564333861,0.677321145451108,-0.11864623280216303,senior,10,6,16
T027,2026-03-30,13,17.0,0,5,0.7620808564333861,0.677321145451108,-0.11864623280216303,junior,3,3,6
T027,2026-03-30,13,17.0,0,5,0.7620808564333861,0.677321145451108,-0.11864623280216303,senior,6,3,9
T027,2026-04-06,14,17.0,0,5,0.7620808564333861,0.677321145451108,-0.11864623280216303,junior,5,6,11
T027,2026-04-06,14,17.0,0,5,0.7620808564333861,0.677321145451108,-0.11864623280216303,senior,7,6,13
T027,2026-04-13,15,17.0,0,5,0.7620808564333861,0.677321145451108,-0.11864623280216303,junior,7,6,13
T027,2026-04-13,15,17.0,0,5,0.7620808564333861,0.677321145451108,-0.11864623280216303,senior,4,10,14
T027,2026-04-20,16,17.0,0,5,0.7620808564333861,0.677321145451108,-0.11864623280216303,junior,5,8,13
T027,2026-04-20,16,17.0,0,5,0.7620808564333861,0.677321145451108,-0.11864623280216303,senior,3,8,11
T027,2026-04-27,17,17.0,1,5,0.7620808564333861,0.677321145451108,-0.11864623280216303,junior,9,6,15
T027,2026-04-27,17,17.0,1,5,0.7620808564333861,0.677321145451108,-0.11864623280216303,senior,2,6,8
T027,2026-05-04,18,17.0,1,5,0.7620808564333861,0.677321145451108,-0.11864623280216303,junior,4,6,10
T027,2026-05-04,18,17.0,1,5,0.7620808564333861,0.677321145451108,-0.11864623280216303,senior,4,4,8
T027,2026-05-11,19,17.0,1,5,0.7620808564333861,0.677321145451108,-0.11864623280216303,junior,1,11,12
T027,2026-05-11,19,17.0,1,5,0.7620808564333861,0.677321145451108,-0.11864623280216303,senior,6,8,14
T027,2026-05-18,20,17.0,1,5,0.7620808564333861,0.677321145451108,-0.11864623280216303,junior,4,5,9
T027,2026-05-18,20,17.0,1,5,0.7620808564333861,0.677321145451108,-0.11864623280216303,senior,3,6,9
T027,2026-05-25,21,17.0,1,5,0.7620808564333861,0.677321145451108,-0.11864623280216303,junior,8,7,15
T027,2026-05-25,21,17.0,1,5,0.7620808564333861,0.677321145451108,-0.11864623280216303,senior,3,3,6
T027,2026-06-01,22,17.0,1,5,0.7620808564333861,0.677321145451108,-0.11864623280216303,junior,14,7,21
T027,2026-06-01,22,17.0,1,5,0.7620808564333861,0.677321145451108,-0.11864623280216303,senior,5,2,7
T027,2026-06-08,23,17.0,1,5,0.7620808564333861,0.677321145451108,-0.11864623280216303,junior,9,11,20
T027,2026-06-08,23,17.0,1,5,0.7620808564333861,0.677321145451108,-0.11864623280216303,senior,0,5,5
T027,2026-06-15,24,17.0,1,5,0.7620808564333861,0.677321145451108,-0.11864623280216303,junior,3,5,8
T027,2026-06-15,24,17.0,1,5,0.7620808564333861,0.677321145451108,-0.11864623280216303,senior,5,6,11
T027,2026-06-22,25,17.0,1,5,0.7620808564333861,0.677321145451108,-0.11864623280216303,junior,5,8,13
T027,2026-06-22,25,17.0,1,5,0.7620808564333861,0.677321145451108,-0.11864623280216303,senior,2,5,7
T027,2026-06-29,26,17.0,1,5,0.7620808564333861,0.677321145451108,-0.11864623280216303,junior,6,9,15
T027,2026-06-29,26,17.0,1,5,0.7620808564333861,0.677321145451108,-0.11864623280216303,senior,4,3,7
T027,2026-07-06,27,17.0,1,5,0.7620808564333861,0.677321145451108,-0.11864623280216303,junior,5,10,15
T027,2026-07-06,27,17.0,1,5,0.7620808564333861,0.677321145451108,-0.11864623280216303,senior,2,7,9
T027,2026-07-13,28,17.0,1,5,0.7620808564333861,0.677321145451108,-0.11864623280216303,junior,5,10,15
T027,2026-07-13,28,17.0,1,5,0.7620808564333861,0.677321145451108,-0.11864623280216303,senior,5,5,10
T027,2026-07-20,29,17.0,1,5,0.7620808564333861,0.677321145451108,-0.11864623280216303,junior,1,11,12
T027,2026-07-20,29,17.0,1,5,0.7620808564333861,0.677321145451108,-0.11864623280216303,senior,5,4,9
T027,2026-07-27,30,17.0,1,5,0.7620808564333861,0.677321145451108,-0.11864623280216303,junior,3,7,10
T027,2026-07-27,30,17.0,1,5,0.7620808564333861,0.677321145451108,-0.11864623280216303,senior,7,6,13
T028,2026-01-05,1,,0,10,0.7380408196079328,0.31675366336699035,0.3941530551790788,junior,9,12,21
T028,2026-01-05,1,,0,10,0.7380408196079328,0.31675366336699035,0.3941530551790788,senior,9,9,18
T028,2026-01-12,2,,0,10,0.7380408196079328,0.31675366336699035,0.3941530551790788,junior,5,13,18
T028,2026-01-12,2,,0,10,0.7380408196079328,0.31675366336699035,0.3941530551790788,senior,5,8,13
T028,2026-01-19,3,,0,10,0.7380408196079328,0.31675366336699035,0.3941530551790788,junior,5,13,18
T028,2026-01-19,3,,0,10,0.7380408196079328,0.31675366336699035,0.3941530551790788,senior,11,15,26
T028,2026-01-26,4,,0,10,0.7380408196079328,0.31675366336699035,0.3941530551790788,junior,7,7,14
T028,2026-01-26,4,,0,10,0.7380408196079328,0.31675366336699035,0.3941530551790788,senior,14,15,29
T028,2026-02-02,5,,0,10,0.7380408196079328,0.31675366336699035,0.3941530551790788,junior,8,6,14
T028,2026-02-02,5,,0,10,0.7380408196079328,0.31675366336699035,0.3941530551790788,senior,16,11,27
T028,2026-02-09,6,,0,10,0.7380408196079328,0.31675366336699035,0.3941530551790788,junior,3,4,7
T028,2026-02-09,6,,0,10,0.7380408196079328,0.31675366336699035,0.3941530551790788,senior,13,5,18
T028,2026-02-16,7,,0,10,0.7380408196079328,0.31675366336699035,0.3941530551790788,junior,2,8,10
T028,2026-02-16,7,,0,10,0.7380408196079328,0.31675366336699035,0.3941530551790788,senior,9,16,25
T028,2026-02-23,8,,0,10,0.7380408196079328,0.31675366336699035,0.3941530551790788,junior,4,3,7
T028,2026-02-23,8,,0,10,0.7380408196079328,0.31675366336699035,0.3941530551790788,senior,7,8,15
T028,2026-03-02,9,,0,10,0.7380408196079328,0.31675366336699035,0.3941530551790788,junior,4,3,7
T028,2026-03-02,9,,0,10,0.7380408196079328,0.31675366336699035,0.3941530551790788,senior,10,13,23
T028,2026-03-09,10,,0,10,0.7380408196079328,0.31675366336699035,0.3941530551790788,junior,3,5,8
T028,2026-03-09,10,,0,10,0.7380408196079328,0.31675366336699035,0.3941530551790788,senior,7,11,18
T028,2026-03-16,11,,0,10,0.7380408196079328,0.31675366336699035,0.3941530551790788,junior,3,7,10
T028,2026-03-16,11,,0,10,0.7380408196079328,0.31675366336699035,0.3941530551790788,senior,7,16,23
T028,2026-03-23,12,,0,10,0.7380408196079328,0.31675366336699035,0.3941530551790788,junior,3,11,14
T028,2026-03-23,12,,0,10,0.7380408196079328,0.31675366336699035,0.3941530551790788,senior,6,7,13
T028,2026-03-30,13,,0,10,0.7380408196079328,0.31675366336699035,0.3941530551790788,junior,6,9,15
T028,2026-03-30,13,,0,10,0.7380408196079328,0.31675366336699035,0.3941530551790788,senior,10,15,25
T028,2026-04-06,14,,0,10,0.7380408196079328,0.31675366336699035,0.3941530551790788,junior,5,9,14
T028,2026-04-06,14,,0,10,0.7380408196079328,0.31675366336699035,0.3941530551790788,senior,10,9,19
T028,2026-04-13,15,,0,10,0.7380408196079328,0.31675366336699035,0.3941530551790788,junior,4,7,11
T028,2026-04-13,15,,0,10,0.7380408196079328,0.31675366336699035,0.3941530551790788,senior,13,13,26
T028,2026-04-20,16,,0,10,0.7380408196079328,0.31675366336699035,0.3941530551790788,junior,3,6,9
T028,2026-04-20,16,,0,10,0.7380408196079328,0.31675366336699035,0.3941530551790788,senior,7,15,22
T028,2026-04-27,17,,0,10,0.7380408196079328,0.31675366336699035,0.3941530551790788,junior,2,7,9
T028,2026-04-27,17,,0,10,0.7380408196079328,0.31675366336699035,0.3941530551790788,senior,10,12,22
T028,2026-05-04,18,,0,10,0.7380408196079328,0.31675366336699035,0.3941530551790788,junior,8,4,12
T028,2026-05-04,18,,0,10,0.7380408196079328,0.31675366336699035,0.3941530551790788,senior,10,12,22
T028,2026-05-11,19,,0,10,0.7380408196079328,0.31675366336699035,0.3941530551790788,junior,2,6,8
T028,2026-05-11,19,,0,10,0.7380408196079328,0.31675366336699035,0.3941530551790788,senior,10,11,21
T028,2026-05-18,20,,0,10,0.7380408196079328,0.31675366336699035,0.3941530551790788,junior,8,11,19
T028,2026-05-18,20,,0,10,0.7380408196079328,0.31675366336699035,0.3941530551790788,senior,5,13,18
T028,2026-05-25,21,,0,10,0.7380408196079328,0.31675366336699035,0.3941530551790788,junior,9,11,20
T028,2026-05-25,21,,0,10,0.7380408196079328,0.31675366336699035,0.3941530551790788,senior,7,13,20
T028,2026-06-01,22,,0,10,0.7380408196079328,0.31675366336699035,0.3941530551790788,junior,6,9,15
T028,2026-06-01,22,,0,10,0.7380408196079328,0.31675366336699035,0.3941530551790788,senior,11,13,24
T028,2026-06-08,23,,0,10,0.7380408196079328,0.31675366336699035,0.3941530551790788,junior,9,11,20
T028,2026-06-08,23,,0,10,0.7380408196079328,0.31675366336699035,0.3941530551790788,senior,12,9,21
T028,2026-06-15,24,,0,10,0.7380408196079328,0.31675366336699035,0.3941530551790788,junior,6,7,13
T028,2026-06-15,24,,0,10,0.7380408196079328,0.31675366336699035,0.3941530551790788,senior,10,12,22
T028,2026-06-22,25,,0,10,0.7380408196079328,0.31675366336699035,0.3941530551790788,junior,10,9,19
T028,2026-06-22,25,,0,10,0.7380408196079328,0.31675366336699035,0.3941530551790788,senior,10,14,24
T028,2026-06-29,26,,0,10,0.7380408196079328,0.31675366336699035,0.3941530551790788,junior,2,5,7
T028,2026-06-29,26,,0,10,0.7380408196079328,0.31675366336699035,0.3941530551790788,senior,7,8,15
T028,2026-07-06,27,,0,10,0.7380408196079328,0.31675366336699035,0.3941530551790788,junior,4,12,16
T028,2026-07-06,27,,0,10,0.7380408196079328,0.31675366336699035,0.3941530551790788,senior,11,9,20
T028,2026-07-13,28,,0,10,0.7380408196079328,0.31675366336699035,0.3941530551790788,junior,2,9,11
T028,2026-07-13,28,,0,10,0.7380408196079328,0.31675366336699035,0.3941530551790788,senior,5,9,14
T028,2026-07-20,29,,0,10,0.7380408196079328,0.31675366336699035,0.3941530551790788,junior,6,6,12
T028,2026-07-20,29,,0,10,0.7380408196079328,0.31675366336699035,0.3941530551790788,senior,7,12,19
T028,2026-07-27,30,,0,10,0.7380408196079328,0.31675366336699035,0.3941530551790788,junior,8,4,12
T028,2026-07-27,30,,0,10,0.7380408196079328,0.31675366336699035,0.3941530551790788,senior,7,16,23
T029,2026-01-05,1,,0,5,0.4529687905600612,0.46357215418629993,-1.6090430818345587,junior,5,2,7
T029,2026-01-05,1,,0,5,0.4529687905600612,0.46357215418629993,-1.6090430818345587,senior,4,4,8
T029,2026-01-12,2,,0,5,0.4529687905600612,0.46357215418629993,-1.6090430818345587,junior,1,4,5
T029,2026-01-12,2,,0,5,0.4529687905600612,0.46357215418629993,-1.6090430818345587,senior,3,5,8
T029,2026-01-19,3,,0,5,0.4529687905600612,0.46357215418629993,-1.6090430818345587,junior,3,0,3
T029,2026-01-19,3,,0,5,0.4529687905600612,0.46357215418629993,-1.6090430818345587,senior,2,6,8
T029,2026-01-26,4,,0,5,0.4529687905600612,0.46357215418629993,-1.6090430818345587,junior,3,3,6
T029,2026-01-26,4,,0,5,0.4529687905600612,0.46357215418629993,-1.6090430818345587,senior,3,5,8
T029,2026-02-02,5,,0,5,0.4529687905600612,0.46357215418629993,-1.6090430818345587,junior,7,2,9
T029,2026-02-02,5,,0,5,0.4529687905600612,0.46357215418629993,-1.6090430818345587,senior,4,5,9
T029,2026-02-09,6,,0,5,0.4529687905600612,0.46357215418629993,-1.6090430818345587,junior,2,4,6
T029,2026-02-09,6,,0,5,0.4529687905600612,0.46357215418629993,-1.6090430818345587,senior,2,6,8
T029,2026-02-16,7,,0,5,0.4529687905600612,0.46357215418629993,-1.6090430818345587,junior,3,6,9
T029,2026-02-16,7,,0,5,0.4529687905600612,0.46357215418629993,-1.6090430818345587,senior,1,10,11
T029,2026-02-23,8,,0,5,0.4529687905600612,0.46357215418629993,-1.6090430818345587,junior,3,3,6
T029,2026-02-23,8,,0,5,0.4529687905600612,0.46357215418629993,-1.6090430818345587,senior,5,3,8
T029,2026-03-02,9,,0,5,0.4529687905600612,0.46357215418629993,-1.6090430818345587,junior,1,3,4
T029,2026-03-02,9,,0,5,0.4529687905600612,0.46357215418629993,-1.6090430818345587,senior,3,9,12
T029,2026-03-09,10,,0,5,0.4529687905600612,0.46357215418629993,-1.6090430818345587,junior,2,3,5
T029,2026-03-09,10,,0,5,0.4529687905600612,0.46357215418629993,-1.6090430818345587,senior,4,3,7
T029,2026-03-16,11,,0,5,0.4529687905600612,0.46357215418629993,-1.6090430818345587,junior,2,0,2
T029,2026-03-16,11,,0,5,0.4529687905600612,0.46357215418629993,-1.6090430818345587,senior,2,9,11
T029,2026-03-23,12,,0,5,0.4529687905600612,0.46357215418629993,-1.6090430818345587,junior,1,4,5
T029,2026-03-23,12,,0,5,0.4529687905600612,0.46357215418629993,-1.6090430818345587,senior,3,3,6
T029,2026-03-30,13,,0,5,0.4529687905600612,0.46357215418629993,-1.6090430818345587,junior,1,6,7
T029,2026-03-30,13,,0,5,0.4529687905600612,0.46357215418629993,-1.6090430818345587,senior,3,2,5
T029,2026-04-06,14,,0,5,0.4529687905600612,0.46357215418629993,-1.6090430818345587,junior,0,3,3
T029,2026-04-06,14,,0,5,0.4529687905600612,0.46357215418629993,-1.6090430818345587,senior,4,11,15
T029,2026-04-13,15,,0,5,0.4529687905600612,0.46357215418629993,-1.6090430818345587,junior,3,2,5
T029,2026-04-13,15,,0,5,0.4529687905600612,0.46357215418629993,-1.6090430818345587,senior,3,4,7
T029,2026-04-20,16,,0,5,0.4529687905600612,0.46357215418629993,-1.6090430818345587,junior,1,2,3
T029,2026-04-20,16,,0,5,0.4529687905600612,0.46357215418629993,-1.6090430818345587,senior,3,5,8
T029,2026-04-27,17,,0,5,0.4529687905600612,0.46357215418629993,-1.6090430818345587,junior,3,0,3
T029,2026-04-27,17,,0,5,0.4529687905600612,0.46357215418629993,-1.6090430818345587,senior,5,6,11
T029,2026-05-04,18,,0,5,0.4529687905600612,0.46357215418629993,-1.6090430818345587,junior,2,4,6
T029,2026-05-04,18,,0,5,0.4529687905600612,0.46357215418629993,-1.6090430818345587,senior,5,2,7
T029,2026-05-11,19,,0,5,0.4529687905600612,0.46357215418629993,-1.6090430818345587,junior,3,7,10
T029,2026-05-11,19,,0,5,0.4529687905600612,0.46357215418629993,-1.6090430818345587,senior,6,5,11
T029,2026-05-18,20,,0,5,0.4529687905600612,0.46357215418629993,-1.6090430818345587,junior,6,5,11
T029,2026-05-18,20,,0,5,0.4529687905600612,0.46357215418629993,-1.6090430818345587,senior,4,3,7
T029,2026-05-25,21,,0,5,0.4529687905600612,0.46357215418629993,-1.6090430818345587,junior,3,2,5
T029,2026-05-25,21,,0,5,0.4529687905600612,0.46357215418629993,-1.6090430818345587,senior,9,4,13
T029,2026-06-01,22,,0,5,0.4529687905600612,0.46357215418629993,-1.6090430818345587,junior,2,4,6
T029,2026-06-01,22,,0,5,0.4529687905600612,0.46357215418629993,-1.6090430818345587,senior,2,4,6
T029,2026-06-08,23,,0,5,0.4529687905600612,0.46357215418629993,-1.6090430818345587,junior,2,1,3
T029,2026-06-08,23,,0,5,0.4529687905600612,0.46357215418629993,-1.6090430818345587,senior,6,5,11
T029,2026-06-15,24,,0,5,0.4529687905600612,0.46357215418629993,-1.6090430818345587,junior,1,8,9
T029,2026-06-15,24,,0,5,0.4529687905600612,0.46357215418629993,-1.6090430818345587,senior,3,5,8
T029,2026-06-22,25,,0,5,0.4529687905600612,0.46357215418629993,-1.6090430818345587,junior,2,1,3
T029,2026-06-22,25,,0,5,0.4529687905600612,0.46357215418629993,-1.6090430818345587,senior,2,6,8
T029,2026-06-29,26,,0,5,0.4529687905600612,0.46357215418629993,-1.6090430818345587,junior,2,3,5
T029,2026-06-29,26,,0,5,0.4529687905600612,0.46357215418629993,-1.6090430818345587,senior,5,5,10
T029,2026-07-06,27,,0,5,0.4529687905600612,0.46357215418629993,-1.6090430818345587,junior,5,2,7
T029,2026-07-06,27,,0,5,0.4529687905600612,0.46357215418629993,-1.6090430818345587,senior,4,4,8
T029,2026-07-13,28,,0,5,0.4529687905600612,0.46357215418629993,-1.6090430818345587,junior,0,3,3
T029,2026-07-13,28,,0,5,0.4529687905600612,0.46357215418629993,-1.6090430818345587,senior,4,3,7
T029,2026-07-20,29,,0,5,0.4529687905600612,0.46357215418629993,-1.6090430818345587,junior,0,5,5
T029,2026-07-20,29,,0,5,0.4529687905600612,0.46357215418629993,-1.6090430818345587,senior,4,4,8
T029,2026-07-27,30,,0,5,0.4529687905600612,0.46357215418629993,-1.6090430818345587,junior,3,5,8
T029,2026-07-27,30,,0,5,0.4529687905600612,0.46357215418629993,-1.6090430818345587,senior,1,2,3
T030,2026-01-05,1,8.0,0,6,0.5048909461457504,0.29028936120720344,-0.6066165932131347,junior,4,4,8
T030,2026-01-05,1,8.0,0,6,0.5048909461457504,0.29028936120720344,-0.6066165932131347,senior,6,8,14
T030,2026-01-12,2,8.0,0,6,0.5048909461457504,0.29028936120720344,-0.6066165932131347,junior,6,3,9
T030,2026-01-12,2,8.0,0,6,0.5048909461457504,0.29028936120720344,-0.6066165932131347,senior,4,10,14
T030,2026-01-19,3,8.0,0,6,0.5048909461457504,0.29028936120720344,-0.6066165932131347,junior,4,3,7
T030,2026-01-19,3,8.0,0,6,0.5048909461457504,0.29028936120720344,-0.6066165932131347,senior,10,4,14
T030,2026-01-26,4,8.0,0,6,0.5048909461457504,0.29028936120720344,-0.6066165932131347,junior,4,4,8
T030,2026-01-26,4,8.0,0,6,0.5048909461457504,0.29028936120720344,-0.6066165932131347,senior,7,4,11
T030,2026-02-02,5,8.0,0,6,0.5048909461457504,0.29028936120720344,-0.6066165932131347,junior,5,9,14
T030,2026-02-02,5,8.0,0,6,0.5048909461457504,0.29028936120720344,-0.6066165932131347,senior,5,7,12
T030,2026-02-09,6,8.0,0,6,0.5048909461457504,0.29028936120720344,-0.6066165932131347,junior,5,2,7
T030,2026-02-09,6,8.0,0,6,0.5048909461457504,0.29028936120720344,-0.6066165932131347,senior,6,4,10
T030,2026-02-16,7,8.0,0,6,0.5048909461457504,0.29028936120720344,-0.6066165932131347,junior,5,2,7
T030,2026-02-16,7,8.0,0,6,0.5048909461457504,0.29028936120720344,-0.6066165932131347,senior,1,6,7
T030,2026-02-23,8,8.0,1,6,0.5048909461457504,0.29028936120720344,-0.6066165932131347,junior,5,4,9
T030,2026-02-23,8,8.0,1,6,0.5048909461457504,0.29028936120720344,-0.6066165932131347,senior,2,5,7
T030,2026-03-02,9,8.0,1,6,0.5048909461457504,0.29028936120720344,-0.6066165932131347,junior,2,4,6
T030,2026-03-02,9,8.0,1,6,0.5048909461457504,0.29028936120720344,-0.6066165932131347,senior,2,3,5
T030,2026-03-09,10,8.0,1,6,0.5048909461457504,0.29028936120720344,-0.6066165932131347,junior,4,6,10
T030,2026-03-09,10,8.0,1,6,0.5048909461457504,0.29028936120720344,-0.6066165932131347,senior,6,5,11
T030,2026-03-16,11,8.0,1,6,0.5048909461457504,0.29028936120720344,-0.6066165932131347,junior,5,6,11
T030,2026-03-16,11,8.0,1,6,0.5048909461457504,0.29028936120720344,-0.6066165932131347,senior,13,7,20
T030,2026-03-23,12,8.0,1,6,0.5048909461457504,0.29028936120720344,-0.6066165932131347,junior,5,3,8
T030,2026-03-23,12,8.0,1,6,0.5048909461457504,0.29028936120720344,-0.6066165932131347,senior,8,5,13
T030,2026-03-30,13,8.0,1,6,0.5048909461457504,0.29028936120720344,-0.6066165932131347,junior,4,3,7
T030,2026-03-30,13,8.0,1,6,0.5048909461457504,0.29028936120720344,-0.6066165932131347,senior,10,4,14
T030,2026-04-06,14,8.0,1,6,0.5048909461457504,0.29028936120720344,-0.6066165932131347,junior,6,7,13
T030,2026-04-06,14,8.0,1,6,0.5048909461457504,0.29028936120720344,-0.6066165932131347,senior,7,9,16
T030,2026-04-13,15,8.0,1,6,0.5048909461457504,0.29028936120720344,-0.6066165932131347,junior,2,8,10
T030,2026-04-13,15,8.0,1,6,0.5048909461457504,0.29028936120720344,-0.6066165932131347,senior,2,5,7
T030,2026-04-20,16,8.0,1,6,0.5048909461457504,0.29028936120720344,-0.6066165932131347,junior,2,6,8
T030,2026-04-20,16,8.0,1,6,0.5048909461457504,0.29028936120720344,-0.6066165932131347,senior,5,8,13
T030,2026-04-27,17,8.0,1,6,0.5048909461457504,0.29028936120720344,-0.6066165932131347,junior,6,4,10
T030,2026-04-27,17,8.0,1,6,0.5048909461457504,0.29028936120720344,-0.6066165932131347,senior,2,6,8
T030,2026-05-04,18,8.0,1,6,0.5048909461457504,0.29028936120720344,-0.6066165932131347,junior,7,6,13
T030,2026-05-04,18,8.0,1,6,0.5048909461457504,0.29028936120720344,-0.6066165932131347,senior,7,8,15
T030,2026-05-11,19,8.0,1,6,0.5048909461457504,0.29028936120720344,-0.6066165932131347,junior,0,5,5
T030,2026-05-11,19,8.0,1,6,0.5048909461457504,0.29028936120720344,-0.6066165932131347,senior,9,10,19
T030,2026-05-18,20,8.0,1,6,0.5048909461457504,0.29028936120720344,-0.6066165932131347,junior,2,5,7
T030,2026-05-18,20,8.0,1,6,0.5048909461457504,0.29028936120720344,-0.6066165932131347,senior,6,4,10
T030,2026-05-25,21,8.0,1,6,0.5048909461457504,0.29028936120720344,-0.6066165932131347,junior,5,5,10
T030,2026-05-25,21,8.0,1,6,0.5048909461457504,0.29028936120720344,-0.6066165932131347,senior,9,5,14
T030,2026-06-01,22,8.0,1,6,0.5048909461457504,0.29028936120720344,-0.6066165932131347,junior,4,7,11
T030,2026-06-01,22,8.0,1,6,0.5048909461457504,0.29028936120720344,-0.6066165932131347,senior,2,5,7
T030,2026-06-08,23,8.0,1,6,0.5048909461457504,0.29028936120720344,-0.6066165932131347,junior,7,6,13
T030,2026-06-08,23,8.0,1,6,0.5048909461457504,0.29028936120720344,-0.6066165932131347,senior,6,5,11
T030,2026-06-15,24,8.0,1,6,0.5048909461457504,0.29028936120720344,-0.6066165932131347,junior,1,4,5
T030,2026-06-15,24,8.0,1,6,0.5048909461457504,0.29028936120720344,-0.6066165932131347,senior,3,6,9
T030,2026-06-22,25,8.0,1,6,0.5048909461457504,0.29028936120720344,-0.6066165932131347,junior,3,9,12
T030,2026-06-22,25,8.0,1,6,0.5048909461457504,0.29028936120720344,-0.6066165932131347,senior,6,11,17
T030,2026-06-29,26,8.0,1,6,0.5048909461457504,0.29028936120720344,-0.6066165932131347,junior,6,9,15
T030,2026-06-29,26,8.0,1,6,0.5048909461457504,0.29028936120720344,-0.6066165932131347,senior,6,11,17
T030,2026-07-06,27,8.0,1,6,0.5048909461457504,0.29028936120720344,-0.6066165932131347,junior,1,5,6
T030,2026-07-06,27,8.0,1,6,0.5048909461457504,0.29028936120720344,-0.6066165932131347,senior,7,2,9
T030,2026-07-13,28,8.0,1,6,0.5048909461457504,0.29028936120720344,-0.6066165932131347,junior,4,8,12
T030,2026-07-13,28,8.0,1,6,0.5048909461457504,0.29028936120720344,-0.6066165932131347,senior,2,8,10
T030,2026-07-20,29,8.0,1,6,0.5048909461457504,0.29028936120720344,-0.6066165932131347,junior,1,7,8
T030,2026-07-20,29,8.0,1,6,0.5048909461457504,0.29028936120720344,-0.6066165932131347,senior,7,5,12
T030,2026-07-27,30,8.0,1,6,0.5048909461457504,0.29028936120720344,-0.6066165932131347,junior,4,4,8
T030,2026-07-27,30,8.0,1,6,0.5048909461457504,0.29028936120720344,-0.6066165932131347,senior,4,7,11
T031,2026-01-05,1,10.0,0,9,0.814794883781883,0.2752453818323542,-0.6898249815330838,junior,1,4,5
T031,2026-01-05,1,10.0,0,9,0.814794883781883,0.2752453818323542,-0.6898249815330838,senior,8,8,16
T031,2026-01-12,2,10.0,0,9,0.814794883781883,0.2752453818323542,-0.6898249815330838,junior,2,2,4
T031,2026-01-12,2,10.0,0,9,0.814794883781883,0.2752453818323542,-0.6898249815330838,senior,8,9,17
T031,2026-01-19,3,10.0,0,9,0.814794883781883,0.2752453818323542,-0.6898249815330838,junior,6,6,12
T031,2026-01-19,3,10.0,0,9,0.814794883781883,0.2752453818323542,-0.6898249815330838,senior,7,3,10
T031,2026-01-26,4,10.0,0,9,0.814794883781883,0.2752453818323542,-0.6898249815330838,junior,2,4,6
T031,2026-01-26,4,10.0,0,9,0.814794883781883,0.2752453818323542,-0.6898249815330838,senior,7,4,11
T031,2026-02-02,5,10.0,0,9,0.814794883781883,0.2752453818323542,-0.6898249815330838,junior,2,9,11
T031,2026-02-02,5,10.0,0,9,0.814794883781883,0.2752453818323542,-0.6898249815330838,senior,4,18,22
T031,2026-02-09,6,10.0,0,9,0.814794883781883,0.2752453818323542,-0.6898249815330838,junior,2,2,4
T031,2026-02-09,6,10.0,0,9,0.814794883781883,0.2752453818323542,-0.6898249815330838,senior,9,7,16
T031,2026-02-16,7,10.0,0,9,0.814794883781883,0.2752453818323542,-0.6898249815330838,junior,1,4,5
T031,2026-02-16,7,10.0,0,9,0.814794883781883,0.2752453818323542,-0.6898249815330838,senior,4,5,9
T031,2026-02-23,8,10.0,0,9,0.814794883781883,0.2752453818323542,-0.6898249815330838,junior,2,1,3
T031,2026-02-23,8,10.0,0,9,0.814794883781883,0.2752453818323542,-0.6898249815330838,senior,4,6,10
T031,2026-03-02,9,10.0,0,9,0.814794883781883,0.2752453818323542,-0.6898249815330838,junior,3,1,4
T031,2026-03-02,9,10.0,0,9,0.814794883781883,0.2752453818323542,-0.6898249815330838,senior,7,5,12
T031,2026-03-09,10,10.0,1,9,0.814794883781883,0.2752453818323542,-0.6898249815330838,junior,1,2,3
T031,2026-03-09,10,10.0,1,9,0.814794883781883,0.2752453818323542,-0.6898249815330838,senior,3,8,11
T031,2026-03-16,11,10.0,1,9,0.814794883781883,0.2752453818323542,-0.6898249815330838,junior,2,7,9
T031,2026-03-16,11,10.0,1,9,0.814794883781883,0.2752453818323542,-0.6898249815330838,senior,5,5,10
T031,2026-03-23,12,10.0,1,9,0.814794883781883,0.2752453818323542,-0.6898249815330838,junior,2,2,4
T031,2026-03-23,12,10.0,1,9,0.814794883781883,0.2752453818323542,-0.6898249815330838,senior,7,4,11
T031,2026-03-30,13,10.0,1,9,0.814794883781883,0.2752453818323542,-0.6898249815330838,junior,3,6,9
T031,2026-03-30,13,10.0,1,9,0.814794883781883,0.2752453818323542,-0.6898249815330838,senior,4,13,17
T031,2026-04-06,14,10.0,1,9,0.814794883781883,0.2752453818323542,-0.6898249815330838,junior,3,1,4
T031,2026-04-06,14,10.0,1,9,0.814794883781883,0.2752453818323542,-0.6898249815330838,senior,6,5,11
T031,2026-04-13,15,10.0,1,9,0.814794883781883,0.2752453818323542,-0.6898249815330838,junior,2,4,6
T031,2026-04-13,15,10.0,1,9,0.814794883781883,0.2752453818323542,-0.6898249815330838,senior,5,13,18
T031,2026-04-20,16,10.0,1,9,0.814794883781883,0.2752453818323542,-0.6898249815330838,junior,2,3,5
T031,2026-04-20,16,10.0,1,9,0.814794883781883,0.2752453818323542,-0.6898249815330838,senior,6,6,12
T031,2026-04-27,17,10.0,1,9,0.814794883781883,0.2752453818323542,-0.6898249815330838,junior,3,6,9
T031,2026-04-27,17,10.0,1,9,0.814794883781883,0.2752453818323542,-0.6898249815330838,senior,8,8,16
T031,2026-05-04,18,10.0,1,9,0.814794883781883,0.2752453818323542,-0.6898249815330838,junior,4,5,9
T031,2026-05-04,18,10.0,1,9,0.814794883781883,0.2752453818323542,-0.6898249815330838,senior,6,9,15
T031,2026-05-11,19,10.0,1,9,0.814794883781883,0.2752453818323542,-0.6898249815330838,junior,4,3,7
T031,2026-05-11,19,10.0,1,9,0.814794883781883,0.2752453818323542,-0.6898249815330838,senior,4,5,9
T031,2026-05-18,20,10.0,1,9,0.814794883781883,0.2752453818323542,-0.6898249815330838,junior,1,1,2
T031,2026-05-18,20,10.0,1,9,0.814794883781883,0.2752453818323542,-0.6898249815330838,senior,6,5,11
T031,2026-05-25,21,10.0,1,9,0.814794883781883,0.2752453818323542,-0.6898249815330838,junior,3,8,11
T031,2026-05-25,21,10.0,1,9,0.814794883781883,0.2752453818323542,-0.6898249815330838,senior,9,4,13
T031,2026-06-01,22,10.0,1,9,0.814794883781883,0.2752453818323542,-0.6898249815330838,junior,3,10,13
T031,2026-06-01,22,10.0,1,9,0.814794883781883,0.2752453818323542,-0.6898249815330838,senior,13,7,20
T031,2026-06-08,23,10.0,1,9,0.814794883781883,0.2752453818323542,-0.6898249815330838,junior,3,7,10
T031,2026-06-08,23,10.0,1,9,0.814794883781883,0.2752453818323542,-0.6898249815330838,senior,4,9,13
T031,2026-06-15,24,10.0,1,9,0.814794883781883,0.2752453818323542,-0.6898249815330838,junior,4,6,10
T031,2026-06-15,24,10.0,1,9,0.814794883781883,0.2752453818323542,-0.6898249815330838,senior,7,3,10
T031,2026-06-22,25,10.0,1,9,0.814794883781883,0.2752453818323542,-0.6898249815330838,junior,4,6,10
T031,2026-06-22,25,10.0,1,9,0.814794883781883,0.2752453818323542,-0.6898249815330838,senior,8,7,15
T031,2026-06-29,26,10.0,1,9,0.814794883781883,0.2752453818323542,-0.6898249815330838,junior,0,5,5
T031,2026-06-29,26,10.0,1,9,0.814794883781883,0.2752453818323542,-0.6898249815330838,senior,4,9,13
T031,2026-07-06,27,10.0,1,9,0.814794883781883,0.2752453818323542,-0.6898249815330838,junior,4,2,6
T031,2026-07-06,27,10.0,1,9,0.814794883781883,0.2752453818323542,-0.6898249815330838,senior,4,10,14
T031,2026-07-13,28,10.0,1,9,0.814794883781883,0.2752453818323542,-0.6898249815330838,junior,6,5,11
T031,2026-07-13,28,10.0,1,9,0.814794883781883,0.2752453818323542,-0.6898249815330838,senior,4,11,15
T031,2026-07-20,29,10.0,1,9,0.814794883781883,0.2752453818323542,-0.6898249815330838,junior,1,3,4
T031,2026-07-20,29,10.0,1,9,0.814794883781883,0.2752453818323542,-0.6898249815330838,senior,5,6,11
T031,2026-07-27,30,10.0,1,9,0.814794883781883,0.2752453818323542,-0.6898249815330838,junior,3,3,6
T031,2026-07-27,30,10.0,1,9,0.814794883781883,0.2752453818323542,-0.6898249815330838,senior,2,6,8
T032,2026-01-05,1,19.0,0,11,0.7806440241161934,0.3711337741638917,1.321581443244358,junior,7,17,24
T032,2026-01-05,1,19.0,0,11,0.7806440241161934,0.3711337741638917,1.321581443244358,senior,19,18,37
T032,2026-01-12,2,19.0,0,11,0.7806440241161934,0.3711337741638917,1.321581443244358,junior,11,16,27
T032,2026-01-12,2,19.0,0,11,0.7806440241161934,0.3711337741638917,1.321581443244358,senior,12,14,26
T032,2026-01-19,3,19.0,0,11,0.7806440241161934,0.3711337741638917,1.321581443244358,junior,15,15,30
T032,2026-01-19,3,19.0,0,11,0.7806440241161934,0.3711337741638917,1.321581443244358,senior,11,15,26
T032,2026-01-26,4,19.0,0,11,0.7806440241161934,0.3711337741638917,1.321581443244358,junior,13,12,25
T032,2026-01-26,4,19.0,0,11,0.7806440241161934,0.3711337741638917,1.321581443244358,senior,14,15,29
T032,2026-02-02,5,19.0,0,11,0.7806440241161934,0.3711337741638917,1.321581443244358,junior,19,17,36
T032,2026-02-02,5,19.0,0,11,0.7806440241161934,0.3711337741638917,1.321581443244358,senior,8,9,17
T032,2026-02-09,6,19.0,0,11,0.7806440241161934,0.3711337741638917,1.321581443244358,junior,13,17,30
T032,2026-02-09,6,19.0,0,11,0.7806440241161934,0.3711337741638917,1.321581443244358,senior,16,13,29
T032,2026-02-16,7,19.0,0,11,0.7806440241161934,0.3711337741638917,1.321581443244358,junior,6,7,13
T032,2026-02-16,7,19.0,0,11,0.7806440241161934,0.3711337741638917,1.321581443244358,senior,16,16,32
T032,2026-02-23,8,19.0,0,11,0.7806440241161934,0.3711337741638917,1.321581443244358,junior,11,13,24
T032,2026-02-23,8,19.0,0,11,0.7806440241161934,0.3711337741638917,1.321581443244358,senior,15,13,28
T032,2026-03-02,9,19.0,0,11,0.7806440241161934,0.3711337741638917,1.321581443244358,junior,8,10,18
T032,2026-03-02,9,19.0,0,11,0.7806440241161934,0.3711337741638917,1.321581443244358,senior,10,13,23
T032,2026-03-09,10,19.0,0,11,0.7806440241161934,0.3711337741638917,1.321581443244358,junior,9,11,20
T032,2026-03-09,10,19.0,0,11,0.7806440241161934,0.3711337741638917,1.321581443244358,senior,15,31,46
T032,2026-03-16,11,19.0,0,11,0.7806440241161934,0.3711337741638917,1.321581443244358,junior,11,15,26
T032,2026-03-16,11,19.0,0,11,0.7806440241161934,0.3711337741638917,1.321581443244358,senior,12,13,25
T032,2026-03-23,12,19.0,0,11,0.7806440241161934,0.3711337741638917,1.321581443244358,junior,9,12,21
T032,2026-03-23,12,19.0,0,11,0.7806440241161934,0.3711337741638917,1.321581443244358,senior,16,18,34
T032,2026-03-30,13,19.0,0,11,0.7806440241161934,0.3711337741638917,1.321581443244358,junior,12,9,21
T032,2026-03-30,13,19.0,0,11,0.7806440241161934,0.3711337741638917,1.321581443244358,senior,18,18,36
T032,2026-04-06,14,19.0,0,11,0.7806440241161934,0.3711337741638917,1.321581443244358,junior,12,19,31
T032,2026-04-06,14,19.0,0,11,0.7806440241161934,0.3711337741638917,1.321581443244358,senior,9,13,22
T032,2026-04-13,15,19.0,0,11,0.7806440241161934,0.3711337741638917,1.321581443244358,junior,7,6,13
T032,2026-04-13,15,19.0,0,11,0.7806440241161934,0.3711337741638917,1.321581443244358,senior,7,14,21
T032,2026-04-20,16,19.0,0,11,0.7806440241161934,0.3711337741638917,1.321581443244358,junior,16,13,29
T032,2026-04-20,16,19.0,0,11,0.7806440241161934,0.3711337741638917,1.321581443244358,senior,13,6,19
T032,2026-04-27,17,19.0,0,11,0.7806440241161934,0.3711337741638917,1.321581443244358,junior,6,10,16
T032,2026-04-27,17,19.0,0,11,0.7806440241161934,0.3711337741638917,1.321581443244358,senior,10,12,22
T032,2026-05-04,18,19.0,0,11,0.7806440241161934,0.3711337741638917,1.321581443244358,junior,13,11,24
T032,2026-05-04,18,19.0,0,11,0.7806440241161934,0.3711337741638917,1.321581443244358,senior,10,15,25
T032,2026-05-11,19,19.0,1,11,0.7806440241161934,0.3711337741638917,1.321581443244358,junior,17,15,32
T032,2026-05-11,19,19.0,1,11,0.7806440241161934,0.3711337741638917,1.321581443244358,senior,9,10,19
T032,2026-05-18,20,19.0,1,11,0.7806440241161934,0.3711337741638917,1.321581443244358,junior,19,18,37
T032,2026-05-18,20,19.0,1,11,0.7806440241161934,0.3711337741638917,1.321581443244358,senior,10,15,25
T032,2026-05-25,21,19.0,1,11,0.7806440241161934,0.3711337741638917,1.321581443244358,junior,17,22,39
T032,2026-05-25,21,19.0,1,11,0.7806440241161934,0.3711337741638917,1.321581443244358,senior,9,14,23
T032,2026-06-01,22,19.0,1,11,0.7806440241161934,0.3711337741638917,1.321581443244358,junior,13,15,28
T032,2026-06-01,22,19.0,1,11,0.7806440241161934,0.3711337741638917,1.321581443244358,senior,9,9,18
T032,2026-06-08,23,19.0,1,11,0.7806440241161934,0.3711337741638917,1.321581443244358,junior,12,22,34
T032,2026-06-08,23,19.0,1,11,0.7806440241161934,0.3711337741638917,1.321581443244358,senior,16,16,32
T032,2026-06-15,24,19.0,1,11,0.7806440241161934,0.3711337741638917,1.321581443244358,junior,7,21,28
T032,2026-06-15,24,19.0,1,11,0.7806440241161934,0.3711337741638917,1.321581443244358,senior,9,11,20
T032,2026-06-22,25,19.0,1,11,0.7806440241161934,0.3711337741638917,1.321581443244358,junior,10,16,26
T032,2026-06-22,25,19.0,1,11,0.7806440241161934,0.3711337741638917,1.321581443244358,senior,14,15,29
T032,2026-06-29,26,19.0,1,11,0.7806440241161934,0.3711337741638917,1.321581443244358,junior,7,19,26
T032,2026-06-29,26,19.0,1,11,0.7806440241161934,0.3711337741638917,1.321581443244358,senior,14,7,21
T032,2026-07-06,27,19.0,1,11,0.7806440241161934,0.3711337741638917,1.321581443244358,junior,9,19,28
T032,2026-07-06,27,19.0,1,11,0.7806440241161934,0.3711337741638917,1.321581443244358,senior,4,13,17
T032,2026-07-13,28,19.0,1,11,0.7806440241161934,0.3711337741638917,1.321581443244358,junior,12,12,24
T032,2026-07-13,28,19.0,1,11,0.7806440241161934,0.3711337741638917,1.321581443244358,senior,12,9,21
T032,2026-07-20,29,19.0,1,11,0.7806440241161934,0.3711337741638917,1.321581443244358,junior,15,26,41
T032,2026-07-20,29,19.0,1,11,0.7806440241161934,0.3711337741638917,1.321581443244358,senior,12,19,31
T032,2026-07-27,30,19.0,1,11,0.7806440241161934,0.3711337741638917,1.321581443244358,junior,10,13,23
T032,2026-07-27,30,19.0,1,11,0.7806440241161934,0.3711337741638917,1.321581443244358,senior,20,18,38
T033,2026-01-05,1,8.0,0,10,0.12374758229637876,0.22762658234776662,0.816792152941267,junior,19,15,34
T033,2026-01-05,1,8.0,0,10,0.12374758229637876,0.22762658234776662,0.816792152941267,senior,5,14,19
T033,2026-01-12,2,8.0,0,10,0.12374758229637876,0.22762658234776662,0.816792152941267,junior,15,14,29
T033,2026-01-12,2,8.0,0,10,0.12374758229637876,0.22762658234776662,0.816792152941267,senior,6,15,21
T033,2026-01-19,3,8.0,0,10,0.12374758229637876,0.22762658234776662,0.816792152941267,junior,5,14,19
T033,2026-01-19,3,8.0,0,10,0.12374758229637876,0.22762658234776662,0.816792152941267,senior,11,6,17
T033,2026-01-26,4,8.0,0,10,0.12374758229637876,0.22762658234776662,0.816792152941267,junior,9,13,22
T033,2026-01-26,4,8.0,0,10,0.12374758229637876,0.22762658234776662,0.816792152941267,senior,14,16,30
T033,2026-02-02,5,8.0,0,10,0.12374758229637876,0.22762658234776662,0.816792152941267,junior,17,17,34
T033,2026-02-02,5,8.0,0,10,0.12374758229637876,0.22762658234776662,0.816792152941267,senior,14,6,20
T033,2026-02-09,6,8.0,0,10,0.12374758229637876,0.22762658234776662,0.816792152941267,junior,12,17,29
T033,2026-02-09,6,8.0,0,10,0.12374758229637876,0.22762658234776662,0.816792152941267,senior,9,10,19
T033,2026-02-16,7,8.0,0,10,0.12374758229637876,0.22762658234776662,0.816792152941267,junior,8,20,28
T033,2026-02-16,7,8.0,0,10,0.12374758229637876,0.22762658234776662,0.816792152941267,senior,12,13,25
T033,2026-02-23,8,8.0,1,10,0.12374758229637876,0.22762658234776662,0.816792152941267,junior,17,23,40
T033,2026-02-23,8,8.0,1,10,0.12374758229637876,0.22762658234776662,0.816792152941267,senior,14,14,28
T033,2026-03-02,9,8.0,1,10,0.12374758229637876,0.22762658234776662,0.816792152941267,junior,18,22,40
T033,2026-03-02,9,8.0,1,10,0.12374758229637876,0.22762658234776662,0.816792152941267,senior,15,16,31
T033,2026-03-09,10,8.0,1,10,0.12374758229637876,0.22762658234776662,0.816792152941267,junior,16,22,38
T033,2026-03-09,10,8.0,1,10,0.12374758229637876,0.22762658234776662,0.816792152941267,senior,12,12,24
T033,2026-03-16,11,8.0,1,10,0.12374758229637876,0.22762658234776662,0.816792152941267,junior,12,19,31
T033,2026-03-16,11,8.0,1,10,0.12374758229637876,0.22762658234776662,0.816792152941267,senior,12,25,37
T033,2026-03-23,12,8.0,1,10,0.12374758229637876,0.22762658234776662,0.816792152941267,junior,10,9,19
T033,2026-03-23,12,8.0,1,10,0.12374758229637876,0.22762658234776662,0.816792152941267,senior,13,14,27
T033,2026-03-30,13,8.0,1,10,0.12374758229637876,0.22762658234776662,0.816792152941267,junior,12,15,27
T033,2026-03-30,13,8.0,1,10,0.12374758229637876,0.22762658234776662,0.816792152941267,senior,10,11,21
T033,2026-04-06,14,8.0,1,10,0.12374758229637876,0.22762658234776662,0.816792152941267,junior,11,15,26
T033,2026-04-06,14,8.0,1,10,0.12374758229637876,0.22762658234776662,0.816792152941267,senior,7,17,24
T033,2026-04-13,15,8.0,1,10,0.12374758229637876,0.22762658234776662,0.816792152941267,junior,15,13,28
T033,2026-04-13,15,8.0,1,10,0.12374758229637876,0.22762658234776662,0.816792152941267,senior,9,15,24
T033,2026-04-20,16,8.0,1,10,0.12374758229637876,0.22762658234776662,0.816792152941267,junior,13,18,31
T033,2026-04-20,16,8.0,1,10,0.12374758229637876,0.22762658234776662,0.816792152941267,senior,6,15,21
T033,2026-04-27,17,8.0,1,10,0.12374758229637876,0.22762658234776662,0.816792152941267,junior,14,25,39
T033,2026-04-27,17,8.0,1,10,0.12374758229637876,0.22762658234776662,0.816792152941267,senior,2,10,12
T033,2026-05-04,18,8.0,1,10,0.12374758229637876,0.22762658234776662,0.816792152941267,junior,19,22,41
T033,2026-05-04,18,8.0,1,10,0.12374758229637876,0.22762658234776662,0.816792152941267,senior,16,23,39
T033,2026-05-11,19,8.0,1,10,0.12374758229637876,0.22762658234776662,0.816792152941267,junior,17,17,34
T033,2026-05-11,19,8.0,1,10,0.12374758229637876,0.22762658234776662,0.816792152941267,senior,8,4,12
T033,2026-05-18,20,8.0,1,10,0.12374758229637876,0.22762658234776662,0.816792152941267,junior,18,24,42
T033,2026-05-18,20,8.0,1,10,0.12374758229637876,0.22762658234776662,0.816792152941267,senior,16,15,31
T033,2026-05-25,21,8.0,1,10,0.12374758229637876,0.22762658234776662,0.816792152941267,junior,22,17,39
T033,2026-05-25,21,8.0,1,10,0.12374758229637876,0.22762658234776662,0.816792152941267,senior,10,12,22
T033,2026-06-01,22,8.0,1,10,0.12374758229637876,0.22762658234776662,0.816792152941267,junior,13,13,26
T033,2026-06-01,22,8.0,1,10,0.12374758229637876,0.22762658234776662,0.816792152941267,senior,13,17,30
T033,2026-06-08,23,8.0,1,10,0.12374758229637876,0.22762658234776662,0.816792152941267,junior,11,13,24
T033,2026-06-08,23,8.0,1,10,0.12374758229637876,0.22762658234776662,0.816792152941267,senior,11,14,25
T033,2026-06-15,24,8.0,1,10,0.12374758229637876,0.22762658234776662,0.816792152941267,junior,18,21,39
T033,2026-06-15,24,8.0,1,10,0.12374758229637876,0.22762658234776662,0.816792152941267,senior,15,15,30
T033,2026-06-22,25,8.0,1,10,0.12374758229637876,0.22762658234776662,0.816792152941267,junior,20,11,31
T033,2026-06-22,25,8.0,1,10,0.12374758229637876,0.22762658234776662,0.816792152941267,senior,6,8,14
T033,2026-06-29,26,8.0,1,10,0.12374758229637876,0.22762658234776662,0.816792152941267,junior,20,16,36
T033,2026-06-29,26,8.0,1,10,0.12374758229637876,0.22762658234776662,0.816792152941267,senior,17,22,39
T033,2026-07-06,27,8.0,1,10,0.12374758229637876,0.22762658234776662,0.816792152941267,junior,6,20,26
T033,2026-07-06,27,8.0,1,10,0.12374758229637876,0.22762658234776662,0.816792152941267,senior,6,16,22
T033,2026-07-13,28,8.0,1,10,0.12374758229637876,0.22762658234776662,0.816792152941267,junior,19,22,41
T033,2026-07-13,28,8.0,1,10,0.12374758229637876,0.22762658234776662,0.816792152941267,senior,15,7,22
T033,2026-07-20,29,8.0,1,10,0.12374758229637876,0.22762658234776662,0.816792152941267,junior,15,15,30
T033,2026-07-20,29,8.0,1,10,0.12374758229637876,0.22762658234776662,0.816792152941267,senior,13,11,24
T033,2026-07-27,30,8.0,1,10,0.12374758229637876,0.22762658234776662,0.816792152941267,junior,15,14,29
T033,2026-07-27,30,8.0,1,10,0.12374758229637876,0.22762658234776662,0.816792152941267,senior,11,14,25
T034,2026-01-05,1,16.0,0,5,0.6307552756728391,0.651049521452119,2.1340459420659843,junior,12,18,30
T034,2026-01-05,1,16.0,0,5,0.6307552756728391,0.651049521452119,2.1340459420659843,senior,3,5,8
T034,2026-01-12,2,16.0,0,5,0.6307552756728391,0.651049521452119,2.1340459420659843,junior,17,19,36
T034,2026-01-12,2,16.0,0,5,0.6307552756728391,0.651049521452119,2.1340459420659843,senior,7,2,9
T034,2026-01-19,3,16.0,0,5,0.6307552756728391,0.651049521452119,2.1340459420659843,junior,12,11,23
T034,2026-01-19,3,16.0,0,5,0.6307552756728391,0.651049521452119,2.1340459420659843,senior,2,5,7
T034,2026-01-26,4,16.0,0,5,0.6307552756728391,0.651049521452119,2.1340459420659843,junior,11,21,32
T034,2026-01-26,4,16.0,0,5,0.6307552756728391,0.651049521452119,2.1340459420659843,senior,7,8,15
T034,2026-02-02,5,16.0,0,5,0.6307552756728391,0.651049521452119,2.1340459420659843,junior,14,16,30
T034,2026-02-02,5,16.0,0,5,0.6307552756728391,0.651049521452119,2.1340459420659843,senior,6,11,17
T034,2026-02-09,6,16.0,0,5,0.6307552756728391,0.651049521452119,2.1340459420659843,junior,13,24,37
T034,2026-02-09,6,16.0,0,5,0.6307552756728391,0.651049521452119,2.1340459420659843,senior,11,11,22
T034,2026-02-16,7,16.0,0,5,0.6307552756728391,0.651049521452119,2.1340459420659843,junior,12,31,43
T034,2026-02-16,7,16.0,0,5,0.6307552756728391,0.651049521452119,2.1340459420659843,senior,8,8,16
T034,2026-02-23,8,16.0,0,5,0.6307552756728391,0.651049521452119,2.1340459420659843,junior,17,9,26
T034,2026-02-23,8,16.0,0,5,0.6307552756728391,0.651049521452119,2.1340459420659843,senior,5,15,20
T034,2026-03-02,9,16.0,0,5,0.6307552756728391,0.651049521452119,2.1340459420659843,junior,15,17,32
T034,2026-03-02,9,16.0,0,5,0.6307552756728391,0.651049521452119,2.1340459420659843,senior,3,7,10
T034,2026-03-09,10,16.0,0,5,0.6307552756728391,0.651049521452119,2.1340459420659843,junior,17,15,32
T034,2026-03-09,10,16.0,0,5,0.6307552756728391,0.651049521452119,2.1340459420659843,senior,5,7,12
T034,2026-03-16,11,16.0,0,5,0.6307552756728391,0.651049521452119,2.1340459420659843,junior,7,13,20
T034,2026-03-16,11,16.0,0,5,0.6307552756728391,0.651049521452119,2.1340459420659843,senior,6,4,10
T034,2026-03-23,12,16.0,0,5,0.6307552756728391,0.651049521452119,2.1340459420659843,junior,12,14,26
T034,2026-03-23,12,16.0,0,5,0.6307552756728391,0.651049521452119,2.1340459420659843,senior,3,8,11
T034,2026-03-30,13,16.0,0,5,0.6307552756728391,0.651049521452119,2.1340459420659843,junior,23,15,38
T034,2026-03-30,13,16.0,0,5,0.6307552756728391,0.651049521452119,2.1340459420659843,senior,6,5,11
T034,2026-04-06,14,16.0,0,5,0.6307552756728391,0.651049521452119,2.1340459420659843,junior,13,23,36
T034,2026-04-06,14,16.0,0,5,0.6307552756728391,0.651049521452119,2.1340459420659843,senior,6,3,9
T034,2026-04-13,15,16.0,0,5,0.6307552756728391,0.651049521452119,2.1340459420659843,junior,10,10,20
T034,2026-04-13,15,16.0,0,5,0.6307552756728391,0.651049521452119,2.1340459420659843,senior,9,14,23
T034,2026-04-20,16,16.0,1,5,0.6307552756728391,0.651049521452119,2.1340459420659843,junior,9,22,31
T034,2026-04-20,16,16.0,1,5,0.6307552756728391,0.651049521452119,2.1340459420659843,senior,7,9,16
T034,2026-04-27,17,16.0,1,5,0.6307552756728391,0.651049521452119,2.1340459420659843,junior,28,21,49
T034,2026-04-27,17,16.0,1,5,0.6307552756728391,0.651049521452119,2.1340459420659843,senior,4,8,12
T034,2026-05-04,18,16.0,1,5,0.6307552756728391,0.651049521452119,2.1340459420659843,junior,14,26,40
T034,2026-05-04,18,16.0,1,5,0.6307552756728391,0.651049521452119,2.1340459420659843,senior,5,5,10
T034,2026-05-11,19,16.0,1,5,0.6307552756728391,0.651049521452119,2.1340459420659843,junior,15,27,42
T034,2026-05-11,19,16.0,1,5,0.6307552756728391,0.651049521452119,2.1340459420659843,senior,4,7,11
T034,2026-05-18,20,16.0,1,5,0.6307552756728391,0.651049521452119,2.1340459420659843,junior,14,26,40
T034,2026-05-18,20,16.0,1,5,0.6307552756728391,0.651049521452119,2.1340459420659843,senior,7,8,15
T034,2026-05-25,21,16.0,1,5,0.6307552756728391,0.651049521452119,2.1340459420659843,junior,19,19,38
T034,2026-05-25,21,16.0,1,5,0.6307552756728391,0.651049521452119,2.1340459420659843,senior,5,6,11
T034,2026-06-01,22,16.0,1,5,0.6307552756728391,0.651049521452119,2.1340459420659843,junior,25,27,52
T034,2026-06-01,22,16.0,1,5,0.6307552756728391,0.651049521452119,2.1340459420659843,senior,8,12,20
T034,2026-06-08,23,16.0,1,5,0.6307552756728391,0.651049521452119,2.1340459420659843,junior,19,24,43
T034,2026-06-08,23,16.0,1,5,0.6307552756728391,0.651049521452119,2.1340459420659843,senior,9,8,17
T034,2026-06-15,24,16.0,1,5,0.6307552756728391,0.651049521452119,2.1340459420659843,junior,20,15,35
T034,2026-06-15,24,16.0,1,5,0.6307552756728391,0.651049521452119,2.1340459420659843,senior,14,7,21
T034,2026-06-22,25,16.0,1,5,0.6307552756728391,0.651049521452119,2.1340459420659843,junior,18,21,39
T034,2026-06-22,25,16.0,1,5,0.6307552756728391,0.651049521452119,2.1340459420659843,senior,7,6,13
T034,2026-06-29,26,16.0,1,5,0.6307552756728391,0.651049521452119,2.1340459420659843,junior,10,19,29
T034,2026-06-29,26,16.0,1,5,0.6307552756728391,0.651049521452119,2.1340459420659843,senior,10,11,21
T034,2026-07-06,27,16.0,1,5,0.6307552756728391,0.651049521452119,2.1340459420659843,junior,12,20,32
T034,2026-07-06,27,16.0,1,5,0.6307552756728391,0.651049521452119,2.1340459420659843,senior,7,3,10
T034,2026-07-13,28,16.0,1,5,0.6307552756728391,0.651049521452119,2.1340459420659843,junior,21,19,40
T034,2026-07-13,28,16.0,1,5,0.6307552756728391,0.651049521452119,2.1340459420659843,senior,5,9,14
T034,2026-07-20,29,16.0,1,5,0.6307552756728391,0.651049521452119,2.1340459420659843,junior,16,17,33
T034,2026-07-20,29,16.0,1,5,0.6307552756728391,0.651049521452119,2.1340459420659843,senior,2,8,10
T034,2026-07-27,30,16.0,1,5,0.6307552756728391,0.651049521452119,2.1340459420659843,junior,12,21,33
T034,2026-07-27,30,16.0,1,5,0.6307552756728391,0.651049521452119,2.1340459420659843,senior,3,3,6
T035,2026-01-05,1,,0,6,0.33534540461390333,0.3195031516346584,-1.8189127021758889,junior,4,2,6
T035,2026-01-05,1,,0,6,0.33534540461390333,0.3195031516346584,-1.8189127021758889,senior,4,4,8
T035,2026-01-12,2,,0,6,0.33534540461390333,0.3195031516346584,-1.8189127021758889,junior,0,7,7
T035,2026-01-12,2,,0,6,0.33534540461390333,0.3195031516346584,-1.8189127021758889,senior,4,5,9
T035,2026-01-19,3,,0,6,0.33534540461390333,0.3195031516346584,-1.8189127021758889,junior,2,6,8
T035,2026-01-19,3,,0,6,0.33534540461390333,0.3195031516346584,-1.8189127021758889,senior,4,3,7
T035,2026-01-26,4,,0,6,0.33534540461390333,0.3195031516346584,-1.8189127021758889,junior,2,4,6
T035,2026-01-26,4,,0,6,0.33534540461390333,0.3195031516346584,-1.8189127021758889,senior,3,8,11
T035,2026-02-02,5,,0,6,0.33534540461390333,0.3195031516346584,-1.8189127021758889,junior,2,1,3
T035,2026-02-02,5,,0,6,0.33534540461390333,0.3195031516346584,-1.8189127021758889,senior,2,5,7
T035,2026-02-09,6,,0,6,0.33534540461390333,0.3195031516346584,-1.8189127021758889,junior,1,3,4
T035,2026-02-09,6,,0,6,0.33534540461390333,0.3195031516346584,-1.8189127021758889,senior,5,4,9
T035,2026-02-16,7,,0,6,0.33534540461390333,0.3195031516346584,-1.8189127021758889,junior,2,3,5
T035,2026-02-16,7,,0,6,0.33534540461390333,0.3195031516346584,-1.8189127021758889,senior,2,6,8
T035,2026-02-23,8,,0,6,0.33534540461390333,0.3195031516346584,-1.8189127021758889,junior,3,2,5
T035,2026-02-23,8,,0,6,0.33534540461390333,0.3195031516346584,-1.8189127021758889,senior,6,5,11
T035,2026-03-02,9,,0,6,0.33534540461390333,0.3195031516346584,-1.8189127021758889,junior,2,2,4
T035,2026-03-02,9,,0,6,0.33534540461390333,0.3195031516346584,-1.8189127021758889,senior,3,6,9
T035,2026-03-09,10,,0,6,0.33534540461390333,0.3195031516346584,-1.8189127021758889,junior,0,5,5
T035,2026-03-09,10,,0,6,0.33534540461390333,0.3195031516346584,-1.8189127021758889,senior,7,4,11
T035,2026-03-16,11,,0,6,0.33534540461390333,0.3195031516346584,-1.8189127021758889,junior,2,4,6
T035,2026-03-16,11,,0,6,0.33534540461390333,0.3195031516346584,-1.8189127021758889,senior,2,5,7
T035,2026-03-23,12,,0,6,0.33534540461390333,0.3195031516346584,-1.8189127021758889,junior,0,1,1
T035,2026-03-23,12,,0,6,0.33534540461390333,0.3195031516346584,-1.8189127021758889,senior,4,5,9
T035,2026-03-30,13,,0,6,0.33534540461390333,0.3195031516346584,-1.8189127021758889,junior,1,2,3
T035,2026-03-30,13,,0,6,0.33534540461390333,0.3195031516346584,-1.8189127021758889,senior,3,6,9
T035,2026-04-06,14,,0,6,0.33534540461390333,0.3195031516346584,-1.8189127021758889,junior,0,2,2
T035,2026-04-06,14,,0,6,0.33534540461390333,0.3195031516346584,-1.8189127021758889,senior,11,8,19
T035,2026-04-13,15,,0,6,0.33534540461390333,0.3195031516346584,-1.8189127021758889,junior,2,1,3
T035,2026-04-13,15,,0,6,0.33534540461390333,0.3195031516346584,-1.8189127021758889,senior,2,5,7
T035,2026-04-20,16,,0,6,0.33534540461390333,0.3195031516346584,-1.8189127021758889,junior,3,2,5
T035,2026-04-20,16,,0,6,0.33534540461390333,0.3195031516346584,-1.8189127021758889,senior,8,8,16
T035,2026-04-27,17,,0,6,0.33534540461390333,0.3195031516346584,-1.8189127021758889,junior,2,0,2
T035,2026-04-27,17,,0,6,0.33534540461390333,0.3195031516346584,-1.8189127021758889,senior,3,6,9
T035,2026-05-04,18,,0,6,0.33534540461390333,0.3195031516346584,-1.8189127021758889,junior,1,2,3
T035,2026-05-04,18,,0,6,0.33534540461390333,0.3195031516346584,-1.8189127021758889,senior,3,4,7
T035,2026-05-11,19,,0,6,0.33534540461390333,0.3195031516346584,-1.8189127021758889,junior,2,1,3
T035,2026-05-11,19,,0,6,0.33534540461390333,0.3195031516346584,-1.8189127021758889,senior,2,5,7
T035,2026-05-18,20,,0,6,0.33534540461390333,0.3195031516346584,-1.8189127021758889,junior,4,3,7
T035,2026-05-18,20,,0,6,0.33534540461390333,0.3195031516346584,-1.8189127021758889,senior,2,4,6
T035,2026-05-25,21,,0,6,0.33534540461390333,0.3195031516346584,-1.8189127021758889,junior,3,8,11
T035,2026-05-25,21,,0,6,0.33534540461390333,0.3195031516346584,-1.8189127021758889,senior,5,5,10
T035,2026-06-01,22,,0,6,0.33534540461390333,0.3195031516346584,-1.8189127021758889,junior,1,1,2
T035,2026-06-01,22,,0,6,0.33534540461390333,0.3195031516346584,-1.8189127021758889,senior,3,5,8
T035,2026-06-08,23,,0,6,0.33534540461390333,0.3195031516346584,-1.8189127021758889,junior,3,1,4
T035,2026-06-08,23,,0,6,0.33534540461390333,0.3195031516346584,-1.8189127021758889,senior,5,5,10
T035,2026-06-15,24,,0,6,0.33534540461390333,0.3195031516346584,-1.8189127021758889,junior,0,0,0
T035,2026-06-15,24,,0,6,0.33534540461390333,0.3195031516346584,-1.8189127021758889,senior,4,6,10
T035,2026-06-22,25,,0,6,0.33534540461390333,0.3195031516346584,-1.8189127021758889,junior,2,3,5
T035,2026-06-22,25,,0,6,0.33534540461390333,0.3195031516346584,-1.8189127021758889,senior,3,3,6
T035,2026-06-29,26,,0,6,0.33534540461390333,0.3195031516346584,-1.8189127021758889,junior,2,3,5
T035,2026-06-29,26,,0,6,0.33534540461390333,0.3195031516346584,-1.8189127021758889,senior,8,5,13
T035,2026-07-06,27,,0,6,0.33534540461390333,0.3195031516346584,-1.8189127021758889,junior,2,7,9
T035,2026-07-06,27,,0,6,0.33534540461390333,0.3195031516346584,-1.8189127021758889,senior,4,2,6
T035,2026-07-13,28,,0,6,0.33534540461390333,0.3195031516346584,-1.8189127021758889,junior,5,12,17
T035,2026-07-13,28,,0,6,0.33534540461390333,0.3195031516346584,-1.8189127021758889,senior,2,3,5
T035,2026-07-20,29,,0,6,0.33534540461390333,0.3195031516346584,-1.8189127021758889,junior,0,3,3
T035,2026-07-20,29,,0,6,0.33534540461390333,0.3195031516346584,-1.8189127021758889,senior,5,8,13
T035,2026-07-27,30,,0,6,0.33534540461390333,0.3195031516346584,-1.8189127021758889,junior,2,2,4
T035,2026-07-27,30,,0,6,0.33534540461390333,0.3195031516346584,-1.8189127021758889,senior,6,6,12
T036,2026-01-05,1,16.0,0,7,0.8648791352942187,0.6735253859756517,-0.11039838882100353,junior,6,7,13
T036,2026-01-05,1,16.0,0,7,0.8648791352942187,0.6735253859756517,-0.11039838882100353,senior,4,9,13
T036,2026-01-12,2,16.0,0,7,0.8648791352942187,0.6735253859756517,-0.11039838882100353,junior,4,7,11
T036,2026-01-12,2,16.0,0,7,0.8648791352942187,0.6735253859756517,-0.11039838882100353,senior,2,5,7
T036,2026-01-19,3,16.0,0,7,0.8648791352942187,0.6735253859756517,-0.11039838882100353,junior,4,10,14
T036,2026-01-19,3,16.0,0,7,0.8648791352942187,0.6735253859756517,-0.11039838882100353,senior,7,5,12
T036,2026-01-26,4,16.0,0,7,0.8648791352942187,0.6735253859756517,-0.11039838882100353,junior,5,6,11
T036,2026-01-26,4,16.0,0,7,0.8648791352942187,0.6735253859756517,-0.11039838882100353,senior,4,3,7
T036,2026-02-02,5,16.0,0,7,0.8648791352942187,0.6735253859756517,-0.11039838882100353,junior,3,7,10
T036,2026-02-02,5,16.0,0,7,0.8648791352942187,0.6735253859756517,-0.11039838882100353,senior,3,3,6
T036,2026-02-09,6,16.0,0,7,0.8648791352942187,0.6735253859756517,-0.11039838882100353,junior,7,3,10
T036,2026-02-09,6,16.0,0,7,0.8648791352942187,0.6735253859756517,-0.11039838882100353,senior,3,4,7
T036,2026-02-16,7,16.0,0,7,0.8648791352942187,0.6735253859756517,-0.11039838882100353,junior,3,7,10
T036,2026-02-16,7,16.0,0,7,0.8648791352942187,0.6735253859756517,-0.11039838882100353,senior,6,2,8
T036,2026-02-23,8,16.0,0,7,0.8648791352942187,0.6735253859756517,-0.11039838882100353,junior,6,11,17
T036,2026-02-23,8,16.0,0,7,0.8648791352942187,0.6735253859756517,-0.11039838882100353,senior,6,6,12
T036,2026-03-02,9,16.0,0,7,0.8648791352942187,0.6735253859756517,-0.11039838882100353,junior,2,5,7
T036,2026-03-02,9,16.0,0,7,0.8648791352942187,0.6735253859756517,-0.11039838882100353,senior,4,2,6
T036,2026-03-09,10,16.0,0,7,0.8648791352942187,0.6735253859756517,-0.11039838882100353,junior,7,10,17
T036,2026-03-09,10,16.0,0,7,0.8648791352942187,0.6735253859756517,-0.11039838882100353,senior,3,6,9
T036,2026-03-16,11,16.0,0,7,0.8648791352942187,0.6735253859756517,-0.11039838882100353,junior,6,4,10
T036,2026-03-16,11,16.0,0,7,0.8648791352942187,0.6735253859756517,-0.11039838882100353,senior,6,4,10
T036,2026-03-23,12,16.0,0,7,0.8648791352942187,0.6735253859756517,-0.11039838882100353,junior,6,6,12
T036,2026-03-23,12,16.0,0,7,0.8648791352942187,0.6735253859756517,-0.11039838882100353,senior,1,4,5
T036,2026-03-30,13,16.0,0,7,0.8648791352942187,0.6735253859756517,-0.11039838882100353,junior,3,2,5
T036,2026-03-30,13,16.0,0,7,0.8648791352942187,0.6735253859756517,-0.11039838882100353,senior,1,6,7
T036,2026-04-06,14,16.0,0,7,0.8648791352942187,0.6735253859756517,-0.11039838882100353,junior,6,10,16
T036,2026-04-06,14,16.0,0,7,0.8648791352942187,0.6735253859756517,-0.11039838882100353,senior,3,8,11
T036,2026-04-13,15,16.0,0,7,0.8648791352942187,0.6735253859756517,-0.11039838882100353,junior,4,5,9
T036,2026-04-13,15,16.0,0,7,0.8648791352942187,0.6735253859756517,-0.11039838882100353,senior,6,5,11
T036,2026-04-20,16,16.0,1,7,0.8648791352942187,0.6735253859756517,-0.11039838882100353,junior,5,4,9
T036,2026-04-20,16,16.0,1,7,0.8648791352942187,0.6735253859756517,-0.11039838882100353,senior,5,7,12
T036,2026-04-27,17,16.0,1,7,0.8648791352942187,0.6735253859756517,-0.11039838882100353,junior,8,12,20
T036,2026-04-27,17,16.0,1,7,0.8648791352942187,0.6735253859756517,-0.11039838882100353,senior,6,8,14
T036,2026-05-04,18,16.0,1,7,0.8648791352942187,0.6735253859756517,-0.11039838882100353,junior,8,6,14
T036,2026-05-04,18,16.0,1,7,0.8648791352942187,0.6735253859756517,-0.11039838882100353,senior,2,6,8
T036,2026-05-11,19,16.0,1,7,0.8648791352942187,0.6735253859756517,-0.11039838882100353,junior,7,10,17
T036,2026-05-11,19,16.0,1,7,0.8648791352942187,0.6735253859756517,-0.11039838882100353,senior,4,7,11
T036,2026-05-18,20,16.0,1,7,0.8648791352942187,0.6735253859756517,-0.11039838882100353,junior,5,4,9
T036,2026-05-18,20,16.0,1,7,0.8648791352942187,0.6735253859756517,-0.11039838882100353,senior,2,2,4
T036,2026-05-25,21,16.0,1,7,0.8648791352942187,0.6735253859756517,-0.11039838882100353,junior,7,16,23
T036,2026-05-25,21,16.0,1,7,0.8648791352942187,0.6735253859756517,-0.11039838882100353,senior,5,6,11
T036,2026-06-01,22,16.0,1,7,0.8648791352942187,0.6735253859756517,-0.11039838882100353,junior,9,6,15
T036,2026-06-01,22,16.0,1,7,0.8648791352942187,0.6735253859756517,-0.11039838882100353,senior,0,7,7
T036,2026-06-08,23,16.0,1,7,0.8648791352942187,0.6735253859756517,-0.11039838882100353,junior,7,8,15
T036,2026-06-08,23,16.0,1,7,0.8648791352942187,0.6735253859756517,-0.11039838882100353,senior,2,7,9
T036,2026-06-15,24,16.0,1,7,0.8648791352942187,0.6735253859756517,-0.11039838882100353,junior,13,8,21
T036,2026-06-15,24,16.0,1,7,0.8648791352942187,0.6735253859756517,-0.11039838882100353,senior,4,1,5
T036,2026-06-22,25,16.0,1,7,0.8648791352942187,0.6735253859756517,-0.11039838882100353,junior,6,9,15
T036,2026-06-22,25,16.0,1,7,0.8648791352942187,0.6735253859756517,-0.11039838882100353,senior,4,7,11
T036,2026-06-29,26,16.0,1,7,0.8648791352942187,0.6735253859756517,-0.11039838882100353,junior,2,7,9
T036,2026-06-29,26,16.0,1,7,0.8648791352942187,0.6735253859756517,-0.11039838882100353,senior,2,4,6
T036,2026-07-06,27,16.0,1,7,0.8648791352942187,0.6735253859756517,-0.11039838882100353,junior,8,3,11
T036,2026-07-06,27,16.0,1,7,0.8648791352942187,0.6735253859756517,-0.11039838882100353,senior,3,5,8
T036,2026-07-13,28,16.0,1,7,0.8648791352942187,0.6735253859756517,-0.11039838882100353,junior,5,5,10
T036,2026-07-13,28,16.0,1,7,0.8648791352942187,0.6735253859756517,-0.11039838882100353,senior,6,1,7
T036,2026-07-20,29,16.0,1,7,0.8648791352942187,0.6735253859756517,-0.11039838882100353,junior,7,10,17
T036,2026-07-20,29,16.0,1,7,0.8648791352942187,0.6735253859756517,-0.11039838882100353,senior,6,5,11
T036,2026-07-27,30,16.0,1,7,0.8648791352942187,0.6735253859756517,-0.11039838882100353,junior,5,8,13
T036,2026-07-27,30,16.0,1,7,0.8648791352942187,0.6735253859756517,-0.11039838882100353,senior,11,5,16
T037,2026-01-05,1,12.0,0,9,0.8648373880849398,0.3670621268459685,-0.4453773279446896,junior,4,2,6
T037,2026-01-05,1,12.0,0,9,0.8648373880849398,0.3670621268459685,-0.4453773279446896,senior,4,6,10
T037,2026-01-12,2,12.0,0,9,0.8648373880849398,0.3670621268459685,-0.4453773279446896,junior,2,7,9
T037,2026-01-12,2,12.0,0,9,0.8648373880849398,0.3670621268459685,-0.4453773279446896,senior,3,8,11
T037,2026-01-19,3,12.0,0,9,0.8648373880849398,0.3670621268459685,-0.4453773279446896,junior,2,5,7
T037,2026-01-19,3,12.0,0,9,0.8648373880849398,0.3670621268459685,-0.4453773279446896,senior,5,7,12
T037,2026-01-26,4,12.0,0,9,0.8648373880849398,0.3670621268459685,-0.4453773279446896,junior,2,5,7
T037,2026-01-26,4,12.0,0,9,0.8648373880849398,0.3670621268459685,-0.4453773279446896,senior,7,4,11
T037,2026-02-02,5,12.0,0,9,0.8648373880849398,0.3670621268459685,-0.4453773279446896,junior,4,5,9
T037,2026-02-02,5,12.0,0,9,0.8648373880849398,0.3670621268459685,-0.4453773279446896,senior,3,3,6
T037,2026-02-09,6,12.0,0,9,0.8648373880849398,0.3670621268459685,-0.4453773279446896,junior,4,1,5
T037,2026-02-09,6,12.0,0,9,0.8648373880849398,0.3670621268459685,-0.4453773279446896,senior,3,13,16
T037,2026-02-16,7,12.0,0,9,0.8648373880849398,0.3670621268459685,-0.4453773279446896,junior,4,3,7
T037,2026-02-16,7,12.0,0,9,0.8648373880849398,0.3670621268459685,-0.4453773279446896,senior,7,12,19
T037,2026-02-23,8,12.0,0,9,0.8648373880849398,0.3670621268459685,-0.4453773279446896,junior,2,4,6
T037,2026-02-23,8,12.0,0,9,0.8648373880849398,0.3670621268459685,-0.4453773279446896,senior,8,12,20
T037,2026-03-02,9,12.0,0,9,0.8648373880849398,0.3670621268459685,-0.4453773279446896,junior,3,3,6
T037,2026-03-02,9,12.0,0,9,0.8648373880849398,0.3670621268459685,-0.4453773279446896,senior,9,11,20
T037,2026-03-09,10,12.0,0,9,0.8648373880849398,0.3670621268459685,-0.4453773279446896,junior,3,4,7
T037,2026-03-09,10,12.0,0,9,0.8648373880849398,0.3670621268459685,-0.4453773279446896,senior,6,5,11
T037,2026-03-16,11,12.0,0,9,0.8648373880849398,0.3670621268459685,-0.4453773279446896,junior,5,3,8
T037,2026-03-16,11,12.0,0,9,0.8648373880849398,0.3670621268459685,-0.4453773279446896,senior,4,7,11
T037,2026-03-23,12,12.0,1,9,0.8648373880849398,0.3670621268459685,-0.4453773279446896,junior,0,2,2
T037,2026-03-23,12,12.0,1,9,0.8648373880849398,0.3670621268459685,-0.4453773279446896,senior,4,6,10
T037,2026-03-30,13,12.0,1,9,0.8648373880849398,0.3670621268459685,-0.4453773279446896,junior,5,8,13
T037,2026-03-30,13,12.0,1,9,0.8648373880849398,0.3670621268459685,-0.4453773279446896,senior,6,6,12
T037,2026-04-06,14,12.0,1,9,0.8648373880849398,0.3670621268459685,-0.4453773279446896,junior,5,6,11
T037,2026-04-06,14,12.0,1,9,0.8648373880849398,0.3670621268459685,-0.4453773279446896,senior,4,10,14
T037,2026-04-13,15,12.0,1,9,0.8648373880849398,0.3670621268459685,-0.4453773279446896,junior,4,6,10
T037,2026-04-13,15,12.0,1,9,0.8648373880849398,0.3670621268459685,-0.4453773279446896,senior,7,10,17
T037,2026-04-20,16,12.0,1,9,0.8648373880849398,0.3670621268459685,-0.4453773279446896,junior,5,9,14
T037,2026-04-20,16,12.0,1,9,0.8648373880849398,0.3670621268459685,-0.4453773279446896,senior,8,5,13
T037,2026-04-27,17,12.0,1,9,0.8648373880849398,0.3670621268459685,-0.4453773279446896,junior,3,6,9
T037,2026-04-27,17,12.0,1,9,0.8648373880849398,0.3670621268459685,-0.4453773279446896,senior,4,5,9
T037,2026-05-04,18,12.0,1,9,0.8648373880849398,0.3670621268459685,-0.4453773279446896,junior,1,10,11
T037,2026-05-04,18,12.0,1,9,0.8648373880849398,0.3670621268459685,-0.4453773279446896,senior,5,6,11
T037,2026-05-11,19,12.0,1,9,0.8648373880849398,0.3670621268459685,-0.4453773279446896,junior,6,3,9
T037,2026-05-11,19,12.0,1,9,0.8648373880849398,0.3670621268459685,-0.4453773279446896,senior,3,10,13
T037,2026-05-18,20,12.0,1,9,0.8648373880849398,0.3670621268459685,-0.4453773279446896,junior,6,3,9
T037,2026-05-18,20,12.0,1,9,0.8648373880849398,0.3670621268459685,-0.4453773279446896,senior,11,8,19
T037,2026-05-25,21,12.0,1,9,0.8648373880849398,0.3670621268459685,-0.4453773279446896,junior,4,8,12
T037,2026-05-25,21,12.0,1,9,0.8648373880849398,0.3670621268459685,-0.4453773279446896,senior,10,8,18
T037,2026-06-01,22,12.0,1,9,0.8648373880849398,0.3670621268459685,-0.4453773279446896,junior,6,6,12
T037,2026-06-01,22,12.0,1,9,0.8648373880849398,0.3670621268459685,-0.4453773279446896,senior,8,8,16
T037,2026-06-08,23,12.0,1,9,0.8648373880849398,0.3670621268459685,-0.4453773279446896,junior,3,5,8
T037,2026-06-08,23,12.0,1,9,0.8648373880849398,0.3670621268459685,-0.4453773279446896,senior,5,10,15
T037,2026-06-15,24,12.0,1,9,0.8648373880849398,0.3670621268459685,-0.4453773279446896,junior,8,8,16
T037,2026-06-15,24,12.0,1,9,0.8648373880849398,0.3670621268459685,-0.4453773279446896,senior,5,7,12
T037,2026-06-22,25,12.0,1,9,0.8648373880849398,0.3670621268459685,-0.4453773279446896,junior,5,4,9
T037,2026-06-22,25,12.0,1,9,0.8648373880849398,0.3670621268459685,-0.4453773279446896,senior,8,7,15
T037,2026-06-29,26,12.0,1,9,0.8648373880849398,0.3670621268459685,-0.4453773279446896,junior,4,4,8
T037,2026-06-29,26,12.0,1,9,0.8648373880849398,0.3670621268459685,-0.4453773279446896,senior,4,9,13
T037,2026-07-06,27,12.0,1,9,0.8648373880849398,0.3670621268459685,-0.4453773279446896,junior,5,2,7
T037,2026-07-06,27,12.0,1,9,0.8648373880849398,0.3670621268459685,-0.4453773279446896,senior,8,8,16
T037,2026-07-13,28,12.0,1,9,0.8648373880849398,0.3670621268459685,-0.4453773279446896,junior,6,8,14
T037,2026-07-13,28,12.0,1,9,0.8648373880849398,0.3670621268459685,-0.4453773279446896,senior,5,9,14
T037,2026-07-20,29,12.0,1,9,0.8648373880849398,0.3670621268459685,-0.4453773279446896,junior,4,5,9
T037,2026-07-20,29,12.0,1,9,0.8648373880849398,0.3670621268459685,-0.4453773279446896,senior,7,8,15
T037,2026-07-27,30,12.0,1,9,0.8648373880849398,0.3670621268459685,-0.4453773279446896,junior,3,1,4
T037,2026-07-27,30,12.0,1,9,0.8648373880849398,0.3670621268459685,-0.4453773279446896,senior,11,7,18
T038,2026-01-05,1,14.0,0,10,0.02932817539632968,0.25929014264349926,-0.619691132790294,junior,7,4,11
T038,2026-01-05,1,14.0,0,10,0.02932817539632968,0.25929014264349926,-0.619691132790294,senior,3,14,17
T038,2026-01-12,2,14.0,0,10,0.02932817539632968,0.25929014264349926,-0.619691132790294,junior,13,3,16
T038,2026-01-12,2,14.0,0,10,0.02932817539632968,0.25929014264349926,-0.619691132790294,senior,7,13,20
T038,2026-01-19,3,14.0,0,10,0.02932817539632968,0.25929014264349926,-0.619691132790294,junior,3,5,8
T038,2026-01-19,3,14.0,0,10,0.02932817539632968,0.25929014264349926,-0.619691132790294,senior,13,9,22
T038,2026-01-26,4,14.0,0,10,0.02932817539632968,0.25929014264349926,-0.619691132790294,junior,11,7,18
T038,2026-01-26,4,14.0,0,10,0.02932817539632968,0.25929014264349926,-0.619691132790294,senior,11,10,21
T038,2026-02-02,5,14.0,0,10,0.02932817539632968,0.25929014264349926,-0.619691132790294,junior,8,4,12
T038,2026-02-02,5,14.0,0,10,0.02932817539632968,0.25929014264349926,-0.619691132790294,senior,5,12,17
T038,2026-02-09,6,14.0,0,10,0.02932817539632968,0.25929014264349926,-0.619691132790294,junior,7,9,16
T038,2026-02-09,6,14.0,0,10,0.02932817539632968,0.25929014264349926,-0.619691132790294,senior,9,9,18
T038,2026-02-16,7,14.0,0,10,0.02932817539632968,0.25929014264349926,-0.619691132790294,junior,1,10,11
T038,2026-02-16,7,14.0,0,10,0.02932817539632968,0.25929014264349926,-0.619691132790294,senior,8,15,23
T038,2026-02-23,8,14.0,0,10,0.02932817539632968,0.25929014264349926,-0.619691132790294,junior,1,7,8
T038,2026-02-23,8,14.0,0,10,0.02932817539632968,0.25929014264349926,-0.619691132790294,senior,9,9,18
T038,2026-03-02,9,14.0,0,10,0.02932817539632968,0.25929014264349926,-0.619691132790294,junior,5,7,12
T038,2026-03-02,9,14.0,0,10,0.02932817539632968,0.25929014264349926,-0.619691132790294,senior,5,15,20
T038,2026-03-09,10,14.0,0,10,0.02932817539632968,0.25929014264349926,-0.619691132790294,junior,4,2,6
T038,2026-03-09,10,14.0,0,10,0.02932817539632968,0.25929014264349926,-0.619691132790294,senior,8,9,17
T038,2026-03-16,11,14.0,0,10,0.02932817539632968,0.25929014264349926,-0.619691132790294,junior,3,3,6
T038,2026-03-16,11,14.0,0,10,0.02932817539632968,0.25929014264349926,-0.619691132790294,senior,7,9,16
T038,2026-03-23,12,14.0,0,10,0.02932817539632968,0.25929014264349926,-0.619691132790294,junior,5,7,12
T038,2026-03-23,12,14.0,0,10,0.02932817539632968,0.25929014264349926,-0.619691132790294,senior,13,16,29
T038,2026-03-30,13,14.0,0,10,0.02932817539632968,0.25929014264349926,-0.619691132790294,junior,7,2,9
T038,2026-03-30,13,14.0,0,10,0.02932817539632968,0.25929014264349926,-0.619691132790294,senior,4,11,15
T038,2026-04-06,14,14.0,1,10,0.02932817539632968,0.25929014264349926,-0.619691132790294,junior,8,9,17
T038,2026-04-06,14,14.0,1,10,0.02932817539632968,0.25929014264349926,-0.619691132790294,senior,10,11,21
T038,2026-04-13,15,14.0,1,10,0.02932817539632968,0.25929014264349926,-0.619691132790294,junior,8,8,16
T038,2026-04-13,15,14.0,1,10,0.02932817539632968,0.25929014264349926,-0.619691132790294,senior,8,10,18
T038,2026-04-20,16,14.0,1,10,0.02932817539632968,0.25929014264349926,-0.619691132790294,junior,5,11,16
T038,2026-04-20,16,14.0,1,10,0.02932817539632968,0.25929014264349926,-0.619691132790294,senior,8,13,21
T038,2026-04-27,17,14.0,1,10,0.02932817539632968,0.25929014264349926,-0.619691132790294,junior,10,4,14
T038,2026-04-27,17,14.0,1,10,0.02932817539632968,0.25929014264349926,-0.619691132790294,senior,2,10,12
T038,2026-05-04,18,14.0,1,10,0.02932817539632968,0.25929014264349926,-0.619691132790294,junior,12,10,22
T038,2026-05-04,18,14.0,1,10,0.02932817539632968,0.25929014264349926,-0.619691132790294,senior,8,11,19
T038,2026-05-11,19,14.0,1,10,0.02932817539632968,0.25929014264349926,-0.619691132790294,junior,7,6,13
T038,2026-05-11,19,14.0,1,10,0.02932817539632968,0.25929014264349926,-0.619691132790294,senior,10,5,15
T038,2026-05-18,20,14.0,1,10,0.02932817539632968,0.25929014264349926,-0.619691132790294,junior,2,14,16
T038,2026-05-18,20,14.0,1,10,0.02932817539632968,0.25929014264349926,-0.619691132790294,senior,8,7,15
T038,2026-05-25,21,14.0,1,10,0.02932817539632968,0.25929014264349926,-0.619691132790294,junior,8,15,23
T038,2026-05-25,21,14.0,1,10,0.02932817539632968,0.25929014264349926,-0.619691132790294,senior,4,9,13
T038,2026-06-01,22,14.0,1,10,0.02932817539632968,0.25929014264349926,-0.619691132790294,junior,7,10,17
T038,2026-06-01,22,14.0,1,10,0.02932817539632968,0.25929014264349926,-0.619691132790294,senior,8,8,16
T038,2026-06-08,23,14.0,1,10,0.02932817539632968,0.25929014264349926,-0.619691132790294,junior,9,16,25
T038,2026-06-08,23,14.0,1,10,0.02932817539632968,0.25929014264349926,-0.619691132790294,senior,15,12,27
T038,2026-06-15,24,14.0,1,10,0.02932817539632968,0.25929014264349926,-0.619691132790294,junior,13,16,29
T038,2026-06-15,24,14.0,1,10,0.02932817539632968,0.25929014264349926,-0.619691132790294,senior,6,10,16
T038,2026-06-22,25,14.0,1,10,0.02932817539632968,0.25929014264349926,-0.619691132790294,junior,10,6,16
T038,2026-06-22,25,14.0,1,10,0.02932817539632968,0.25929014264349926,-0.619691132790294,senior,8,7,15
T038,2026-06-29,26,14.0,1,10,0.02932817539632968,0.25929014264349926,-0.619691132790294,junior,12,12,24
T038,2026-06-29,26,14.0,1,10,0.02932817539632968,0.25929014264349926,-0.619691132790294,senior,4,8,12
T038,2026-07-06,27,14.0,1,10,0.02932817539632968,0.25929014264349926,-0.619691132790294,junior,6,8,14
T038,2026-07-06,27,14.0,1,10,0.02932817539632968,0.25929014264349926,-0.619691132790294,senior,11,11,22
T038,2026-07-13,28,14.0,1,10,0.02932817539632968,0.25929014264349926,-0.619691132790294,junior,17,20,37
T038,2026-07-13,28,14.0,1,10,0.02932817539632968,0.25929014264349926,-0.619691132790294,senior,9,11,20
T038,2026-07-20,29,14.0,1,10,0.02932817539632968,0.25929014264349926,-0.619691132790294,junior,6,10,16
T038,2026-07-20,29,14.0,1,10,0.02932817539632968,0.25929014264349926,-0.619691132790294,senior,9,7,16
T038,2026-07-27,30,14.0,1,10,0.02932817539632968,0.25929014264349926,-0.619691132790294,junior,6,8,14
T038,2026-07-27,30,14.0,1,10,0.02932817539632968,0.25929014264349926,-0.619691132790294,senior,12,6,18
T039,2026-01-05,1,10.0,0,11,0.4891149178600074,0.6708850351196759,0.8285828547980304,junior,21,21,42
T039,2026-01-05,1,10.0,0,11,0.4891149178600074,0.6708850351196759,0.8285828547980304,senior,8,12,20
T039,2026-01-12,2,10.0,0,11,0.4891149178600074,0.6708850351196759,0.8285828547980304,junior,15,32,47
T039,2026-01-12,2,10.0,0,11,0.4891149178600074,0.6708850351196759,0.8285828547980304,senior,8,8,16
T039,2026-01-19,3,10.0,0,11,0.4891149178600074,0.6708850351196759,0.8285828547980304,junior,8,22,30
T039,2026-01-19,3,10.0,0,11,0.4891149178600074,0.6708850351196759,0.8285828547980304,senior,7,19,26
T039,2026-01-26,4,10.0,0,11,0.4891149178600074,0.6708850351196759,0.8285828547980304,junior,17,17,34
T039,2026-01-26,4,10.0,0,11,0.4891149178600074,0.6708850351196759,0.8285828547980304,senior,5,8,13
T039,2026-02-02,5,10.0,0,11,0.4891149178600074,0.6708850351196759,0.8285828547980304,junior,17,28,45
T039,2026-02-02,5,10.0,0,11,0.4891149178600074,0.6708850351196759,0.8285828547980304,senior,6,7,13
T039,2026-02-09,6,10.0,0,11,0.4891149178600074,0.6708850351196759,0.8285828547980304,junior,16,20,36
T039,2026-02-09,6,10.0,0,11,0.4891149178600074,0.6708850351196759,0.8285828547980304,senior,6,12,18
T039,2026-02-16,7,10.0,0,11,0.4891149178600074,0.6708850351196759,0.8285828547980304,junior,13,28,41
T039,2026-02-16,7,10.0,0,11,0.4891149178600074,0.6708850351196759,0.8285828547980304,senior,2,11,13
T039,2026-02-23,8,10.0,0,11,0.4891149178600074,0.6708850351196759,0.8285828547980304,junior,14,20,34
T039,2026-02-23,8,10.0,0,11,0.4891149178600074,0.6708850351196759,0.8285828547980304,senior,10,5,15
T039,2026-03-02,9,10.0,0,11,0.4891149178600074,0.6708850351196759,0.8285828547980304,junior,14,19,33
T039,2026-03-02,9,10.0,0,11,0.4891149178600074,0.6708850351196759,0.8285828547980304,senior,9,9,18
T039,2026-03-09,10,10.0,1,11,0.4891149178600074,0.6708850351196759,0.8285828547980304,junior,18,18,36
T039,2026-03-09,10,10.0,1,11,0.4891149178600074,0.6708850351196759,0.8285828547980304,senior,8,10,18
T039,2026-03-16,11,10.0,1,11,0.4891149178600074,0.6708850351196759,0.8285828547980304,junior,12,26,38
T039,2026-03-16,11,10.0,1,11,0.4891149178600074,0.6708850351196759,0.8285828547980304,senior,5,7,12
T039,2026-03-23,12,10.0,1,11,0.4891149178600074,0.6708850351196759,0.8285828547980304,junior,10,14,24
T039,2026-03-23,12,10.0,1,11,0.4891149178600074,0.6708850351196759,0.8285828547980304,senior,7,13,20
T039,2026-03-30,13,10.0,1,11,0.4891149178600074,0.6708850351196759,0.8285828547980304,junior,10,18,28
T039,2026-03-30,13,10.0,1,11,0.4891149178600074,0.6708850351196759,0.8285828547980304,senior,8,9,17
T039,2026-04-06,14,10.0,1,11,0.4891149178600074,0.6708850351196759,0.8285828547980304,junior,18,11,29
T039,2026-04-06,14,10.0,1,11,0.4891149178600074,0.6708850351196759,0.8285828547980304,senior,10,6,16
T039,2026-04-13,15,10.0,1,11,0.4891149178600074,0.6708850351196759,0.8285828547980304,junior,17,16,33
T039,2026-04-13,15,10.0,1,11,0.4891149178600074,0.6708850351196759,0.8285828547980304,senior,2,6,8
T039,2026-04-20,16,10.0,1,11,0.4891149178600074,0.6708850351196759,0.8285828547980304,junior,10,16,26
T039,2026-04-20,16,10.0,1,11,0.4891149178600074,0.6708850351196759,0.8285828547980304,senior,7,11,18
T039,2026-04-27,17,10.0,1,11,0.4891149178600074,0.6708850351196759,0.8285828547980304,junior,21,17,38
T039,2026-04-27,17,10.0,1,11,0.4891149178600074,0.6708850351196759,0.8285828547980304,senior,9,5,14
T039,2026-05-04,18,10.0,1,11,0.4891149178600074,0.6708850351196759,0.8285828547980304,junior,12,17,29
T039,2026-05-04,18,10.0,1,11,0.4891149178600074,0.6708850351196759,0.8285828547980304,senior,5,7,12
T039,2026-05-11,19,10.0,1,11,0.4891149178600074,0.6708850351196759,0.8285828547980304,junior,15,17,32
T039,2026-05-11,19,10.0,1,11,0.4891149178600074,0.6708850351196759,0.8285828547980304,senior,10,6,16
T039,2026-05-18,20,10.0,1,11,0.4891149178600074,0.6708850351196759,0.8285828547980304,junior,14,17,31
T039,2026-05-18,20,10.0,1,11,0.4891149178600074,0.6708850351196759,0.8285828547980304,senior,6,12,18
T039,2026-05-25,21,10.0,1,11,0.4891149178600074,0.6708850351196759,0.8285828547980304,junior,21,17,38
T039,2026-05-25,21,10.0,1,11,0.4891149178600074,0.6708850351196759,0.8285828547980304,senior,8,12,20
T039,2026-06-01,22,10.0,1,11,0.4891149178600074,0.6708850351196759,0.8285828547980304,junior,27,21,48
T039,2026-06-01,22,10.0,1,11,0.4891149178600074,0.6708850351196759,0.8285828547980304,senior,10,9,19
T039,2026-06-08,23,10.0,1,11,0.4891149178600074,0.6708850351196759,0.8285828547980304,junior,23,21,44
T039,2026-06-08,23,10.0,1,11,0.4891149178600074,0.6708850351196759,0.8285828547980304,senior,4,10,14
T039,2026-06-15,24,10.0,1,11,0.4891149178600074,0.6708850351196759,0.8285828547980304,junior,25,17,42
T039,2026-06-15,24,10.0,1,11,0.4891149178600074,0.6708850351196759,0.8285828547980304,senior,6,8,14
T039,2026-06-22,25,10.0,1,11,0.4891149178600074,0.6708850351196759,0.8285828547980304,junior,12,21,33
T039,2026-06-22,25,10.0,1,11,0.4891149178600074,0.6708850351196759,0.8285828547980304,senior,10,7,17
T039,2026-06-29,26,10.0,1,11,0.4891149178600074,0.6708850351196759,0.8285828547980304,junior,15,13,28
T039,2026-06-29,26,10.0,1,11,0.4891149178600074,0.6708850351196759,0.8285828547980304,senior,7,9,16
T039,2026-07-06,27,10.0,1,11,0.4891149178600074,0.6708850351196759,0.8285828547980304,junior,12,16,28
T039,2026-07-06,27,10.0,1,11,0.4891149178600074,0.6708850351196759,0.8285828547980304,senior,9,6,15
T039,2026-07-13,28,10.0,1,11,0.4891149178600074,0.6708850351196759,0.8285828547980304,junior,18,20,38
T039,2026-07-13,28,10.0,1,11,0.4891149178600074,0.6708850351196759,0.8285828547980304,senior,5,17,22
T039,2026-07-20,29,10.0,1,11,0.4891149178600074,0.6708850351196759,0.8285828547980304,junior,22,17,39
T039,2026-07-20,29,10.0,1,11,0.4891149178600074,0.6708850351196759,0.8285828547980304,senior,10,14,24
T039,2026-07-27,30,10.0,1,11,0.4891149178600074,0.6708850351196759,0.8285828547980304,junior,16,14,30
T039,2026-07-27,30,10.0,1,11,0.4891149178600074,0.6708850351196759,0.8285828547980304,senior,9,8,17
T040,2026-01-05,1,16.0,0,6,0.7040219832741286,0.42886556488206035,-1.3001217193056303,junior,5,2,7
T040,2026-01-05,1,16.0,0,6,0.7040219832741286,0.42886556488206035,-1.3001217193056303,senior,4,4,8
T040,2026-01-12,2,16.0,0,6,0.7040219832741286,0.42886556488206035,-1.3001217193056303,junior,1,7,8
T040,2026-01-12,2,16.0,0,6,0.7040219832741286,0.42886556488206035,-1.3001217193056303,senior,5,8,13
T040,2026-01-19,3,16.0,0,6,0.7040219832741286,0.42886556488206035,-1.3001217193056303,junior,0,3,3
T040,2026-01-19,3,16.0,0,6,0.7040219832741286,0.42886556488206035,-1.3001217193056303,senior,5,8,13
T040,2026-01-26,4,16.0,0,6,0.7040219832741286,0.42886556488206035,-1.3001217193056303,junior,0,5,5
T040,2026-01-26,4,16.0,0,6,0.7040219832741286,0.42886556488206035,-1.3001217193056303,senior,5,5,10
T040,2026-02-02,5,16.0,0,6,0.7040219832741286,0.42886556488206035,-1.3001217193056303,junior,4,3,7
T040,2026-02-02,5,16.0,0,6,0.7040219832741286,0.42886556488206035,-1.3001217193056303,senior,5,9,14
T040,2026-02-09,6,16.0,0,6,0.7040219832741286,0.42886556488206035,-1.3001217193056303,junior,0,1,1
T040,2026-02-09,6,16.0,0,6,0.7040219832741286,0.42886556488206035,-1.3001217193056303,senior,4,5,9
T040,2026-02-16,7,16.0,0,6,0.7040219832741286,0.42886556488206035,-1.3001217193056303,junior,3,3,6
T040,2026-02-16,7,16.0,0,6,0.7040219832741286,0.42886556488206035,-1.3001217193056303,senior,7,3,10
T040,2026-02-23,8,16.0,0,6,0.7040219832741286,0.42886556488206035,-1.3001217193056303,junior,1,3,4
T040,2026-02-23,8,16.0,0,6,0.7040219832741286,0.42886556488206035,-1.3001217193056303,senior,6,3,9
T040,2026-03-02,9,16.0,0,6,0.7040219832741286,0.42886556488206035,-1.3001217193056303,junior,0,4,4
T040,2026-03-02,9,16.0,0,6,0.7040219832741286,0.42886556488206035,-1.3001217193056303,senior,8,4,12
T040,2026-03-09,10,16.0,0,6,0.7040219832741286,0.42886556488206035,-1.3001217193056303,junior,1,1,2
T040,2026-03-09,10,16.0,0,6,0.7040219832741286,0.42886556488206035,-1.3001217193056303,senior,3,7,10
T040,2026-03-16,11,16.0,0,6,0.7040219832741286,0.42886556488206035,-1.3001217193056303,junior,1,1,2
T040,2026-03-16,11,16.0,0,6,0.7040219832741286,0.42886556488206035,-1.3001217193056303,senior,6,7,13
T040,2026-03-23,12,16.0,0,6,0.7040219832741286,0.42886556488206035,-1.3001217193056303,junior,2,2,4
T040,2026-03-23,12,16.0,0,6,0.7040219832741286,0.42886556488206035,-1.3001217193056303,senior,2,5,7
T040,2026-03-30,13,16.0,0,6,0.7040219832741286,0.42886556488206035,-1.3001217193056303,junior,2,2,4
T040,2026-03-30,13,16.0,0,6,0.7040219832741286,0.42886556488206035,-1.3001217193056303,senior,3,6,9
T040,2026-04-06,14,16.0,0,6,0.7040219832741286,0.42886556488206035,-1.3001217193056303,junior,1,2,3
T040,2026-04-06,14,16.0,0,6,0.7040219832741286,0.42886556488206035,-1.3001217193056303,senior,4,4,8
T040,2026-04-13,15,16.0,0,6,0.7040219832741286,0.42886556488206035,-1.3001217193056303,junior,1,1,2
T040,2026-04-13,15,16.0,0,6,0.7040219832741286,0.42886556488206035,-1.3001217193056303,senior,3,5,8
T040,2026-04-20,16,16.0,1,6,0.7040219832741286,0.42886556488206035,-1.3001217193056303,junior,4,5,9
T040,2026-04-20,16,16.0,1,6,0.7040219832741286,0.42886556488206035,-1.3001217193056303,senior,5,3,8
T040,2026-04-27,17,16.0,1,6,0.7040219832741286,0.42886556488206035,-1.3001217193056303,junior,1,2,3
T040,2026-04-27,17,16.0,1,6,0.7040219832741286,0.42886556488206035,-1.3001217193056303,senior,8,4,12
T040,2026-05-04,18,16.0,1,6,0.7040219832741286,0.42886556488206035,-1.3001217193056303,junior,2,7,9
T040,2026-05-04,18,16.0,1,6,0.7040219832741286,0.42886556488206035,-1.3001217193056303,senior,6,8,14
T040,2026-05-11,19,16.0,1,6,0.7040219832741286,0.42886556488206035,-1.3001217193056303,junior,4,4,8
T040,2026-05-11,19,16.0,1,6,0.7040219832741286,0.42886556488206035,-1.3001217193056303,senior,3,7,10
T040,2026-05-18,20,16.0,1,6,0.7040219832741286,0.42886556488206035,-1.3001217193056303,junior,2,0,2
T040,2026-05-18,20,16.0,1,6,0.7040219832741286,0.42886556488206035,-1.3001217193056303,senior,2,6,8
T040,2026-05-25,21,16.0,1,6,0.7040219832741286,0.42886556488206035,-1.3001217193056303,junior,1,2,3
T040,2026-05-25,21,16.0,1,6,0.7040219832741286,0.42886556488206035,-1.3001217193056303,senior,6,7,13
T040,2026-06-01,22,16.0,1,6,0.7040219832741286,0.42886556488206035,-1.3001217193056303,junior,2,5,7
T040,2026-06-01,22,16.0,1,6,0.7040219832741286,0.42886556488206035,-1.3001217193056303,senior,3,2,5
T040,2026-06-08,23,16.0,1,6,0.7040219832741286,0.42886556488206035,-1.3001217193056303,junior,3,6,9
T040,2026-06-08,23,16.0,1,6,0.7040219832741286,0.42886556488206035,-1.3001217193056303,senior,5,5,10
T040,2026-06-15,24,16.0,1,6,0.7040219832741286,0.42886556488206035,-1.3001217193056303,junior,3,3,6
T040,2026-06-15,24,16.0,1,6,0.7040219832741286,0.42886556488206035,-1.3001217193056303,senior,5,3,8
T040,2026-06-22,25,16.0,1,6,0.7040219832741286,0.42886556488206035,-1.3001217193056303,junior,4,5,9
T040,2026-06-22,25,16.0,1,6,0.7040219832741286,0.42886556488206035,-1.3001217193056303,senior,3,7,10
T040,2026-06-29,26,16.0,1,6,0.7040219832741286,0.42886556488206035,-1.3001217193056303,junior,4,7,11
T040,2026-06-29,26,16.0,1,6,0.7040219832741286,0.42886556488206035,-1.3001217193056303,senior,3,9,12
T040,2026-07-06,27,16.0,1,6,0.7040219832741286,0.42886556488206035,-1.3001217193056303,junior,2,6,8
T040,2026-07-06,27,16.0,1,6,0.7040219832741286,0.42886556488206035,-1.3001217193056303,senior,8,7,15
T040,2026-07-13,28,16.0,1,6,0.7040219832741286,0.42886556488206035,-1.3001217193056303,junior,2,6,8
T040,2026-07-13,28,16.0,1,6,0.7040219832741286,0.42886556488206035,-1.3001217193056303,senior,6,3,9
T040,2026-07-20,29,16.0,1,6,0.7040219832741286,0.42886556488206035,-1.3001217193056303,junior,4,2,6
T040,2026-07-20,29,16.0,1,6,0.7040219832741286,0.42886556488206035,-1.3001217193056303,senior,4,5,9
T040,2026-07-27,30,16.0,1,6,0.7040219832741286,0.42886556488206035,-1.3001217193056303,junior,1,2,3
T040,2026-07-27,30,16.0,1,6,0.7040219832741286,0.42886556488206035,-1.3001217193056303,senior,5,9,14
T041,2026-01-05,1,17.0,0,8,0.18896644642610172,0.9061266757222481,-0.849431436030892,junior,5,13,18
T041,2026-01-05,1,17.0,0,8,0.18896644642610172,0.9061266757222481,-0.849431436030892,senior,6,2,8
T041,2026-01-12,2,17.0,0,8,0.18896644642610172,0.9061266757222481,-0.849431436030892,junior,10,8,18
T041,2026-01-12,2,17.0,0,8,0.18896644642610172,0.9061266757222481,-0.849431436030892,senior,4,7,11
T041,2026-01-19,3,17.0,0,8,0.18896644642610172,0.9061266757222481,-0.849431436030892,junior,9,10,19
T041,2026-01-19,3,17.0,0,8,0.18896644642610172,0.9061266757222481,-0.849431436030892,senior,2,3,5
T041,2026-01-26,4,17.0,0,8,0.18896644642610172,0.9061266757222481,-0.849431436030892,junior,4,9,13
T041,2026-01-26,4,17.0,0,8,0.18896644642610172,0.9061266757222481,-0.849431436030892,senior,1,3,4
T041,2026-02-02,5,17.0,0,8,0.18896644642610172,0.9061266757222481,-0.849431436030892,junior,11,7,18
T041,2026-02-02,5,17.0,0,8,0.18896644642610172,0.9061266757222481,-0.849431436030892,senior,1,8,9
T041,2026-02-09,6,17.0,0,8,0.18896644642610172,0.9061266757222481,-0.849431436030892,junior,11,12,23
T041,2026-02-09,6,17.0,0,8,0.18896644642610172,0.9061266757222481,-0.849431436030892,senior,1,4,5
T041,2026-02-16,7,17.0,0,8,0.18896644642610172,0.9061266757222481,-0.849431436030892,junior,8,8,16
T041,2026-02-16,7,17.0,0,8,0.18896644642610172,0.9061266757222481,-0.849431436030892,senior,4,3,7
T041,2026-02-23,8,17.0,0,8,0.18896644642610172,0.9061266757222481,-0.849431436030892,junior,5,9,14
T041,2026-02-23,8,17.0,0,8,0.18896644642610172,0.9061266757222481,-0.849431436030892,senior,3,4,7
T041,2026-03-02,9,17.0,0,8,0.18896644642610172,0.9061266757222481,-0.849431436030892,junior,11,10,21
T041,2026-03-02,9,17.0,0,8,0.18896644642610172,0.9061266757222481,-0.849431436030892,senior,2,4,6
T041,2026-03-09,10,17.0,0,8,0.18896644642610172,0.9061266757222481,-0.849431436030892,junior,8,10,18
T041,2026-03-09,10,17.0,0,8,0.18896644642610172,0.9061266757222481,-0.849431436030892,senior,4,3,7
T041,2026-03-16,11,17.0,0,8,0.18896644642610172,0.9061266757222481,-0.849431436030892,junior,6,4,10
T041,2026-03-16,11,17.0,0,8,0.18896644642610172,0.9061266757222481,-0.849431436030892,senior,3,2,5
T041,2026-03-23,12,17.0,0,8,0.18896644642610172,0.9061266757222481,-0.849431436030892,junior,10,9,19
T041,2026-03-23,12,17.0,0,8,0.18896644642610172,0.9061266757222481,-0.849431436030892,senior,5,2,7
T041,2026-03-30,13,17.0,0,8,0.18896644642610172,0.9061266757222481,-0.849431436030892,junior,6,3,9
T041,2026-03-30,13,17.0,0,8,0.18896644642610172,0.9061266757222481,-0.849431436030892,senior,3,6,9
T041,2026-04-06,14,17.0,0,8,0.18896644642610172,0.9061266757222481,-0.849431436030892,junior,9,10,19
T041,2026-04-06,14,17.0,0,8,0.18896644642610172,0.9061266757222481,-0.849431436030892,senior,3,2,5
T041,2026-04-13,15,17.0,0,8,0.18896644642610172,0.9061266757222481,-0.849431436030892,junior,8,4,12
T041,2026-04-13,15,17.0,0,8,0.18896644642610172,0.9061266757222481,-0.849431436030892,senior,3,3,6
T041,2026-04-20,16,17.0,0,8,0.18896644642610172,0.9061266757222481,-0.849431436030892,junior,8,6,14
T041,2026-04-20,16,17.0,0,8,0.18896644642610172,0.9061266757222481,-0.849431436030892,senior,0,3,3
T041,2026-04-27,17,17.0,1,8,0.18896644642610172,0.9061266757222481,-0.849431436030892,junior,12,10,22
T041,2026-04-27,17,17.0,1,8,0.18896644642610172,0.9061266757222481,-0.849431436030892,senior,3,5,8
T041,2026-05-04,18,17.0,1,8,0.18896644642610172,0.9061266757222481,-0.849431436030892,junior,6,11,17
T041,2026-05-04,18,17.0,1,8,0.18896644642610172,0.9061266757222481,-0.849431436030892,senior,3,6,9
T041,2026-05-11,19,17.0,1,8,0.18896644642610172,0.9061266757222481,-0.849431436030892,junior,11,13,24
T041,2026-05-11,19,17.0,1,8,0.18896644642610172,0.9061266757222481,-0.849431436030892,senior,4,4,8
T041,2026-05-18,20,17.0,1,8,0.18896644642610172,0.9061266757222481,-0.849431436030892,junior,12,12,24
T041,2026-05-18,20,17.0,1,8,0.18896644642610172,0.9061266757222481,-0.849431436030892,senior,1,2,3
T041,2026-05-25,21,17.0,1,8,0.18896644642610172,0.9061266757222481,-0.849431436030892,junior,8,17,25
T041,2026-05-25,21,17.0,1,8,0.18896644642610172,0.9061266757222481,-0.849431436030892,senior,4,1,5
T041,2026-06-01,22,17.0,1,8,0.18896644642610172,0.9061266757222481,-0.849431436030892,junior,7,16,23
T041,2026-06-01,22,17.0,1,8,0.18896644642610172,0.9061266757222481,-0.849431436030892,senior,1,5,6
T041,2026-06-08,23,17.0,1,8,0.18896644642610172,0.9061266757222481,-0.849431436030892,junior,5,10,15
T041,2026-06-08,23,17.0,1,8,0.18896644642610172,0.9061266757222481,-0.849431436030892,senior,2,3,5
T041,2026-06-15,24,17.0,1,8,0.18896644642610172,0.9061266757222481,-0.849431436030892,junior,9,7,16
T041,2026-06-15,24,17.0,1,8,0.18896644642610172,0.9061266757222481,-0.849431436030892,senior,5,3,8
T041,2026-06-22,25,17.0,1,8,0.18896644642610172,0.9061266757222481,-0.849431436030892,junior,12,16,28
T041,2026-06-22,25,17.0,1,8,0.18896644642610172,0.9061266757222481,-0.849431436030892,senior,2,4,6
T041,2026-06-29,26,17.0,1,8,0.18896644642610172,0.9061266757222481,-0.849431436030892,junior,7,7,14
T041,2026-06-29,26,17.0,1,8,0.18896644642610172,0.9061266757222481,-0.849431436030892,senior,5,5,10
T041,2026-07-06,27,17.0,1,8,0.18896644642610172,0.9061266757222481,-0.849431436030892,junior,10,12,22
T041,2026-07-06,27,17.0,1,8,0.18896644642610172,0.9061266757222481,-0.849431436030892,senior,3,2,5
T041,2026-07-13,28,17.0,1,8,0.18896644642610172,0.9061266757222481,-0.849431436030892,junior,6,14,20
T041,2026-07-13,28,17.0,1,8,0.18896644642610172,0.9061266757222481,-0.849431436030892,senior,3,4,7
T041,2026-07-20,29,17.0,1,8,0.18896644642610172,0.9061266757222481,-0.849431436030892,junior,15,10,25
T041,2026-07-20,29,17.0,1,8,0.18896644642610172,0.9061266757222481,-0.849431436030892,senior,2,5,7
T041,2026-07-27,30,17.0,1,8,0.18896644642610172,0.9061266757222481,-0.849431436030892,junior,7,13,20
T041,2026-07-27,30,17.0,1,8,0.18896644642610172,0.9061266757222481,-0.849431436030892,senior,3,1,4
T042,2026-01-05,1,8.0,0,12,0.5182978316171679,0.24280150210893886,1.6490935074428663,junior,18,12,30
T042,2026-01-05,1,8.0,0,12,0.5182978316171679,0.24280150210893886,1.6490935074428663,senior,17,28,45
T042,2026-01-12,2,8.0,0,12,0.5182978316171679,0.24280150210893886,1.6490935074428663,junior,23,16,39
T042,2026-01-12,2,8.0,0,12,0.5182978316171679,0.24280150210893886,1.6490935074428663,senior,23,26,49
T042,2026-01-19,3,8.0,0,12,0.5182978316171679,0.24280150210893886,1.6490935074428663,junior,10,24,34
T042,2026-01-19,3,8.0,0,12,0.5182978316171679,0.24280150210893886,1.6490935074428663,senior,12,13,25
T042,2026-01-26,4,8.0,0,12,0.5182978316171679,0.24280150210893886,1.6490935074428663,junior,17,31,48
T042,2026-01-26,4,8.0,0,12,0.5182978316171679,0.24280150210893886,1.6490935074428663,senior,18,9,27
T042,2026-02-02,5,8.0,0,12,0.5182978316171679,0.24280150210893886,1.6490935074428663,junior,20,21,41
T042,2026-02-02,5,8.0,0,12,0.5182978316171679,0.24280150210893886,1.6490935074428663,senior,22,24,46
T042,2026-02-09,6,8.0,0,12,0.5182978316171679,0.24280150210893886,1.6490935074428663,junior,15,21,36
T042,2026-02-09,6,8.0,0,12,0.5182978316171679,0.24280150210893886,1.6490935074428663,senior,13,18,31
T042,2026-02-16,7,8.0,0,12,0.5182978316171679,0.24280150210893886,1.6490935074428663,junior,14,26,40
T042,2026-02-16,7,8.0,0,12,0.5182978316171679,0.24280150210893886,1.6490935074428663,senior,19,24,43
T042,2026-02-23,8,8.0,1,12,0.5182978316171679,0.24280150210893886,1.6490935074428663,junior,18,29,47
T042,2026-02-23,8,8.0,1,12,0.5182978316171679,0.24280150210893886,1.6490935074428663,senior,18,25,43
T042,2026-03-02,9,8.0,1,12,0.5182978316171679,0.24280150210893886,1.6490935074428663,junior,14,23,37
T042,2026-03-02,9,8.0,1,12,0.5182978316171679,0.24280150210893886,1.6490935074428663,senior,15,22,37
T042,2026-03-09,10,8.0,1,12,0.5182978316171679,0.24280150210893886,1.6490935074428663,junior,11,18,29
T042,2026-03-09,10,8.0,1,12,0.5182978316171679,0.24280150210893886,1.6490935074428663,senior,8,13,21
T042,2026-03-16,11,8.0,1,12,0.5182978316171679,0.24280150210893886,1.6490935074428663,junior,32,29,61
T042,2026-03-16,11,8.0,1,12,0.5182978316171679,0.24280150210893886,1.6490935074428663,senior,26,16,42
T042,2026-03-23,12,8.0,1,12,0.5182978316171679,0.24280150210893886,1.6490935074428663,junior,20,19,39
T042,2026-03-23,12,8.0,1,12,0.5182978316171679,0.24280150210893886,1.6490935074428663,senior,17,25,42
T042,2026-03-30,13,8.0,1,12,0.5182978316171679,0.24280150210893886,1.6490935074428663,junior,14,22,36
T042,2026-03-30,13,8.0,1,12,0.5182978316171679,0.24280150210893886,1.6490935074428663,senior,17,14,31
T042,2026-04-06,14,8.0,1,12,0.5182978316171679,0.24280150210893886,1.6490935074428663,junior,16,20,36
T042,2026-04-06,14,8.0,1,12,0.5182978316171679,0.24280150210893886,1.6490935074428663,senior,20,21,41
T042,2026-04-13,15,8.0,1,12,0.5182978316171679,0.24280150210893886,1.6490935074428663,junior,20,22,42
T042,2026-04-13,15,8.0,1,12,0.5182978316171679,0.24280150210893886,1.6490935074428663,senior,8,23,31
T042,2026-04-20,16,8.0,1,12,0.5182978316171679,0.24280150210893886,1.6490935074428663,junior,13,12,25
T042,2026-04-20,16,8.0,1,12,0.5182978316171679,0.24280150210893886,1.6490935074428663,senior,14,18,32
T042,2026-04-27,17,8.0,1,12,0.5182978316171679,0.24280150210893886,1.6490935074428663,junior,19,29,48
T042,2026-04-27,17,8.0,1,12,0.5182978316171679,0.24280150210893886,1.6490935074428663,senior,18,9,27
T042,2026-05-04,18,8.0,1,12,0.5182978316171679,0.24280150210893886,1.6490935074428663,junior,20,18,38
T042,2026-05-04,18,8.0,1,12,0.5182978316171679,0.24280150210893886,1.6490935074428663,senior,13,17,30
T042,2026-05-11,19,8.0,1,12,0.5182978316171679,0.24280150210893886,1.6490935074428663,junior,29,32,61
T042,2026-05-11,19,8.0,1,12,0.5182978316171679,0.24280150210893886,1.6490935074428663,senior,21,16,37
T042,2026-05-18,20,8.0,1,12,0.5182978316171679,0.24280150210893886,1.6490935074428663,junior,16,24,40
T042,2026-05-18,20,8.0,1,12,0.5182978316171679,0.24280150210893886,1.6490935074428663,senior,17,17,34
T042,2026-05-25,21,8.0,1,12,0.5182978316171679,0.24280150210893886,1.6490935074428663,junior,21,23,44
T042,2026-05-25,21,8.0,1,12,0.5182978316171679,0.24280150210893886,1.6490935074428663,senior,17,17,34
T042,2026-06-01,22,8.0,1,12,0.5182978316171679,0.24280150210893886,1.6490935074428663,junior,17,29,46
T042,2026-06-01,22,8.0,1,12,0.5182978316171679,0.24280150210893886,1.6490935074428663,senior,15,14,29
T042,2026-06-08,23,8.0,1,12,0.5182978316171679,0.24280150210893886,1.6490935074428663,junior,19,16,35
T042,2026-06-08,23,8.0,1,12,0.5182978316171679,0.24280150210893886,1.6490935074428663,senior,18,12,30
T042,2026-06-15,24,8.0,1,12,0.5182978316171679,0.24280150210893886,1.6490935074428663,junior,27,22,49
T042,2026-06-15,24,8.0,1,12,0.5182978316171679,0.24280150210893886,1.6490935074428663,senior,15,20,35
T042,2026-06-22,25,8.0,1,12,0.5182978316171679,0.24280150210893886,1.6490935074428663,junior,22,28,50
T042,2026-06-22,25,8.0,1,12,0.5182978316171679,0.24280150210893886,1.6490935074428663,senior,11,13,24
T042,2026-06-29,26,8.0,1,12,0.5182978316171679,0.24280150210893886,1.6490935074428663,junior,17,20,37
T042,2026-06-29,26,8.0,1,12,0.5182978316171679,0.24280150210893886,1.6490935074428663,senior,9,14,23
T042,2026-07-06,27,8.0,1,12,0.5182978316171679,0.24280150210893886,1.6490935074428663,junior,22,28,50
T042,2026-07-06,27,8.0,1,12,0.5182978316171679,0.24280150210893886,1.6490935074428663,senior,20,20,40
T042,2026-07-13,28,8.0,1,12,0.5182978316171679,0.24280150210893886,1.6490935074428663,junior,19,23,42
T042,2026-07-13,28,8.0,1,12,0.5182978316171679,0.24280150210893886,1.6490935074428663,senior,26,24,50
T042,2026-07-20,29,8.0,1,12,0.5182978316171679,0.24280150210893886,1.6490935074428663,junior,24,16,40
T042,2026-07-20,29,8.0,1,12,0.5182978316171679,0.24280150210893886,1.6490935074428663,senior,17,17,34
T042,2026-07-27,30,8.0,1,12,0.5182978316171679,0.24280150210893886,1.6490935074428663,junior,13,20,33
T042,2026-07-27,30,8.0,1,12,0.5182978316171679,0.24280150210893886,1.6490935074428663,senior,13,15,28
T043,2026-01-05,1,,0,7,0.25083823768033137,0.4676250054015314,0.8259785262787375,junior,13,15,28
T043,2026-01-05,1,,0,7,0.25083823768033137,0.4676250054015314,0.8259785262787375,senior,2,4,6
T043,2026-01-12,2,,0,7,0.25083823768033137,0.4676250054015314,0.8259785262787375,junior,15,32,47
T043,2026-01-12,2,,0,7,0.25083823768033137,0.4676250054015314,0.8259785262787375,senior,16,13,29
T043,2026-01-19,3,,0,7,0.25083823768033137,0.4676250054015314,0.8259785262787375,junior,11,12,23
T043,2026-01-19,3,,0,7,0.25083823768033137,0.4676250054015314,0.8259785262787375,senior,8,6,14
T043,2026-01-26,4,,0,7,0.25083823768033137,0.4676250054015314,0.8259785262787375,junior,15,11,26
T043,2026-01-26,4,,0,7,0.25083823768033137,0.4676250054015314,0.8259785262787375,senior,3,7,10
T043,2026-02-02,5,,0,7,0.25083823768033137,0.4676250054015314,0.8259785262787375,junior,9,14,23
T043,2026-02-02,5,,0,7,0.25083823768033137,0.4676250054015314,0.8259785262787375,senior,5,14,19
T043,2026-02-09,6,,0,7,0.25083823768033137,0.4676250054015314,0.8259785262787375,junior,9,14,23
T043,2026-02-09,6,,0,7,0.25083823768033137,0.4676250054015314,0.8259785262787375,senior,6,10,16
T043,2026-02-16,7,,0,7,0.25083823768033137,0.4676250054015314,0.8259785262787375,junior,17,9,26
T043,2026-02-16,7,,0,7,0.25083823768033137,0.4676250054015314,0.8259785262787375,senior,8,5,13
T043,2026-02-23,8,,0,7,0.25083823768033137,0.4676250054015314,0.8259785262787375,junior,15,5,20
T043,2026-02-23,8,,0,7,0.25083823768033137,0.4676250054015314,0.8259785262787375,senior,8,5,13
T043,2026-03-02,9,,0,7,0.25083823768033137,0.4676250054015314,0.8259785262787375,junior,5,5,10
T043,2026-03-02,9,,0,7,0.25083823768033137,0.4676250054015314,0.8259785262787375,senior,9,7,16
T043,2026-03-09,10,,0,7,0.25083823768033137,0.4676250054015314,0.8259785262787375,junior,3,12,15
T043,2026-03-09,10,,0,7,0.25083823768033137,0.4676250054015314,0.8259785262787375,senior,8,9,17
T043,2026-03-16,11,,0,7,0.25083823768033137,0.4676250054015314,0.8259785262787375,junior,13,11,24
T043,2026-03-16,11,,0,7,0.25083823768033137,0.4676250054015314,0.8259785262787375,senior,7,15,22
T043,2026-03-23,12,,0,7,0.25083823768033137,0.4676250054015314,0.8259785262787375,junior,22,16,38
T043,2026-03-23,12,,0,7,0.25083823768033137,0.4676250054015314,0.8259785262787375,senior,13,12,25
T043,2026-03-30,13,,0,7,0.25083823768033137,0.4676250054015314,0.8259785262787375,junior,5,12,17
T043,2026-03-30,13,,0,7,0.25083823768033137,0.4676250054015314,0.8259785262787375,senior,8,6,14
T043,2026-04-06,14,,0,7,0.25083823768033137,0.4676250054015314,0.8259785262787375,junior,13,12,25
T043,2026-04-06,14,,0,7,0.25083823768033137,0.4676250054015314,0.8259785262787375,senior,3,9,12
T043,2026-04-13,15,,0,7,0.25083823768033137,0.4676250054015314,0.8259785262787375,junior,11,18,29
T043,2026-04-13,15,,0,7,0.25083823768033137,0.4676250054015314,0.8259785262787375,senior,5,12,17
T043,2026-04-20,16,,0,7,0.25083823768033137,0.4676250054015314,0.8259785262787375,junior,13,8,21
T043,2026-04-20,16,,0,7,0.25083823768033137,0.4676250054015314,0.8259785262787375,senior,8,8,16
T043,2026-04-27,17,,0,7,0.25083823768033137,0.4676250054015314,0.8259785262787375,junior,15,17,32
T043,2026-04-27,17,,0,7,0.25083823768033137,0.4676250054015314,0.8259785262787375,senior,6,5,11
T043,2026-05-04,18,,0,7,0.25083823768033137,0.4676250054015314,0.8259785262787375,junior,6,14,20
T043,2026-05-04,18,,0,7,0.25083823768033137,0.4676250054015314,0.8259785262787375,senior,5,8,13
T043,2026-05-11,19,,0,7,0.25083823768033137,0.4676250054015314,0.8259785262787375,junior,8,13,21
T043,2026-05-11,19,,0,7,0.25083823768033137,0.4676250054015314,0.8259785262787375,senior,8,2,10
T043,2026-05-18,20,,0,7,0.25083823768033137,0.4676250054015314,0.8259785262787375,junior,12,15,27
T043,2026-05-18,20,,0,7,0.25083823768033137,0.4676250054015314,0.8259785262787375,senior,10,11,21
T043,2026-05-25,21,,0,7,0.25083823768033137,0.4676250054015314,0.8259785262787375,junior,8,22,30
T043,2026-05-25,21,,0,7,0.25083823768033137,0.4676250054015314,0.8259785262787375,senior,7,7,14
T043,2026-06-01,22,,0,7,0.25083823768033137,0.4676250054015314,0.8259785262787375,junior,15,17,32
T043,2026-06-01,22,,0,7,0.25083823768033137,0.4676250054015314,0.8259785262787375,senior,10,6,16
T043,2026-06-08,23,,0,7,0.25083823768033137,0.4676250054015314,0.8259785262787375,junior,9,17,26
T043,2026-06-08,23,,0,7,0.25083823768033137,0.4676250054015314,0.8259785262787375,senior,2,11,13
T043,2026-06-15,24,,0,7,0.25083823768033137,0.4676250054015314,0.8259785262787375,junior,12,16,28
T043,2026-06-15,24,,0,7,0.25083823768033137,0.4676250054015314,0.8259785262787375,senior,4,13,17
T043,2026-06-22,25,,0,7,0.25083823768033137,0.4676250054015314,0.8259785262787375,junior,6,5,11
T043,2026-06-22,25,,0,7,0.25083823768033137,0.4676250054015314,0.8259785262787375,senior,14,9,23
T043,2026-06-29,26,,0,7,0.25083823768033137,0.4676250054015314,0.8259785262787375,junior,14,12,26
T043,2026-06-29,26,,0,7,0.25083823768033137,0.4676250054015314,0.8259785262787375,senior,5,9,14
T043,2026-07-06,27,,0,7,0.25083823768033137,0.4676250054015314,0.8259785262787375,junior,9,8,17
T043,2026-07-06,27,,0,7,0.25083823768033137,0.4676250054015314,0.8259785262787375,senior,6,4,10
T043,2026-07-13,28,,0,7,0.25083823768033137,0.4676250054015314,0.8259785262787375,junior,11,17,28
T043,2026-07-13,28,,0,7,0.25083823768033137,0.4676250054015314,0.8259785262787375,senior,11,8,19
T043,2026-07-20,29,,0,7,0.25083823768033137,0.4676250054015314,0.8259785262787375,junior,8,8,16
T043,2026-07-20,29,,0,7,0.25083823768033137,0.4676250054015314,0.8259785262787375,senior,10,14,24
T043,2026-07-27,30,,0,7,0.25083823768033137,0.4676250054015314,0.8259785262787375,junior,10,12,22
T043,2026-07-27,30,,0,7,0.25083823768033137,0.4676250054015314,0.8259785262787375,senior,6,7,13
T044,2026-01-05,1,,0,4,0.477992669333732,0.20967268111843462,0.5957379423881592,junior,5,4,9
T044,2026-01-05,1,,0,4,0.477992669333732,0.20967268111843462,0.5957379423881592,senior,5,3,8
T044,2026-01-12,2,,0,4,0.477992669333732,0.20967268111843462,0.5957379423881592,junior,4,7,11
T044,2026-01-12,2,,0,4,0.477992669333732,0.20967268111843462,0.5957379423881592,senior,8,7,15
T044,2026-01-19,3,,0,4,0.477992669333732,0.20967268111843462,0.5957379423881592,junior,4,4,8
T044,2026-01-19,3,,0,4,0.477992669333732,0.20967268111843462,0.5957379423881592,senior,14,11,25
T044,2026-01-26,4,,0,4,0.477992669333732,0.20967268111843462,0.5957379423881592,junior,5,5,10
T044,2026-01-26,4,,0,4,0.477992669333732,0.20967268111843462,0.5957379423881592,senior,8,7,15
T044,2026-02-02,5,,0,4,0.477992669333732,0.20967268111843462,0.5957379423881592,junior,4,3,7
T044,2026-02-02,5,,0,4,0.477992669333732,0.20967268111843462,0.5957379423881592,senior,12,8,20
T044,2026-02-09,6,,0,4,0.477992669333732,0.20967268111843462,0.5957379423881592,junior,7,2,9
T044,2026-02-09,6,,0,4,0.477992669333732,0.20967268111843462,0.5957379423881592,senior,4,4,8
T044,2026-02-16,7,,0,4,0.477992669333732,0.20967268111843462,0.5957379423881592,junior,4,9,13
T044,2026-02-16,7,,0,4,0.477992669333732,0.20967268111843462,0.5957379423881592,senior,8,5,13
T044,2026-02-23,8,,0,4,0.477992669333732,0.20967268111843462,0.5957379423881592,junior,6,6,12
T044,2026-02-23,8,,0,4,0.477992669333732,0.20967268111843462,0.5957379423881592,senior,5,10,15
T044,2026-03-02,9,,0,4,0.477992669333732,0.20967268111843462,0.5957379423881592,junior,9,4,13
T044,2026-03-02,9,,0,4,0.477992669333732,0.20967268111843462,0.5957379423881592,senior,4,6,10
T044,2026-03-09,10,,0,4,0.477992669333732,0.20967268111843462,0.5957379423881592,junior,3,4,7
T044,2026-03-09,10,,0,4,0.477992669333732,0.20967268111843462,0.5957379423881592,senior,4,7,11
T044,2026-03-16,11,,0,4,0.477992669333732,0.20967268111843462,0.5957379423881592,junior,7,5,12
T044,2026-03-16,11,,0,4,0.477992669333732,0.20967268111843462,0.5957379423881592,senior,5,8,13
T044,2026-03-23,12,,0,4,0.477992669333732,0.20967268111843462,0.5957379423881592,junior,3,3,6
T044,2026-03-23,12,,0,4,0.477992669333732,0.20967268111843462,0.5957379423881592,senior,5,4,9
T044,2026-03-30,13,,0,4,0.477992669333732,0.20967268111843462,0.5957379423881592,junior,2,2,4
T044,2026-03-30,13,,0,4,0.477992669333732,0.20967268111843462,0.5957379423881592,senior,6,5,11
T044,2026-04-06,14,,0,4,0.477992669333732,0.20967268111843462,0.5957379423881592,junior,8,9,17
T044,2026-04-06,14,,0,4,0.477992669333732,0.20967268111843462,0.5957379423881592,senior,11,10,21
T044,2026-04-13,15,,0,4,0.477992669333732,0.20967268111843462,0.5957379423881592,junior,5,5,10
T044,2026-04-13,15,,0,4,0.477992669333732,0.20967268111843462,0.5957379423881592,senior,6,9,15
T044,2026-04-20,16,,0,4,0.477992669333732,0.20967268111843462,0.5957379423881592,junior,6,4,10
T044,2026-04-20,16,,0,4,0.477992669333732,0.20967268111843462,0.5957379423881592,senior,8,13,21
T044,2026-04-27,17,,0,4,0.477992669333732,0.20967268111843462,0.5957379423881592,junior,7,9,16
T044,2026-04-27,17,,0,4,0.477992669333732,0.20967268111843462,0.5957379423881592,senior,9,10,19
T044,2026-05-04,18,,0,4,0.477992669333732,0.20967268111843462,0.5957379423881592,junior,7,6,13
T044,2026-05-04,18,,0,4,0.477992669333732,0.20967268111843462,0.5957379423881592,senior,8,7,15
T044,2026-05-11,19,,0,4,0.477992669333732,0.20967268111843462,0.5957379423881592,junior,3,4,7
T044,2026-05-11,19,,0,4,0.477992669333732,0.20967268111843462,0.5957379423881592,senior,5,11,16
T044,2026-05-18,20,,0,4,0.477992669333732,0.20967268111843462,0.5957379423881592,junior,2,5,7
T044,2026-05-18,20,,0,4,0.477992669333732,0.20967268111843462,0.5957379423881592,senior,6,12,18
T044,2026-05-25,21,,0,4,0.477992669333732,0.20967268111843462,0.5957379423881592,junior,9,7,16
T044,2026-05-25,21,,0,4,0.477992669333732,0.20967268111843462,0.5957379423881592,senior,4,9,13
T044,2026-06-01,22,,0,4,0.477992669333732,0.20967268111843462,0.5957379423881592,junior,5,5,10
T044,2026-06-01,22,,0,4,0.477992669333732,0.20967268111843462,0.5957379423881592,senior,3,11,14
T044,2026-06-08,23,,0,4,0.477992669333732,0.20967268111843462,0.5957379423881592,junior,1,7,8
T044,2026-06-08,23,,0,4,0.477992669333732,0.20967268111843462,0.5957379423881592,senior,9,7,16
T044,2026-06-15,24,,0,4,0.477992669333732,0.20967268111843462,0.5957379423881592,junior,4,5,9
T044,2026-06-15,24,,0,4,0.477992669333732,0.20967268111843462,0.5957379423881592,senior,12,9,21
T044,2026-06-22,25,,0,4,0.477992669333732,0.20967268111843462,0.5957379423881592,junior,1,5,6
T044,2026-06-22,25,,0,4,0.477992669333732,0.20967268111843462,0.5957379423881592,senior,6,10,16
T044,2026-06-29,26,,0,4,0.477992669333732,0.20967268111843462,0.5957379423881592,junior,1,5,6
T044,2026-06-29,26,,0,4,0.477992669333732,0.20967268111843462,0.5957379423881592,senior,4,8,12
T044,2026-07-06,27,,0,4,0.477992669333732,0.20967268111843462,0.5957379423881592,junior,3,3,6
T044,2026-07-06,27,,0,4,0.477992669333732,0.20967268111843462,0.5957379423881592,senior,9,3,12
T044,2026-07-13,28,,0,4,0.477992669333732,0.20967268111843462,0.5957379423881592,junior,2,8,10
T044,2026-07-13,28,,0,4,0.477992669333732,0.20967268111843462,0.5957379423881592,senior,9,8,17
T044,2026-07-20,29,,0,4,0.477992669333732,0.20967268111843462,0.5957379423881592,junior,2,4,6
T044,2026-07-20,29,,0,4,0.477992669333732,0.20967268111843462,0.5957379423881592,senior,11,14,25
T044,2026-07-27,30,,0,4,0.477992669333732,0.20967268111843462,0.5957379423881592,junior,7,4,11
T044,2026-07-27,30,,0,4,0.477992669333732,0.20967268111843462,0.5957379423881592,senior,7,8,15
T045,2026-01-05,1,18.0,0,7,0.5988389435429852,0.08809339317814147,1.8388377218618739,junior,9,11,20
T045,2026-01-05,1,18.0,0,7,0.5988389435429852,0.08809339317814147,1.8388377218618739,senior,11,8,19
T045,2026-01-12,2,18.0,0,7,0.5988389435429852,0.08809339317814147,1.8388377218618739,junior,11,4,15
T045,2026-01-12,2,18.0,0,7,0.5988389435429852,0.08809339317814147,1.8388377218618739,senior,12,18,30
T045,2026-01-19,3,18.0,0,7,0.5988389435429852,0.08809339317814147,1.8388377218618739,junior,8,15,23
T045,2026-01-19,3,18.0,0,7,0.5988389435429852,0.08809339317814147,1.8388377218618739,senior,12,22,34
T045,2026-01-26,4,18.0,0,7,0.5988389435429852,0.08809339317814147,1.8388377218618739,junior,9,10,19
T045,2026-01-26,4,18.0,0,7,0.5988389435429852,0.08809339317814147,1.8388377218618739,senior,28,20,48
T045,2026-02-02,5,18.0,0,7,0.5988389435429852,0.08809339317814147,1.8388377218618739,junior,6,12,18
T045,2026-02-02,5,18.0,0,7,0.5988389435429852,0.08809339317814147,1.8388377218618739,senior,12,12,24
T045,2026-02-09,6,18.0,0,7,0.5988389435429852,0.08809339317814147,1.8388377218618739,junior,5,11,16
T045,2026-02-09,6,18.0,0,7,0.5988389435429852,0.08809339317814147,1.8388377218618739,senior,14,7,21
T045,2026-02-16,7,18.0,0,7,0.5988389435429852,0.08809339317814147,1.8388377218618739,junior,3,7,10
T045,2026-02-16,7,18.0,0,7,0.5988389435429852,0.08809339317814147,1.8388377218618739,senior,12,16,28
T045,2026-02-23,8,18.0,0,7,0.5988389435429852,0.08809339317814147,1.8388377218618739,junior,6,9,15
T045,2026-02-23,8,18.0,0,7,0.5988389435429852,0.08809339317814147,1.8388377218618739,senior,11,14,25
T045,2026-03-02,9,18.0,0,7,0.5988389435429852,0.08809339317814147,1.8388377218618739,junior,7,9,16
T045,2026-03-02,9,18.0,0,7,0.5988389435429852,0.08809339317814147,1.8388377218618739,senior,11,19,30
T045,2026-03-09,10,18.0,0,7,0.5988389435429852,0.08809339317814147,1.8388377218618739,junior,17,11,28
T045,2026-03-09,10,18.0,0,7,0.5988389435429852,0.08809339317814147,1.8388377218618739,senior,16,22,38
T045,2026-03-16,11,18.0,0,7,0.5988389435429852,0.08809339317814147,1.8388377218618739,junior,9,11,20
T045,2026-03-16,11,18.0,0,7,0.5988389435429852,0.08809339317814147,1.8388377218618739,senior,11,17,28
T045,2026-03-23,12,18.0,0,7,0.5988389435429852,0.08809339317814147,1.8388377218618739,junior,10,6,16
T045,2026-03-23,12,18.0,0,7,0.5988389435429852,0.08809339317814147,1.8388377218618739,senior,13,8,21
T045,2026-03-30,13,18.0,0,7,0.5988389435429852,0.08809339317814147,1.8388377218618739,junior,7,9,16
T045,2026-03-30,13,18.0,0,7,0.5988389435429852,0.08809339317814147,1.8388377218618739,senior,17,24,41
T045,2026-04-06,14,18.0,0,7,0.5988389435429852,0.08809339317814147,1.8388377218618739,junior,6,10,16
T045,2026-04-06,14,18.0,0,7,0.5988389435429852,0.08809339317814147,1.8388377218618739,senior,16,17,33
T045,2026-04-13,15,18.0,0,7,0.5988389435429852,0.08809339317814147,1.8388377218618739,junior,7,14,21
T045,2026-04-13,15,18.0,0,7,0.5988389435429852,0.08809339317814147,1.8388377218618739,senior,8,13,21
T045,2026-04-20,16,18.0,0,7,0.5988389435429852,0.08809339317814147,1.8388377218618739,junior,7,6,13
T045,2026-04-20,16,18.0,0,7,0.5988389435429852,0.08809339317814147,1.8388377218618739,senior,17,19,36
T045,2026-04-27,17,18.0,0,7,0.5988389435429852,0.08809339317814147,1.8388377218618739,junior,5,4,9
T045,2026-04-27,17,18.0,0,7,0.5988389435429852,0.08809339317814147,1.8388377218618739,senior,5,10,15
T045,2026-05-04,18,18.0,1,7,0.5988389435429852,0.08809339317814147,1.8388377218618739,junior,14,18,32
T045,2026-05-04,18,18.0,1,7,0.5988389435429852,0.08809339317814147,1.8388377218618739,senior,17,16,33
T045,2026-05-11,19,18.0,1,7,0.5988389435429852,0.08809339317814147,1.8388377218618739,junior,9,12,21
T045,2026-05-11,19,18.0,1,7,0.5988389435429852,0.08809339317814147,1.8388377218618739,senior,17,16,33
T045,2026-05-18,20,18.0,1,7,0.5988389435429852,0.08809339317814147,1.8388377218618739,junior,15,13,28
T045,2026-05-18,20,18.0,1,7,0.5988389435429852,0.08809339317814147,1.8388377218618739,senior,14,18,32
T045,2026-05-25,21,18.0,1,7,0.5988389435429852,0.08809339317814147,1.8388377218618739,junior,7,13,20
T045,2026-05-25,21,18.0,1,7,0.5988389435429852,0.08809339317814147,1.8388377218618739,senior,13,10,23
T045,2026-06-01,22,18.0,1,7,0.5988389435429852,0.08809339317814147,1.8388377218618739,junior,15,20,35
T045,2026-06-01,22,18.0,1,7,0.5988389435429852,0.08809339317814147,1.8388377218618739,senior,13,14,27
T045,2026-06-08,23,18.0,1,7,0.5988389435429852,0.08809339317814147,1.8388377218618739,junior,9,21,30
T045,2026-06-08,23,18.0,1,7,0.5988389435429852,0.08809339317814147,1.8388377218618739,senior,15,18,33
T045,2026-06-15,24,18.0,1,7,0.5988389435429852,0.08809339317814147,1.8388377218618739,junior,7,10,17
T045,2026-06-15,24,18.0,1,7,0.5988389435429852,0.08809339317814147,1.8388377218618739,senior,4,11,15
T045,2026-06-22,25,18.0,1,7,0.5988389435429852,0.08809339317814147,1.8388377218618739,junior,14,20,34
T045,2026-06-22,25,18.0,1,7,0.5988389435429852,0.08809339317814147,1.8388377218618739,senior,10,16,26
T045,2026-06-29,26,18.0,1,7,0.5988389435429852,0.08809339317814147,1.8388377218618739,junior,14,16,30
T045,2026-06-29,26,18.0,1,7,0.5988389435429852,0.08809339317814147,1.8388377218618739,senior,15,15,30
T045,2026-07-06,27,18.0,1,7,0.5988389435429852,0.08809339317814147,1.8388377218618739,junior,11,22,33
T045,2026-07-06,27,18.0,1,7,0.5988389435429852,0.08809339317814147,1.8388377218618739,senior,6,12,18
T045,2026-07-13,28,18.0,1,7,0.5988389435429852,0.08809339317814147,1.8388377218618739,junior,8,8,16
T045,2026-07-13,28,18.0,1,7,0.5988389435429852,0.08809339317814147,1.8388377218618739,senior,14,12,26
T045,2026-07-20,29,18.0,1,7,0.5988389435429852,0.08809339317814147,1.8388377218618739,junior,15,15,30
T045,2026-07-20,29,18.0,1,7,0.5988389435429852,0.08809339317814147,1.8388377218618739,senior,16,26,42
T045,2026-07-27,30,18.0,1,7,0.5988389435429852,0.08809339317814147,1.8388377218618739,junior,12,12,24
T045,2026-07-27,30,18.0,1,7,0.5988389435429852,0.08809339317814147,1.8388377218618739,senior,8,15,23
T046,2026-01-05,1,17.0,0,10,0.3401660979088963,0.8404772588382761,-1.0431449433495328,junior,6,4,10
T046,2026-01-05,1,17.0,0,10,0.3401660979088963,0.8404772588382761,-1.0431449433495328,senior,5,2,7
T046,2026-01-12,2,17.0,0,10,0.3401660979088963,0.8404772588382761,-1.0431449433495328,junior,11,8,19
T046,2026-01-12,2,17.0,0,10,0.3401660979088963,0.8404772588382761,-1.0431449433495328,senior,5,9,14
T046,2026-01-19,3,17.0,0,10,0.3401660979088963,0.8404772588382761,-1.0431449433495328,junior,6,7,13
T046,2026-01-19,3,17.0,0,10,0.3401660979088963,0.8404772588382761,-1.0431449433495328,senior,3,5,8
T046,2026-01-26,4,17.0,0,10,0.3401660979088963,0.8404772588382761,-1.0431449433495328,junior,5,11,16
T046,2026-01-26,4,17.0,0,10,0.3401660979088963,0.8404772588382761,-1.0431449433495328,senior,10,3,13
T046,2026-02-02,5,17.0,0,10,0.3401660979088963,0.8404772588382761,-1.0431449433495328,junior,5,9,14
T046,2026-02-02,5,17.0,0,10,0.3401660979088963,0.8404772588382761,-1.0431449433495328,senior,7,4,11
T046,2026-02-09,6,17.0,0,10,0.3401660979088963,0.8404772588382761,-1.0431449433495328,junior,9,8,17
T046,2026-02-09,6,17.0,0,10,0.3401660979088963,0.8404772588382761,-1.0431449433495328,senior,4,6,10
T046,2026-02-16,7,17.0,0,10,0.3401660979088963,0.8404772588382761,-1.0431449433495328,junior,8,16,24
T046,2026-02-16,7,17.0,0,10,0.3401660979088963,0.8404772588382761,-1.0431449433495328,senior,2,5,7
T046,2026-02-23,8,17.0,0,10,0.3401660979088963,0.8404772588382761,-1.0431449433495328,junior,7,4,11
T046,2026-02-23,8,17.0,0,10,0.3401660979088963,0.8404772588382761,-1.0431449433495328,senior,6,6,12
T046,2026-03-02,9,17.0,0,10,0.3401660979088963,0.8404772588382761,-1.0431449433495328,junior,4,2,6
T046,2026-03-02,9,17.0,0,10,0.3401660979088963,0.8404772588382761,-1.0431449433495328,senior,4,7,11
T046,2026-03-09,10,17.0,0,10,0.3401660979088963,0.8404772588382761,-1.0431449433495328,junior,5,9,14
T046,2026-03-09,10,17.0,0,10,0.3401660979088963,0.8404772588382761,-1.0431449433495328,senior,2,6,8
T046,2026-03-16,11,17.0,0,10,0.3401660979088963,0.8404772588382761,-1.0431449433495328,junior,8,7,15
T046,2026-03-16,11,17.0,0,10,0.3401660979088963,0.8404772588382761,-1.0431449433495328,senior,2,1,3
T046,2026-03-23,12,17.0,0,10,0.3401660979088963,0.8404772588382761,-1.0431449433495328,junior,5,11,16
T046,2026-03-23,12,17.0,0,10,0.3401660979088963,0.8404772588382761,-1.0431449433495328,senior,4,9,13
T046,2026-03-30,13,17.0,0,10,0.3401660979088963,0.8404772588382761,-1.0431449433495328,junior,7,9,16
T046,2026-03-30,13,17.0,0,10,0.3401660979088963,0.8404772588382761,-1.0431449433495328,senior,3,8,11
T046,2026-04-06,14,17.0,0,10,0.3401660979088963,0.8404772588382761,-1.0431449433495328,junior,4,7,11
T046,2026-04-06,14,17.0,0,10,0.3401660979088963,0.8404772588382761,-1.0431449433495328,senior,3,6,9
T046,2026-04-13,15,17.0,0,10,0.3401660979088963,0.8404772588382761,-1.0431449433495328,junior,5,10,15
T046,2026-04-13,15,17.0,0,10,0.3401660979088963,0.8404772588382761,-1.0431449433495328,senior,8,4,12
T046,2026-04-20,16,17.0,0,10,0.3401660979088963,0.8404772588382761,-1.0431449433495328,junior,6,14,20
T046,2026-04-20,16,17.0,0,10,0.3401660979088963,0.8404772588382761,-1.0431449433495328,senior,5,2,7
T046,2026-04-27,17,17.0,1,10,0.3401660979088963,0.8404772588382761,-1.0431449433495328,junior,7,12,19
T046,2026-04-27,17,17.0,1,10,0.3401660979088963,0.8404772588382761,-1.0431449433495328,senior,3,5,8
T046,2026-05-04,18,17.0,1,10,0.3401660979088963,0.8404772588382761,-1.0431449433495328,junior,6,16,22
T046,2026-05-04,18,17.0,1,10,0.3401660979088963,0.8404772588382761,-1.0431449433495328,senior,5,4,9
T046,2026-05-11,19,17.0,1,10,0.3401660979088963,0.8404772588382761,-1.0431449433495328,junior,11,10,21
T046,2026-05-11,19,17.0,1,10,0.3401660979088963,0.8404772588382761,-1.0431449433495328,senior,4,7,11
T046,2026-05-18,20,17.0,1,10,0.3401660979088963,0.8404772588382761,-1.0431449433495328,junior,14,12,26
T046,2026-05-18,20,17.0,1,10,0.3401660979088963,0.8404772588382761,-1.0431449433495328,senior,5,4,9
T046,2026-05-25,21,17.0,1,10,0.3401660979088963,0.8404772588382761,-1.0431449433495328,junior,5,17,22
T046,2026-05-25,21,17.0,1,10,0.3401660979088963,0.8404772588382761,-1.0431449433495328,senior,0,0,0
T046,2026-06-01,22,17.0,1,10,0.3401660979088963,0.8404772588382761,-1.0431449433495328,junior,7,8,15
T046,2026-06-01,22,17.0,1,10,0.3401660979088963,0.8404772588382761,-1.0431449433495328,senior,2,1,3
T046,2026-06-08,23,17.0,1,10,0.3401660979088963,0.8404772588382761,-1.0431449433495328,junior,18,9,27
T046,2026-06-08,23,17.0,1,10,0.3401660979088963,0.8404772588382761,-1.0431449433495328,senior,1,1,2
T046,2026-06-15,24,17.0,1,10,0.3401660979088963,0.8404772588382761,-1.0431449433495328,junior,5,9,14
T046,2026-06-15,24,17.0,1,10,0.3401660979088963,0.8404772588382761,-1.0431449433495328,senior,4,10,14
T046,2026-06-22,25,17.0,1,10,0.3401660979088963,0.8404772588382761,-1.0431449433495328,junior,15,18,33
T046,2026-06-22,25,17.0,1,10,0.3401660979088963,0.8404772588382761,-1.0431449433495328,senior,2,3,5
T046,2026-06-29,26,17.0,1,10,0.3401660979088963,0.8404772588382761,-1.0431449433495328,junior,10,10,20
T046,2026-06-29,26,17.0,1,10,0.3401660979088963,0.8404772588382761,-1.0431449433495328,senior,5,6,11
T046,2026-07-06,27,17.0,1,10,0.3401660979088963,0.8404772588382761,-1.0431449433495328,junior,4,7,11
T046,2026-07-06,27,17.0,1,10,0.3401660979088963,0.8404772588382761,-1.0431449433495328,senior,3,3,6
T046,2026-07-13,28,17.0,1,10,0.3401660979088963,0.8404772588382761,-1.0431449433495328,junior,9,8,17
T046,2026-07-13,28,17.0,1,10,0.3401660979088963,0.8404772588382761,-1.0431449433495328,senior,1,6,7
T046,2026-07-20,29,17.0,1,10,0.3401660979088963,0.8404772588382761,-1.0431449433495328,junior,6,12,18
T046,2026-07-20,29,17.0,1,10,0.3401660979088963,0.8404772588382761,-1.0431449433495328,senior,4,6,10
T046,2026-07-27,30,17.0,1,10,0.3401660979088963,0.8404772588382761,-1.0431449433495328,junior,13,17,30
T046,2026-07-27,30,17.0,1,10,0.3401660979088963,0.8404772588382761,-1.0431449433495328,senior,6,3,9
T047,2026-01-05,1,10.0,0,5,0.3259601648442535,0.5230400793202482,2.0336086225100445,junior,15,20,35
T047,2026-01-05,1,10.0,0,5,0.3259601648442535,0.5230400793202482,2.0336086225100445,senior,3,3,6
T047,2026-01-12,2,10.0,0,5,0.3259601648442535,0.5230400793202482,2.0336086225100445,junior,14,29,43
T047,2026-01-12,2,10.0,0,5,0.3259601648442535,0.5230400793202482,2.0336086225100445,senior,3,8,11
T047,2026-01-19,3,10.0,0,5,0.3259601648442535,0.5230400793202482,2.0336086225100445,junior,31,16,47
T047,2026-01-19,3,10.0,0,5,0.3259601648442535,0.5230400793202482,2.0336086225100445,senior,9,9,18
T047,2026-01-26,4,10.0,0,5,0.3259601648442535,0.5230400793202482,2.0336086225100445,junior,13,17,30
T047,2026-01-26,4,10.0,0,5,0.3259601648442535,0.5230400793202482,2.0336086225100445,senior,8,9,17
T047,2026-02-02,5,10.0,0,5,0.3259601648442535,0.5230400793202482,2.0336086225100445,junior,20,16,36
T047,2026-02-02,5,10.0,0,5,0.3259601648442535,0.5230400793202482,2.0336086225100445,senior,3,8,11
T047,2026-02-09,6,10.0,0,5,0.3259601648442535,0.5230400793202482,2.0336086225100445,junior,14,18,32
T047,2026-02-09,6,10.0,0,5,0.3259601648442535,0.5230400793202482,2.0336086225100445,senior,7,6,13
T047,2026-02-16,7,10.0,0,5,0.3259601648442535,0.5230400793202482,2.0336086225100445,junior,16,16,32
T047,2026-02-16,7,10.0,0,5,0.3259601648442535,0.5230400793202482,2.0336086225100445,senior,12,12,24
T047,2026-02-23,8,10.0,0,5,0.3259601648442535,0.5230400793202482,2.0336086225100445,junior,8,9,17
T047,2026-02-23,8,10.0,0,5,0.3259601648442535,0.5230400793202482,2.0336086225100445,senior,4,7,11
T047,2026-03-02,9,10.0,0,5,0.3259601648442535,0.5230400793202482,2.0336086225100445,junior,17,22,39
T047,2026-03-02,9,10.0,0,5,0.3259601648442535,0.5230400793202482,2.0336086225100445,senior,6,8,14
T047,2026-03-09,10,10.0,1,5,0.3259601648442535,0.5230400793202482,2.0336086225100445,junior,16,16,32
T047,2026-03-09,10,10.0,1,5,0.3259601648442535,0.5230400793202482,2.0336086225100445,senior,4,12,16
T047,2026-03-16,11,10.0,1,5,0.3259601648442535,0.5230400793202482,2.0336086225100445,junior,14,15,29
T047,2026-03-16,11,10.0,1,5,0.3259601648442535,0.5230400793202482,2.0336086225100445,senior,7,10,17
T047,2026-03-23,12,10.0,1,5,0.3259601648442535,0.5230400793202482,2.0336086225100445,junior,14,17,31
T047,2026-03-23,12,10.0,1,5,0.3259601648442535,0.5230400793202482,2.0336086225100445,senior,5,9,14
T047,2026-03-30,13,10.0,1,5,0.3259601648442535,0.5230400793202482,2.0336086225100445,junior,14,21,35
T047,2026-03-30,13,10.0,1,5,0.3259601648442535,0.5230400793202482,2.0336086225100445,senior,13,9,22
T047,2026-04-06,14,10.0,1,5,0.3259601648442535,0.5230400793202482,2.0336086225100445,junior,16,20,36
T047,2026-04-06,14,10.0,1,5,0.3259601648442535,0.5230400793202482,2.0336086225100445,senior,6,4,10
T047,2026-04-13,15,10.0,1,5,0.3259601648442535,0.5230400793202482,2.0336086225100445,junior,17,18,35
T047,2026-04-13,15,10.0,1,5,0.3259601648442535,0.5230400793202482,2.0336086225100445,senior,4,9,13
T047,2026-04-20,16,10.0,1,5,0.3259601648442535,0.5230400793202482,2.0336086225100445,junior,22,24,46
T047,2026-04-20,16,10.0,1,5,0.3259601648442535,0.5230400793202482,2.0336086225100445,senior,5,9,14
T047,2026-04-27,17,10.0,1,5,0.3259601648442535,0.5230400793202482,2.0336086225100445,junior,13,18,31
T047,2026-04-27,17,10.0,1,5,0.3259601648442535,0.5230400793202482,2.0336086225100445,senior,12,6,18
T047,2026-05-04,18,10.0,1,5,0.3259601648442535,0.5230400793202482,2.0336086225100445,junior,14,17,31
T047,2026-05-04,18,10.0,1,5,0.3259601648442535,0.5230400793202482,2.0336086225100445,senior,7,7,14
T047,2026-05-11,19,10.0,1,5,0.3259601648442535,0.5230400793202482,2.0336086225100445,junior,14,24,38
T047,2026-05-11,19,10.0,1,5,0.3259601648442535,0.5230400793202482,2.0336086225100445,senior,1,9,10
T047,2026-05-18,20,10.0,1,5,0.3259601648442535,0.5230400793202482,2.0336086225100445,junior,27,19,46
T047,2026-05-18,20,10.0,1,5,0.3259601648442535,0.5230400793202482,2.0336086225100445,senior,5,7,12
T047,2026-05-25,21,10.0,1,5,0.3259601648442535,0.5230400793202482,2.0336086225100445,junior,19,25,44
T047,2026-05-25,21,10.0,1,5,0.3259601648442535,0.5230400793202482,2.0336086225100445,senior,4,3,7
T047,2026-06-01,22,10.0,1,5,0.3259601648442535,0.5230400793202482,2.0336086225100445,junior,21,19,40
T047,2026-06-01,22,10.0,1,5,0.3259601648442535,0.5230400793202482,2.0336086225100445,senior,11,8,19
T047,2026-06-08,23,10.0,1,5,0.3259601648442535,0.5230400793202482,2.0336086225100445,junior,24,25,49
T047,2026-06-08,23,10.0,1,5,0.3259601648442535,0.5230400793202482,2.0336086225100445,senior,9,8,17
T047,2026-06-15,24,10.0,1,5,0.3259601648442535,0.5230400793202482,2.0336086225100445,junior,17,22,39
T047,2026-06-15,24,10.0,1,5,0.3259601648442535,0.5230400793202482,2.0336086225100445,senior,8,6,14
T047,2026-06-22,25,10.0,1,5,0.3259601648442535,0.5230400793202482,2.0336086225100445,junior,25,27,52
T047,2026-06-22,25,10.0,1,5,0.3259601648442535,0.5230400793202482,2.0336086225100445,senior,9,10,19
T047,2026-06-29,26,10.0,1,5,0.3259601648442535,0.5230400793202482,2.0336086225100445,junior,27,26,53
T047,2026-06-29,26,10.0,1,5,0.3259601648442535,0.5230400793202482,2.0336086225100445,senior,11,12,23
T047,2026-07-06,27,10.0,1,5,0.3259601648442535,0.5230400793202482,2.0336086225100445,junior,13,20,33
T047,2026-07-06,27,10.0,1,5,0.3259601648442535,0.5230400793202482,2.0336086225100445,senior,5,6,11
T047,2026-07-13,28,10.0,1,5,0.3259601648442535,0.5230400793202482,2.0336086225100445,junior,12,13,25
T047,2026-07-13,28,10.0,1,5,0.3259601648442535,0.5230400793202482,2.0336086225100445,senior,5,2,7
T047,2026-07-20,29,10.0,1,5,0.3259601648442535,0.5230400793202482,2.0336086225100445,junior,15,23,38
T047,2026-07-20,29,10.0,1,5,0.3259601648442535,0.5230400793202482,2.0336086225100445,senior,7,7,14
T047,2026-07-27,30,10.0,1,5,0.3259601648442535,0.5230400793202482,2.0336086225100445,junior,17,22,39
T047,2026-07-27,30,10.0,1,5,0.3259601648442535,0.5230400793202482,2.0336086225100445,senior,15,10,25
T048,2026-01-05,1,15.0,0,11,0.9323672645784594,0.6775689594912062,1.5369869348558842,junior,11,13,24
T048,2026-01-05,1,15.0,0,11,0.9323672645784594,0.6775689594912062,1.5369869348558842,senior,4,7,11
T048,2026-01-12,2,15.0,0,11,0.9323672645784594,0.6775689594912062,1.5369869348558842,junior,14,12,26
T048,2026-01-12,2,15.0,0,11,0.9323672645784594,0.6775689594912062,1.5369869348558842,senior,7,7,14
T048,2026-01-19,3,15.0,0,11,0.9323672645784594,0.6775689594912062,1.5369869348558842,junior,20,19,39
T048,2026-01-19,3,15.0,0,11,0.9323672645784594,0.6775689594912062,1.5369869348558842,senior,10,15,25
T048,2026-01-26,4,15.0,0,11,0.9323672645784594,0.6775689594912062,1.5369869348558842,junior,13,17,30
T048,2026-01-26,4,15.0,0,11,0.9323672645784594,0.6775689594912062,1.5369869348558842,senior,12,7,19
T048,2026-02-02,5,15.0,0,11,0.9323672645784594,0.6775689594912062,1.5369869348558842,junior,23,27,50
T048,2026-02-02,5,15.0,0,11,0.9323672645784594,0.6775689594912062,1.5369869348558842,senior,8,5,13
T048,2026-02-09,6,15.0,0,11,0.9323672645784594,0.6775689594912062,1.5369869348558842,junior,12,24,36
T048,2026-02-09,6,15.0,0,11,0.9323672645784594,0.6775689594912062,1.5369869348558842,senior,10,14,24
T048,2026-02-16,7,15.0,0,11,0.9323672645784594,0.6775689594912062,1.5369869348558842,junior,13,16,29
T048,2026-02-16,7,15.0,0,11,0.9323672645784594,0.6775689594912062,1.5369869348558842,senior,8,14,22
T048,2026-02-23,8,15.0,0,11,0.9323672645784594,0.6775689594912062,1.5369869348558842,junior,17,17,34
T048,2026-02-23,8,15.0,0,11,0.9323672645784594,0.6775689594912062,1.5369869348558842,senior,2,16,18
T048,2026-03-02,9,15.0,0,11,0.9323672645784594,0.6775689594912062,1.5369869348558842,junior,19,24,43
T048,2026-03-02,9,15.0,0,11,0.9323672645784594,0.6775689594912062,1.5369869348558842,senior,12,8,20
T048,2026-03-09,10,15.0,0,11,0.9323672645784594,0.6775689594912062,1.5369869348558842,junior,11,19,30
T048,2026-03-09,10,15.0,0,11,0.9323672645784594,0.6775689594912062,1.5369869348558842,senior,6,14,20
T048,2026-03-16,11,15.0,0,11,0.9323672645784594,0.6775689594912062,1.5369869348558842,junior,12,24,36
T048,2026-03-16,11,15.0,0,11,0.9323672645784594,0.6775689594912062,1.5369869348558842,senior,8,11,19
T048,2026-03-23,12,15.0,0,11,0.9323672645784594,0.6775689594912062,1.5369869348558842,junior,13,12,25
T048,2026-03-23,12,15.0,0,11,0.9323672645784594,0.6775689594912062,1.5369869348558842,senior,8,17,25
T048,2026-03-30,13,15.0,0,11,0.9323672645784594,0.6775689594912062,1.5369869348558842,junior,12,24,36
T048,2026-03-30,13,15.0,0,11,0.9323672645784594,0.6775689594912062,1.5369869348558842,senior,12,6,18
T048,2026-04-06,14,15.0,0,11,0.9323672645784594,0.6775689594912062,1.5369869348558842,junior,14,12,26
T048,2026-04-06,14,15.0,0,11,0.9323672645784594,0.6775689594912062,1.5369869348558842,senior,8,11,19
T048,2026-04-13,15,15.0,1,11,0.9323672645784594,0.6775689594912062,1.5369869348558842,junior,8,14,22
T048,2026-04-13,15,15.0,1,11,0.9323672645784594,0.6775689594912062,1.5369869348558842,senior,9,11,20
T048,2026-04-20,16,15.0,1,11,0.9323672645784594,0.6775689594912062,1.5369869348558842,junior,31,25,56
T048,2026-04-20,16,15.0,1,11,0.9323672645784594,0.6775689594912062,1.5369869348558842,senior,12,7,19
T048,2026-04-27,17,15.0,1,11,0.9323672645784594,0.6775689594912062,1.5369869348558842,junior,26,24,50
T048,2026-04-27,17,15.0,1,11,0.9323672645784594,0.6775689594912062,1.5369869348558842,senior,6,10,16
T048,2026-05-04,18,15.0,1,11,0.9323672645784594,0.6775689594912062,1.5369869348558842,junior,17,19,36
T048,2026-05-04,18,15.0,1,11,0.9323672645784594,0.6775689594912062,1.5369869348558842,senior,14,18,32
T048,2026-05-11,19,15.0,1,11,0.9323672645784594,0.6775689594912062,1.5369869348558842,junior,16,19,35
T048,2026-05-11,19,15.0,1,11,0.9323672645784594,0.6775689594912062,1.5369869348558842,senior,7,8,15
T048,2026-05-18,20,15.0,1,11,0.9323672645784594,0.6775689594912062,1.5369869348558842,junior,14,19,33
T048,2026-05-18,20,15.0,1,11,0.9323672645784594,0.6775689594912062,1.5369869348558842,senior,5,6,11
T048,2026-05-25,21,15.0,1,11,0.9323672645784594,0.6775689594912062,1.5369869348558842,junior,17,22,39
T048,2026-05-25,21,15.0,1,11,0.9323672645784594,0.6775689594912062,1.5369869348558842,senior,9,13,22
T048,2026-06-01,22,15.0,1,11,0.9323672645784594,0.6775689594912062,1.5369869348558842,junior,17,24,41
T048,2026-06-01,22,15.0,1,11,0.9323672645784594,0.6775689594912062,1.5369869348558842,senior,7,14,21
T048,2026-06-08,23,15.0,1,11,0.9323672645784594,0.6775689594912062,1.5369869348558842,junior,19,16,35
T048,2026-06-08,23,15.0,1,11,0.9323672645784594,0.6775689594912062,1.5369869348558842,senior,4,9,13
T048,2026-06-15,24,15.0,1,11,0.9323672645784594,0.6775689594912062,1.5369869348558842,junior,17,21,38
T048,2026-06-15,24,15.0,1,11,0.9323672645784594,0.6775689594912062,1.5369869348558842,senior,4,5,9
T048,2026-06-22,25,15.0,1,11,0.9323672645784594,0.6775689594912062,1.5369869348558842,junior,19,20,39
T048,2026-06-22,25,15.0,1,11,0.9323672645784594,0.6775689594912062,1.5369869348558842,senior,5,7,12
T048,2026-06-29,26,15.0,1,11,0.9323672645784594,0.6775689594912062,1.5369869348558842,junior,21,14,35
T048,2026-06-29,26,15.0,1,11,0.9323672645784594,0.6775689594912062,1.5369869348558842,senior,2,7,9
T048,2026-07-06,27,15.0,1,11,0.9323672645784594,0.6775689594912062,1.5369869348558842,junior,11,21,32
T048,2026-07-06,27,15.0,1,11,0.9323672645784594,0.6775689594912062,1.5369869348558842,senior,10,12,22
T048,2026-07-13,28,15.0,1,11,0.9323672645784594,0.6775689594912062,1.5369869348558842,junior,10,13,23
T048,2026-07-13,28,15.0,1,11,0.9323672645784594,0.6775689594912062,1.5369869348558842,senior,7,6,13
T048,2026-07-20,29,15.0,1,11,0.9323672645784594,0.6775689594912062,1.5369869348558842,junior,20,24,44
T048,2026-07-20,29,15.0,1,11,0.9323672645784594,0.6775689594912062,1.5369869348558842,senior,6,12,18
T048,2026-07-27,30,15.0,1,11,0.9323672645784594,0.6775689594912062,1.5369869348558842,junior,16,26,42
T048,2026-07-27,30,15.0,1,11,0.9323672645784594,0.6775689594912062,1.5369869348558842,senior,15,8,23
